:100000000C94E5740C9400000C9400000C94000017
:100010000C9400000C9400000C9400000C94000060
:100020000C9400000C9400000C9400000C94000050
:100030000C9400000C9400000C9400000C94000040
:100040000C9400000C9400000C9400000C94000030
:100050000C9400000C9400000C9400000C94000020
:100060000C9400000C9400000C9400000C94000010
:100070000C9400000C9400000C9400000C94000000
:100080000C9400000C9400000C9400000C940000F0
:100090000C9400000C9400000C9400000C940000E0
:1000A0000C9400000C9400000C9400000C940000D0
:1000B0000C9400000C9400000C9400000C940000C0
:1000C0000C9400000C9400000C9400000C940000B0
:1000D0000C9400000C9400000C9400000C940000A0
:1000E0000C9400000C9400000C9400000C94000090
:1000F0000C9400000C9400000C9400000C94000080
:100100000C9400000C9400000C9400000C9400006F
:100110000C9400000C9400000C9400000C9400005F
:100120000C9400000C9400000C9400000C9400004F
:100130000C9400000C9400000C9400000C9400003F
:100140000C9400000C9400000C9400000C9400002F
:100150000C9400000C9400000C9400000C9400001F
:100160000C9400000C9400000C9400000C9400000F
:100170000C9400000C9400000C9400000C940000FF
:100180000C9400000C9400000C9400000C940000EF
:100190000C9400000C94000000000000000000001F
:1001A0000C9400000C9400000C9400000C940000CF
:1001B0000C9400000C9400000C9400000C940000BF
:1001C0000C9400000C9400000C9400000C940000AF
:1001D0000C9400000C9400000C9400000C9400009F
:1001E0000C9400000C9400000C9400000C9400008F
:0401F0000C9400006B
:10E9CA00BFEFBDBFBFE3BEBF0E94EF7486DFB5DFF6
:04E9DA00FECFFFCF9E
:10E8E4002F923F92D3DAE0DA23EA17E503E00A95A0
:10E8F400F1F71A95E1F72A95D1F700002224332481
:10E9040053DA0E94505F222433244EDA0E9481603D
:10E914000091C2231091C3230093642710936527A9
:10E924000091C4231091C523009362271093632799
:10E93400B0EC2B2EB3E23B2E15DE3F902F900895C2
:00E94400D3
:10DE9000B2E0B0935000B0915100B1FD01C0FBCF92
:0CDEA000B8EDB4BFB1E0B09340000895AD
:10DEAC002F923F924F925F926F927F920E942951D4
:10DEBC000E94B350B0EF4B2EB0E05B2EB0E42B2E93
:10DECC00B1E03B2E0E94BC50B2E07B2EB1E06B2E39
:10DEDC00B0EF4B2EB0E05B2EB0E42B2EB1E03B2E1E
:10DEEC000E944551BCEB2B2EB2E03B2E0E945952A6
:10DEFC00B0E0B093F121B0E0B093D521B093D6212E
:10DF0C00BFEFB093D821B093D9217F906F905F90E1
:08DF1C004F903F902F900895F3
:10A252002F923F924F925F92B0E0B0930006B0E02F
:10A26200B0930406B0E24B2EB0E05B2EB0E12B2E91
:10A27200B0E03B2E0E942033B2E0B09304025F9024
:08A282004F903F902F900895CA
:10664000BAE5B093D221B0E3B093D32120920102F6
:0C66500040920202B1E0B09300020895F5
:10A16600B0E0B0933420B0933520B0E0B0933920FE
:02A1760008954A
:10A178002F923F924F925F926F927F928F920E949E
:10A18800F832013091F0B7EEB093F821B1E3B09313
:10A19800F921B4E0B093FA21B2E3B093FB21B5E220
:10A1A800B0933622B0E5B09337222092F621309250
:10A1B800F72140923222509233222414350420F0A1
:10A1C800B0E0B093332003C0BAE5B0933320B1E0D8
:10A1D8004B2E2224332423D977248824662455241B
:10A1E800332444242224B0E0BF93BF93FCD8ADB7F6
:10A1F800BEB71296ADBFBEBF4424552422243324D3
:10A208000E94FA44B0E0B093FD21BFEFB09320075D
:10A218000E94CF46BCE3B0933822BEE4B093392203
:10A228008F907F906F905F904F903F902F90089500
:00A2380026
:0665F00000913420089523
:0E9426002092292230922A224092D4210895C9
:1093EE00CF93DF93CDB7DEB72696088119812092F1
:1093FE002B22309221224092222250922C226092D5
:10940E002F2270922D2280922E22009323221093CF
:08941E002422DF91CF91089593
:1089F4002092252230922622409227225092282229
:028A04000895D3
:108D9E002F92B0910407BD7FB0930407B0910007E6
:108DAE00B260B0930007B0910407B061B0930407AE
:108DBE00B0910007B061B0930007B0910407B062A4
:108DCE00B0930407B0910007B062B0930007B09162
:108DDE000007B460B0930007B0910007B860B0937D
:108DEE000007B0910407B460B0930407B091040774
:108DFE00B860B09304070E94FA31B0910407B260D4
:108E0E00B09304070E94FA310E94FA31B091040720
:108E1E00BF7DB0930407B1E02B2EE091F821F091C5
:108E2E00F92109950E94CE31B8E22B2EE091F8215E
:108E3E00F091F9210995BFEC2B2EE091F821F091DC
:108E4E00F92109952224E091FA21F091FB2109954F
:108E5E00B3E82B2EE091FA21F091FB210995B0E3B6
:108E6E002B2EE091FA21F091FB210995BDEE2B2ED0
:108E7E00E091F821F091F9210995B4E62B2EE091BD
:108E8E00FA21F091FB210995B3E02B2EE091FA2106
:108E9E00F091FB210995B2E12B2EE091FA21F09190
:108EAE00FB210995B1E82B2EE091FA21F091FB21DF
:108EBE000995B8EE2B2EE091F821F091F921099544
:108ECE00B5E82B2EE091FA21F091FB210995B1E046
:108EDE002B2EE091FA21F091FB210995B9E72B2E6B
:108EEE00E091FA21F091FB210995BBEC2B2EE0913C
:108EFE00F821F091F9210995B9E32B2EE091FA2191
:108F0E00F091FB210995BCE22B2EE091FA21F09114
:108F1E00FB2109952224E091FA21F091FB2109957C
:108F2E00B4E32B2EE091FA21F091FB210995B2E0EA
:108F3E002B2EE091FA21F091FB210995B7EF2B2E04
:108F4E00E091F821F091F9210995B0E22B2EE091F4
:108F5E00FA21F091FB210995BAEE2B2EE091F82122
:108F6E00F091F92109952224E091FA21F091FB214B
:108F7E0009952224E091FA21F091FB210995B0EC9C
:108F8E002B2EE091F821F091F9210995B6E22B2EC6
:108F9E00E091FA21F091FB210995B1EC2B2EE09195
:108FAE00F821F091F9210995B1E12B2EE091FA21EA
:108FBE00F091FB210995B5EC2B2EE091F821F09163
:108FCE00F9210995B5E32B2EE091FA21F091FB21C1
:108FDE000995BEE32B2EE091FA21F091FB21099524
:108FEE00B7EC2B2EE091F821F091F9210995BEEB0B
:108FFE002B2EE091FA21F091FB210995B6E32B2E51
:10900E00E091F821F091F9210995009133200A356C
:10901E00A1F40E94CB31002341F0B8E82B2EE09151
:10902E00FA21F091FB21099507C0B8E42B2EE091AF
:10903E00FA21F091FB21099513C00E94CB31002338
:10904E0041F0B8EE2B2EE091FA21F091FB2109951B
:10905E0007C0B8E22B2EE091FA21F091FB21099581
:10906E00BAE32B2EE091F821F091F9210995B5E59F
:10907E002B2EE091FA21F091FB210995B1EB2B2ECD
:10908E00E091F821F091F92109952224E091FA213D
:10909E00F091FB210995BBE12B2EE091FA21F09185
:1090AE00FB210995B2EF2B2EE091F821F091F921D9
:1090BE000995B8E02B2EE091FA21F091FB2109954C
:1090CE00B6E22B2EE091F821F091F9210995B1E04D
:1090DE002B2EE091FA21F091FB210995B0EE2B2E6B
:1090EE00E091F821F091F9210995BFE12B2EE09145
:1090FE00FA21F091FB210995BAE12B2EE091FA218C
:10910E00F091FB210995B8E12B2EE091FA21F09117
:10911E00FB210995BAE02B2EE091FA21F091FB216B
:10912E000995BFE02B2EE091FA21F091FB210995D4
:10913E00B6E02B2EE091FA21F091FB210995B5E4D2
:10914E002B2EE091FA21F091FB210995B7E82B2EF9
:10915E00E091FA21F091FB210995B2E32B2EE091DB
:10916E00FA21F091FB210995BAE02B2EE091FA211C
:10917E00F091FB210995B7E02B2EE091FA21F091A9
:10918E00FB210995B2E02B2EE091FA21F091FB2103
:10919E000995B7E02B2EE091FA21F091FB2109956C
:1091AE00B5E02B2EE091FA21F091FB2109952224B6
:1091BE00E091FA21F091FB210995B1EE2B2EE09171
:1091CE00F821F091F92109952224E091FA21F091EC
:1091DE00FB210995B5E22B2EE091FA21F091FB21AE
:1091EE000995B7E22B2EE091FA21F091FB2109951A
:1091FE00B5E02B2EE091FA21F091FB210995B0E11B
:10920E002B2EE091FA21F091FB210995B9E02B2E3E
:10921E00E091FA21F091FB210995BAE32B2EE09112
:10922E00FA21F091FB210995B8E72B2EE091FA2156
:10923E00F091FB210995BDE42B2EE091FA21F091DE
:10924E00FB210995B5E02B2EE091FA21F091FB213F
:10925E000995B8E12B2EE091FA21F091FB210995A9
:10926E00BDE02B2EE091FA21F091FB210995B8E398
:10927E002B2EE091FA21F091FB210995BAE32B2ECA
:10928E00E091FA21F091FB210995BFE12B2EE0919F
:10929E00FA21F091FB210995BAE22B2EE091F821EB
:1092AE00F091F92109952224E091FA21F091FB2108
:1092BE0009952224E091FA21F091FB210995009164
:1092CE00F6211091F72101501040012F10E0202EB1
:1092DE00E091FA21F091FB2109950091F6210150C0
:1092EE00202EE091FA21F091FB210995BBE22B2E65
:1092FE00E091F821F091F92109952224E091FA21CB
:10930E00F091FB2109952224E091FA21F091FB21A5
:10931E000995009132221091332201501040012FF5
:10932E0010E0202EE091FA21F091FB210995009199
:10933E0032220150202EE091FA21F091FB21099565
:10934E00B7EB2B2EE091F821F091F9210995B7E0BA
:10935E002B2EE091FA21F091FB210995B6EB2B2EE5
:10936E00E091F821F091F9210995BAE02B2EE091C8
:10937E00FA21F091FB210995B2E82B2EE091FA210A
:10938E00F091FB210995B7E22B2EE091FA21F09195
:10939E00FB2109952224E091FA21F091FB210995F8
:1093AE00B1E12B2EE091F821F091F92109950E945F
:1093BE00FA31B9E22B2EE091F821F091F9210995BD
:1093CE000E94FA31BCE22B2EE091F821F091F921A6
:1093DE000995B0910407B062B09304072F900895D9
:0093EE007F
:1063F40021E11CE30CEC0A95F1F71A95E1F72A95D3
:04640400D1F708952F
:1063CE00B0910407BF7EB093040720922407B091CA
:1063DE000407B77FB09304070000B0910407B860BC
:0663EE00B09304070895BE
:10640800B0910407B061B093040720922407B091BB
:106418000407B77FB09304070000B0910407B86081
:06642800B0930407089583
:10634C000E9493290E949329B0910407BF7DB093BA
:10635C000407B0910407B460B0930407B09104072C
:10636C00BF7EB093040720922407B0910407B77F37
:10637C00B0930407B0910407B860B0930407B091D0
:0A638C000407B062B09304070895FF
:0C5326000AE00A95F1F70000000008956D
:10630200B0910407BF7DB0930407B0910407B46055
:10631200B0930407B0910407B061B09304072092D0
:106322002407B0910407B77FB0930407B091040724
:10633200B860B0930407B0910407B062B093040749
:0A6342000E9493290E9493290895F8
:10639C0010ED0AEC0A95F1F71A95E1F70000089553
:0063AC00F1
:0663960000913220089581
:10A28A00B091C407BB7FB093C407B091C007B46054
:10A29A00B093C007B091C407B77FB093C407B09119
:10A2AA00C007B860B093C007B0910006BB7FB093F7
:10A2BA000006B0910006BD7FB0930006B4E8B093E3
:10A2CA000A22B3E0B0930B2220920E2230920F2280
:10A2DA0040920C2250920D2260921A227092FC2116
:10A2EA00B0E0B0931022B0931122B0E0B0931222E2
:06A2FA00B0931322089549
:0AA4B20020920A2230920B22089536
:10DDAC004F925F926F927F928F929F92B0910407E5
:10DDBC00BF7DB09304070E9480510023E1F02091B5
:10DDCC00322230913322215030400091F6211091B3
:10DDDC00F721015010403F922F9249013801442401
:10DDEC00552422243324E0913422F09135220995D4
:10DDFC002F903F900DC03F922F9244245524222403
:10DE0C003324E0913822F091392209952F903F90DC
:10DE1C0020E030E00091322210913322201731079C
:10DE2C0028F500E010E0A8010091F6211091F721EF
:10DE3C0040175107B0F43F932F935F934F933F924A
:10DE4C002F92E0913622F091372209952F903F9036
:10DE5C004F915F912F913F918A010F5F1F4FA80146
:10DE6C00E3CF89010F5F1F4F9801D4CFB091040706
:10DE7C00B062B09304079F908F907F906F905F90EB
:04DE8C004F90089516
:06A30000009136200895D3
:10A30600CF93DF93CDB7DEB72897CDBFDEBF2196BB
:10A316002F923F922091F6213091F72100EE11E025
:10A326000217130750F0209132223091332200EEAB
:10A3360011E00217130708F005C060E273E040EE73
:10A3460051E004C060EE71E040E151E0009133203D
:10A356000A3541F50E94CB31002391F09B01215033
:10A3660030408901081919090883198389010419DC
:10A3760015090A831B832C823D826E827F8211C05F
:10A38600488259828A829B829A01215030408901F3
:10A39600061917090C831D838901021913090E83F7
:10A3A6001F8327C00E94CB310023D9F09B01215087
:10A3B6003040890106191709088319838901021992
:10A3C60013090A831B839A01215030408901081919
:10A3D60019090C831D838901041915090E831F832E
:10A3E60008C0288239826A827B824C825D828E8294
:10A3F6009F82BAE22B2EE091F821F091F92109957E
:10A4060008811981012F10E0202EE091FA21F091A8
:10A41600FB2109952880E091FA21F091FB2109950D
:10A426000A811B81012F10E0202EE091FA21F09184
:10A43600FB2109952A80E091FA21F091FB210995EB
:10A44600BBE22B2EE091F821F091F92109950C81C0
:10A456001D81012F10E0202EE091FA21F091FB21C1
:10A4660009952C80E091FA21F091FB2109950E8146
:10A476001F81012F10E0202EE091FA21F091FB219F
:10A4860009952E80E091FA21F091FB210995BCE215
:10A496002B2EE091F821F091F92109953F902F900C
:0CA4A6002796CDBFDEBFDF91CF91089557
:109D02002F923F925F924F923F922F92B2E02B2E70
:109D1200E091F821F091F92109952F903F90032DC0
:109D220010E03F922F92202EE091FA21F091FB2138
:109D32000995B3E02B2EE091F821F091F9210995D4
:109D42002F903F90E091FA21F091FB210995B6E026
:109D52002B2EE091F821F091F92109954F905F9017
:109D6200052D10E05F924F92202EE091FA21F091A2
:109D7200FB210995B7E02B2EE091F821F091F92112
:109D820009954F905F90242CE091FA21F091FB21EC
:109D92000995B2E22B2EE091F821F091F921099573
:069DA2003F902F90089590
:109DA800CF93DF93CDB7DEB72497CDBFDEBF219623
:109DB8002F923F92288239824A825B82BAE22B2E06
:109DC800E091F821F091F92109958E01F801319679
:109DD8000081202EE091FA21F091FB21099528803D
:109DE800E091FA21F091FB210995BBE22B2EE0913D
:109DF800F821F091F92109958E010E5F1F4FF801A6
:109E080031960081202EE091FA21F091FB210995ED
:109E18002A80E091FA21F091FB210995BCE22B2ED2
:109E2800E091F821F091F92109953F902F90239620
:0A9E3800CDBFDEBFDF91CF9108958A
:109BEE002F923F925F924F923F922F92BAE22B2E7C
:109BFE00E091F821F091F92109952F903F90032DD6
:109C0E0010E03F922F92202EE091FA21F091FB214D
:109C1E0009952F903F90E091FA21F091FB21099543
:109C2E00BBE22B2EE091F821F091F92109954F908E
:109C3E005F90052D10E05F924F92202EE091FA2159
:109C4E00F091FB2109954F905F90242CE091FA2121
:109C5E00F091FB210995BCE22B2EE091F821F091B9
:0A9C6E00F92109953F902F90089509
:109C78002F923F925F924F923F922F92BAE22B2EF1
:109C8800E091F821F091F92109952F903F90032D4B
:109C980010E03F922F92202EE091FA21F091FB21C3
:109CA80009952F903F90E091FA21F091FB210995B9
:109CB800BBE22B2EE091F821F091F92109954F9004
:109CC8005F90052D10E05F924F92202EE091FA21CF
:109CD800F091FB2109954F905F90242CE091FA2197
:109CE800F091FB210995BCE22B2EE091F821F0912F
:0A9CF800F92109953F902F9008957F
:109E42002F923F925F924F923F922F92BAE22B2E25
:109E5200E091F821F091F92109952F903F90032D7F
:109E620010E03F922F92202EE091FA21F091FB21F7
:109E720009952F903F90E091FA21F091FB210995ED
:109E8200BBE22B2EE091F821F091F92109954F9038
:109E92005F90052D10E05F924F92202EE091FA2103
:109EA200F091FB2109954F905F90242CE091FA21CB
:109EB200F091FB210995BCE22B2EE091F821F09163
:0A9EC200F92109953F902F900895B3
:10A04A00CF93DF93CDB7DEB72297CDBFDEBF219680
:10A05A0028823982B0910407B061B09304078E0157
:10A06A00F8013196008100932407B0910407B77F65
:10A07A00B09304070000B0910407B860B0930407D6
:10A08A00FE01008100932407B0910407B77FB093C3
:10A09A0004070000B0910407B860B0930407219642
:0AA0AA00CDBFDEBFDF91CF91089516
:10A0B4002F923F92BBE0810116950795BA95E1F77F
:10A0C400102F012F000F000F000F102FB7E0012FEA
:10A0D4000695BA95E9F7013029F4012F095F102F8D
:10A0E400012F01C0012F3F922F92202E0E94813117
:10A0F4002F903F90B5E0810116950795BA95E1F749
:10A10400102F012F000F000F102FB7E0012F06951D
:10A11400BA95E9F7013029F4012F0D5F102F012FB3
:10A1240001C0012F3F922F92202E0E9481312F9047
:10A134003F90022D000F000F000F102FB7E0012FEA
:10A144000695BA95E9F7013029F4012F095F102F1C
:10A15400012F01C0012F202E0E9481313F902F90AA
:02A1640008955C
:10BEA0002F923F924F925F926F927F928F929F92CA
:10BEB000B3E04B2EBFEF2B2E3B2E0E94134A88245B
:10BEC000BFEF6B2E7B2EB4EF2B2EB1E03B2EB0E0FC
:10BED0004B2E542C0E94664FB0E56B2EB0E07B2EAB
:10BEE000B2E34B2EB0E05B2EBCE52B2EB0E23B2E36
:10BEF0000E94BF4FBFEE8B2EB0E09B2EBFE36B2E98
:10BF0000B1E07B2EBFEE4B2EB0E05B2EBBE32B2EC1
:10BF1000B1E03B2E0E946B52BFEE8B2EB0E09B2E09
:10BF2000BFE36B2EB1E07B2EB5EE4B2EB0E05B2E67
:10BF3000B5E32B2EB1E03B2E0E946B52BFEE8B2E51
:10BF4000B0E09B2EBFE36B2EB1E07B2EBAEE4B2E02
:10BF5000B0E05B2EBFE32B2EB1E03B2E0E946B5274
:10BF6000BCED6B2EB0E07B2EBBEE4B2EB0E05B2E1B
:10BF7000B1E52B2EB0E23B2E0E94BF4FABDA22E59B
:10BF80001BE200E00A95F1F71A95E1F72A95D1F73F
:10BF90000000000000000000B3E04B2E22243324F8
:10BFA0000E94134A882466247724B4EF2B2EB1E034
:10BFB0003B2EB0E04B2E542C0E94664FBFEE8B2ED2
:10BFC000B0E09B2EBFE36B2EB1E07B2EBFEE4B2E7D
:10BFD000B0E05B2EBBE32B2EB1E03B2E0E946B52F8
:10BFE000BFEE8B2EB0E09B2EBFE36B2EB1E07B2E1D
:10BFF000B5EE4B2EB0E05B2EB5E32B2EB1E03B2E21
:10C000000E946B52BFEE8B2EB0E09B2EBFE36B2ED7
:10C01000B1E07B2EBAEE4B2EB0E05B2EBFE32B2EB1
:10C02000B1E03B2E0E946B52BCED6B2EB0E07B2E3C
:10C03000BBEE4B2EB0E05B2EB4E42B2EB0E23B2ED9
:10C040000E94BF4FB3E04B2EBFEF2B2E3B2E0E9422
:10C05000134A8824BFEF6B2E7B2EB4EF2B2EB1E05A
:10C060003B2EB0E04B2E542C0E94664FB5E06B2E59
:10C07000B0E07B2EB4E14B2EB0E05B2EBAE32B2E6A
:10C08000B0E23B2E0E94BF4F88249924B5E06B2E6E
:10C09000B0E07B2E44245524222433240E946B528A
:10C0A000B5E08B2EB0E09B2E6624772444245524E3
:10C0B000222433240E946B52BAE08B2EB0E09B2ED8
:10C0C000BAE06B2EB0E07B2E442455242224332486
:10C0D0000E946B5211DA22E51BE200E00A95F1F7AB
:10C0E0001A95E1F72A95D1F7000000000000000042
:10C0F0009F908F907F906F905F904F903F902F9088
:02C100000895A0
:109ECC0020923A2230923B2240923C2250923D22E8
:109EDC00810192010E5F1F4F2F4F3F4F2BBFF80197
:109EEC004691810192010D5F1F4F2F4F3F4F2BBFAA
:109EFC00F8010691102F0027040FB0E01B1F0093F0
:109F0C00302210933122810192010C5F1F4F2F4F91
:109F1C003F4F2BBFF8014691810192010B5F1F4F00
:109F2C002F4F3F4F2BBFF8010691102F0027040F26
:109F3C00B0E01B1F00933E2210933F22810192013F
:109F4C000A5F1F4F2F4F3F4F2BBFF8010691009315
:109F5C004322B0E0B093442260924122709242229C
:109F6C0080924022B1E0B0933820B0E0B093FD2154
:029F7C00089546
:109F7E004F925F920091F6211091F72140165106F3
:109F8E0008F059C0009132221091332260167106EA
:109F9E0008F051C020E030E03F922F9212012301D1
:109FAE000E94FA442F903F90F901E20DF31D0081BB
:109FBE00002309F440C00091FD210023F1F0F901C6
:109FCE00E20DF31D00813F932F937F926F925F926C
:109FDE004F923F922F92202EB0E03B2E0E94DE3FFA
:109FEE002F903F904F905F906F907F902F913F9169
:109FFE0089010F5F1F4F98011DC0F901E20DF31D7E
:10A00E0000813F932F937F926F925F924F923F9278
:10A01E002F92202EB0E03B2E0E948E422F903F902A
:10A02E004F905F906F907F902F913F9189010F5FBE
:0CA03E001F4F9801B9CF5F904F9008951C
:107FBC00CF93DF93CDB7DEB76797CDBFDEBF2196EA
:107FCC002F923F924F925F926F927F928F929F92DD
:107FDC00B0E0BC8BBD8BB0E0BE8B00913022109119
:107FEC0031222016310608F411C200913E22109164
:107FFC003F220215130508F409C20090302210909C
:10800C003122810100191109A801440F551F440F99
:10801C00551F00911D2210911E2220911F2230917C
:10802C002022085F1F4F2F4F3F4F040F151FB0E04A
:10803C002B1F3B1FB4E06B2EB0E07B2E18012901E7
:10804C000E94A42ABEEFB98BB1E2BA8BE989FA89F6
:10805C00A081AB8B89899A89FC0131960081402FD4
:10806C0050E0652F752FFC013296008110E0212F16
:10807C00312F322F212F102F0027400F511F621F3D
:10808C00731FFC013396008110E0212F312F312F0B
:10809C00202F00271127400F511F621F731F0091C3
:1080AC001D2210911E2220911F2230912022040F9C
:1080BC00151F261F371F0D831E832F8338870A2F0A
:1080CC0006950695069510E0409143225091442266
:1080DC000E949C2A0B871C870B890770002351F088
:1080EC002B853C850091432210914422020F131FD3
:1080FC000B871C870B851C850F87188B8E01075FE0
:10810C001F4F48016B847C842D803E804F805884A7
:10811C00E0910822F09109220995098B1A8B4D8167
:10812C005E816F81788509851A8520E0322F040FD6
:10813C00151F261F371F0D831E832F833887098435
:10814C001A840B851C85001911090B871C87B0E05C
:10815C00BD87BE8700914022003009F0ACC0009171
:10816C002722109128220A831B83B0E0B98309814E
:10817C00209143223091442210E00217130708F09B
:10818C0091C000912522109126220C8B1D8BB0E002
:10819C00BC83B0E0B88318810B89101708F078C045
:1081AC000C81003009F055C00D851E850F5F1F4FE7
:1081BC000D871E8729853A850F8518892017310769
:1081CC00E0F52D853E8509851A8502171307A8F55C
:1081DC00B1E0BD87B0E0BE878E01075F1F4F3F92B5
:1081EC002F9248016B847C842D803E804F80588474
:1081FC00E0910822F091092209952F903F90098B6C
:10820C001A8B0B851C850F87188B4D815E816F81B6
:10821C00788509851A8520E0322F040F151F261F3B
:10822C00371F0D831E832F83388709841A840B858F
:10823C001C85001911090B871C87E989FA890081B3
:10824C000E8B09891A890F5F1F4F098B1A8BB1E0AE
:10825C00BC831E890C81012371F03F922F92609098
:10826C004122709042224A805B802C883D880E947B
:10827C004E2A2F903F900C891D890F5F1F4F0C8B3E
:10828C001D8B0C81000F0C8308810F5F088383CF3B
:10829C000A811B810F5F1F4F0A831B8309810F5FAC
:1082AC00098365CF0C891D890F5F1F4F0093252211
:1082BC0010932622ABC000912522109126220A830E
:1082CC001B83B0E0B9830981209143223091442271
:1082DC0010E00217130708F091C0009127221091AB
:1082EC0028220C8B1D8BB0E0BC83B0E0B8831881C6
:1082FC000B89101708F078C00C81003009F055C0BC
:10830C000D851E850F5F1F4F0D871E8729853A85AA
:10831C000F85188920173107E0F52D853E850985D5
:10832C001A8502171307A8F5B1E0BD87B0E0BE8728
:10833C008E01075F1F4F3F922F9248016B847C8404
:10834C002D803E804F805884E0910822F0910922C4
:10835C0009952F903F90098B1A8B0B851C850F87E5
:10836C00188B4D815E816F81788509851A8520E097
:10837C00322F040F151F261F371F0D831E832F83CB
:10838C00388709841A840B851C85001911090B8701
:10839C001C87E989FA8900810E8B09891A890F5F7C
:1083AC001F4F098B1A8BB1E0BC831E890C810123F2
:1083BC0071F03F922F9260904122709042224C8833
:1083CC005D882A803B800E944E2A2F903F900C891A
:1083DC001D89015010400C8B1D8B0C81000F0C83E0
:1083EC0008810F5F088383CF0A811B810F5F1F4FAA
:1083FC000A831B8309810F5F098365CF0C891D8953
:10840C000150104000932722109328229F908F90A8
:10841C007F906F905F904F903F902F906696CDBF5E
:08842C00DEBFDF91CF9108953E
:10554800CF93DF93CDB7DEB72497CDBFDEBF2196CB
:105558008F929F92BEEFBA83B1E2BB8300E010E066
:105568000615170508F042C08E017F926F925F9270
:105578004F923F922F924801E0910822F091092220
:1055880009952F903F904F905F906F907F90B80152
:1055980020E030E0AB010881198120173107A8F419
:1055A800FA010081EA81FB8100830A811B810F5F78
:1055B8001F4F0A831B838A010F5F1F4FB8018901A0
:1055C8000F5F1F4FAB019801E6CF08801980830158
:1055D8000019110938010881198120E0322F020DC4
:1055E800131D241D351D18012901B8CF9F908F90D8
:0C55F8002396CDBFDEBFDF91CF91089558
:10549C002F923F928F929F9200E010E020163106DF
:1054AC0044F00091F6211091F7212016310608F4F2
:1054BC0001C037C000E010E04016510644F00091E6
:1054CC003222109133224016510608F401C029C033
:1054DC00B0910407BF7DB09304070E948051002354
:1054EC0061F07F926F9242013101E0913422F09190
:1054FC00352209956F907F9009C07F926F92E09151
:10550C003822F091392209956F907F901301E09128
:10551C003622F09137220995B0910407B062B0930E
:0C552C0004079F908F903F902F900895EF
:105538009801249F8001259F100D349F100D089518
:0055480063
:10851C00CF93DF93CDB7DEB72B97CDBFDEBF2196C0
:10852C004F925F926F927F928F92B0E0B887B9872B
:10853C00B0E0BA8700913820003091F404EF11E0DC
:10854C003F922F928824662477241801B0E04B2E9A
:10855C00542C0E94664F2F903F90B1E0B09338207E
:10856C0000913022109131222016310608F43FC1BF
:10857C0000913E2210913F220215130508F437C1D9
:10858C000090302210903122810100191109A801AC
:10859C00440F551F440F551F80903A2290903B2258
:1085AC00A0903C22B0903D2284019501085F1F4FA2
:1085BC002F4F3F4F2A01B0E06B2E762C400E511EF0
:1085CC00621E731E6BBEF20106910F838201930132
:1085DC000F5F1F4F2F4F3F4F2BBFF8010691402FBE
:1085EC0050E0652F752F820193010E5F1F4F2F4FA7
:1085FC003F4F2BBFF801069110E0212F312F322F66
:10860C00212F102F0027400F511F621F731F820153
:10861C0093010D5F1F4F2F4F3F4F2BBFF80106915A
:10862C0010E0212F312F312F202F00271127040F7D
:10863C00151F261F371F080D191D2A1D3B1D0B83E7
:10864C001C832D833E8300914022003009F068C0CA
:10865C006091272270912822B0E0B9830981209182
:10866C0043223091442210E00217130708F04FC048
:10867C00009125221091262208871987B0E0BA8331
:10868C00B0E0B88318810F811017C8F50A8100304B
:10869C00A1F40D810BBFEB81FC8106910A870B8144
:1086AC001C812D813E810F5F1F4F2F4F3F4F0B833E
:1086BC001C832D833E83B1E0BA831A850A81012382
:1086CC0089F07F936F933F922F926090412270902C
:1086DC0042222B01288439840E944E2A2F903F90ED
:1086EC006F917F91088519850F5F1F4F0887198738
:1086FC000A81000F0A8308810F5F0883C3CF8B01A7
:10870C000F5F1F4FB80109810F5F0983A7CF088541
:10871C0019850F5F1F4F009325221093262267C0E7
:10872C006091252270912622B0E0B98309812091B5
:10873C0043223091442210E00217130708F04FC077
:10874C00009127221091282208871987B0E0BA835C
:10875C00B0E0B88318810F811017C8F50A8100307A
:10876C00A1F40D810BBFEB81FC8106910A870B8173
:10877C001C812D813E810F5F1F4F2F4F3F4F0B836D
:10878C001C832D833E83B1E0BA831A850A810123B1
:10879C0089F07F936F933F922F926090412270905B
:1087AC004222488459841B010E944E2A2F903F90EC
:1087BC006F917F91088519850150104008871987A2
:1087CC000A81000F0A8308810F5F0883C3CF8B01D6
:1087DC000F5F1F4FB80109810F5F0983A7CF088571
:1087EC0019850150104000932722109328228F9056
:1087FC007F906F905F904F902A96CDBFDEBFDF9138
:04880C00CF9108956B
:10A4D600CF93DF93CDB7DEB76397CDBFDEBF2196AF
:10A4E6002F923F924F925F926F927F925F924F921E
:10A4F6003F922F92240113010E94FA442F903F901D
:10A506004F905F902614370431F431011201240173
:10A516000E94084490C14814590441F47F926F92F6
:10A5260032014F905F900E945C3E85C1B0E0BA87D1
:10A53600BB879301221933092883398300E010E091
:10A54600201731077CF40880198000E010E000191C
:10A556001109088319830A851B85015010400A8753
:10A566001B8706C00A851B850F5F1F4F0A871B873F
:10A57600B0E0BC87BD879401241935092A833B8343
:10A5860000E010E0201731077CF40A801B8000E011
:10A5960010E0001911090A831B830C851D850150E3
:10A5A60010400C871D8706C00C851D850F5F1F4F49
:10A5B6000C871D87B0E0BE87BF87288139810A8155
:10A5C6001B81201731070CF057C00E851F850F5FC2
:10A5D6001F4F0E871F87288139810A811B810883B7
:10A5E60019832A833B838101120128012A853B8531
:10A5F6000C851D850A871B872C873D87B1E0B88BA4
:10A6060018890091D4210117B0F10889098BB0E0AF
:10A61600BA8B09891A8901701070103009F400305C
:10A6260041F409881A8800E010E000191109098B25
:10A636001A8B09891A8915950795040D151D9F9280
:10A646008F927F926F925F924F923F922F9260907D
:10A65600292270902A22210118010E944E2A2F9049
:10A666003F904F905F906F907F908F909F9008895A
:10A676000F5F088BC5CF3CC0B1E0B88B188900913D
:10A68600D4210117A8F10889098BB0E0BA8B098992
:10A696001A8901701070103009F4003041F40988ED
:10A6A6001A8800E010E000191109098B1A8B098934
:10A6B6001A8915950795040D151D9F928F927F9205
:10A6C6006F925F924F923F922F92609029227090E4
:10A6D6002A2228010E944E2A2F903F904F905F9089
:10A6E6006F907F908F909F9008890F5F088BC6CFE1
:10A6F60008811981000F111F088719870A811B819C
:10A70600000F111F0E831F8308801980001911097D
:10A716000C831D8328813981215030402883398359
:10A7260000E010E0201731070CF485C02C813D8134
:10A7360000E010E0201731076CF00C851D85040D34
:10A74600151D2801088419840C811D810019110921
:10A756000C831D830A851B85020D131D18012C8190
:10A766003D810E811F81020F131F0C831D83B1E0F3
:10A77600B88B18890091D421011708F45BC00889A9
:10A78600098BB0E0BA8B09891A89017010701030F4
:10A7960009F4003041F409881A8800E010E0001935
:10A7A6001109098B1A8B09891A8915950795098B41
:10A7B6001A8B0E851F85B02FB12BE9F009891A89EE
:10A7C600040D151D9F928F927F926F925F924F920A
:10A7D6003F922F926090292270902A22210118011F
:10A7E6000E944E2A2F903F904F905F906F907F90DF
:10A7F6008F909F901BC009891A89040D151D9F9281
:10A806008F927F926F925F924F923F922F926090BB
:10A81600292270902A2228010E944E2A2F903F90CA
:10A826004F905F906F907F908F909F9008890F5FF9
:10A83600088B9FCF6FCF7F906F905F904F903F9028
:0EA846002F906296CDBFDEBFDF91CF910895B7
:10881000421453041CF481011201280100E010E00D
:10882000201631061CF42224332408C00091322281
:10883000109133222016310608F07AC000E010E0D3
:10884000401651060CF474C000913222109133226C
:108850004016510638F00091322210913322015017
:108860001040280141E00091D421041708F460C0B1
:10887000242F30E0890101701070103009F40030AD
:1088800031F400E010E0021B130B980100C08901D5
:1088900015950795502F612F9801260D371D00E083
:1088A00010E02017310764F0252F362F260D371DD5
:1088B0000091F6211091F7212017310708F402C02A
:1088C000142F32C08101252F362F502F612F4516CE
:1088D000560648F18901060D171D4F933F932F93BC
:1088E0006F935F937F926F925F924F923F922F921E
:1088F0006090292270902A22452E562E18010E943F
:108900004E2A2F903F904F905F906F907F905F9195
:108910006F912F913F914F91052F162F0F5F1F4F92
:10892000502F612FD4CF142F012F0F5F402F9BCFDB
:028930000895A8
:107CB800CF93DF93CDB7DEB72197CDBFDEBF219637
:107CC8008F929F92421453041CF4810112012801DF
:107CD80000E010E0201631061CF42224332408C0EA
:107CE8000091F6211091F7212016310608F0D8C02E
:107CF80000E010E0401651060CF4D2C00091F621C5
:107D08001091F7214016510638F00091F621109194
:107D1800F721015010402801B1E0B8831881009183
:107D2800D421011708F4BCC0288130E08901017012
:107D38001070103009F4003039F400E010E0021B34
:107D4800130BA8019A0100C0890115950795A80190
:107D58009801260D371D00E010E0201731075CF070
:107D68009A01260D371D00913222109133222017D7
:107D7800310708F401C090C000913920003009F0A3
:107D880064C0B0910407BF7DB09304070E9480517E
:107D98000023C1F08A01060D171D7F926F925F9232
:107DA8004F923F922F92480132012801E0913422EC
:107DB800F091352209952F903F904F905F906F90EA
:107DC8007F9015C08A01060D171D7F926F925F92F2
:107DD8004F923F922F922801E0913822F091392258
:107DE80009952F903F904F905F906F907F90522D04
:107DF800632D252F362F4216530608F13F932F93F4
:107E08007F926F925F924F923F922F9220902922F9
:107E180030902A22E0913622F091372209952F904E
:107E28003F904F905F906F907F902F913F91890185
:107E38000F5F1F4F502F612F252F362FDCCFB091AA
:107E48000407B062B093040727C0522D632D252F75
:107E5800362F4216530600F13F932F937F926F926D
:107E68005F924F923F922F92230160902922709047
:107E78002A2219010E944E2A2F903F904F905F901E
:107E88006F907F902F913F9189010F5F1F4F502F67
:107E9800612F252F362FDDCF08810F5F08833ECF56
:0E7EA8009F908F90CDBFDEBFDF91CF910895E8
:10B4D4000E941A3E002309F4FBCF0E945B3F0093B5
:10B4E4001622109317220E94C83F0093142210932F
:04B4F4001522089580
:107C3400CF93DF93CDB7DEB72197CDBFDEBF2196BB
:107C44002F92B091C407BB7FB093C407B091C4070F
:107C5400B77FB093C4070E94CE312090FC21E091FD
:107C6400D221F091D321099520910A2230910B223F
:107C74002017310700E00CF401E008830E947931F9
:107C84000E9479312090FC21E091D221F091D321FE
:107C9400099520910A2230910B222017310710E018
:107CA4000CF411E0088101232F90CDBFDEBFDF91DA
:047CB400CF910895CF
:1060B400022D0370202F30E0220F331F220F331FD5
:1060C400220F331F00E212E0020F131FA801F80190
:1060D400B1E0B083FA013196022D000F000F000FDA
:1060E4000083FA013296B0E0B083FA0100810068BF
:1060F400FA010083FA0133960081013009F0FACFE6
:10610400FA013396B1E0B083FA0134960081202F6E
:1061140030E0FA0135960081102F0027022B132B53
:026124000895DC
:10613A00022D0370202F30E0220F331F220F331F4E
:10614A00220F331F00E612E0020F131FA801F80105
:10615A00B1E0B083FA013196022D000F000F000F53
:10616A000083FA013296B0E0B083FA010081006838
:10617A00FA010083FA0133960081013009F0FACF5F
:10618A00FA013396B1E0B083FA0134960081202FE8
:10619A0030E0FA0135960081102F0027022B132BCD
:0261AA00089556
:1062F2001AE20EE80A95F1F71A95E1F700000895FF
:006302009B
:107EB6002F92B091C407B460B093C407B091C407C1
:107EC600B77FB093C4070E94CE3120901A22E0916A
:0C7ED600D221F091D32109952F9008953E
:107F90002F92B091C407BB7FB093C407B091C407C0
:107FA000B860B093C4070E94CE312090FC21E091CC
:0C7FB000D221F091D32109952F90089563
:10B4F8000E941A3E002309F4FBCF0E945B3F009391
:10B508001822109319220E94C83F00931B221093FF
:04B518001C22089554
:10C10200B0E0B093A123B093A223B0EFB093A323E6
:10C11200B0E0B093A423B0E4B093A523B1E0B09310
:10C12200A623B2E1B093A823B0E0B093A923BEE363
:10C13200B093AA23BCE0B093AB23B0E0B093AC239E
:10C14200B0E0B093AD23B1E0B093AE23B0E0B093D2
:10C15200AF23B2E6B093B023BCE0B093B123B0E01A
:10C16200B093B223B0E0B093B323B6E0B093B4235C
:10C17200B0E0B093B523B4E6B093B623BCE0B0937D
:10C18200B723B0E0B093B823B0E0B093B923B2E0E4
:10C19200B093BA23B0E0B093BB23B0E7B093BC2313
:10C1A200BCE0B093BD23B0E0B093BE23B0E0B09347
:10C1B200BF23BBE1B093A723B0E0B093C023B093F9
:10C1C200C123B0E4B093C223B1E0B093C323B0EF74
:10C1D200B093C423B0E0B093C523B0E0B093C723BB
:10C1E200B093C823B1E0B093CD23B0E0B093CE2397
:10C1F200B4E7B093CF23BCE0B093D023B0E0B093C8
:10C20200D123B0E0B093D223B4E0B093D323B0E013
:10C21200B093D423B6E7B093D523BCE0B093D62332
:10C22200B0E0B093D723B0E0B093D823B0E0B0939E
:10C23200D923B093DA23B5E0B093C623B1EAB09321
:10C24200EC24B3E2B093ED24B0E0B093EE24B0E07E
:10C25200B093EF24B093F024B2EAB093F124B0E0AB
:10C26200B093F224BCE3B093F324B0E0B093F4248F
:10C27200B8E2B093F524B0E0B093F624B1E0B09305
:10C28200F724B0E0B093F824B093F924B1E0B0936E
:10C29200FA24B1E0B093FB24B1E0B093FC24BFE4F4
:10C2A200B093FD24B0E2B093FE24BEE72B2EBCE097
:10C2B2003B2EB0E04B2EB0E05B2E2092FF2430925A
:10C2C20000254092012550920225B1E0B0930D2540
:10C2D200BFEFB0930325B0930425B1E0B0930525D9
:10C2E200B0E0B0930625B2E9B0930725B4E9B09364
:10C2F2000825B0E0B0930925B0930A25B8E1B093C0
:10C302000B25B6ECB0930C25B1E0B0930D25B8E146
:10C31200B0930E25B6ECB0930F25B0E0B093102584
:10C32200B0931125B0E0B0931225B0931325BEEC63
:10C33200B0931425B6E5B0931525B0E0B093162559
:10C34200B0931725B1EAB093C024B3E2B093C124ED
:10C35200B1E0B093C224B0E0B093C324B093C4243C
:10C36200BAECB093C524B0E0B093C624BCE3B0935A
:10C37200C724B0E0B093C824B8E2B093C924B0E0B7
:10C38200B093CA24B1E0B093CB24B0E0B093CC24F4
:10C39200B093CD24B1E0B093CE24B1E0B093CF24DA
:10C3A200B1E0B093D024BAEBB093D124B1E2B09310
:10C3B200D2242092D3243092D4244092D524509275
:10C3C200D624B1E0B093E124BFEFB093D724B09369
:10C3D200D824B1E0B093D924B0E0B093DA24B2E922
:10C3E200B093DB24B4E9B093DC24B0E0B093DD2455
:10C3F200B093DE24B8E1B093DF24B6ECB093E0242E
:10C40200B1E0B093E124B8E1B093E224B6ECB0938A
:10C41200E324B0E0B093E424B093E524B0E0B09319
:10C42200E624B093E724BAE2B093E824B4E5B093EB
:10C43200E924B0E0B093EA24B093EB24B1EAB093DC
:10C442001825B3E2B0931925B2E0B0931A25B0E0F3
:10C45200B0931B25B0931C25B2EFB0931D25B0E01D
:10C46200B0931E25BCE3B0931F25B0E0B093202506
:10C47200B8E2B0932125B0E0B0932225B1E0B093A9
:10C482002325B0E0B0932425B0932525B1E0B093E5
:10C492002625B1E0B0932725B1E0B0932825B6EA6E
:10C4A200B0932925B1E2B0932A2520922B25309210
:10C4B2002C2540922D2550922E25B1E0B09339259E
:10C4C200BFEFB0932F25B0933025B1E0B093312563
:10C4D200B0E0B0933225B2E9B0933325B4E9B0931A
:10C4E2003425B0E0B0933525B0933625B8E1B0934A
:10C4F2003725B6ECB0933825B1E0B0933925B8E1D1
:10C50200B0933A25B6ECB0933B25B0E0B0933C250E
:10C51200B0933D25B0E0B0933E25B0933F25B6E5FC
:10C52200B0934025B4E5B0934125B0E0B0934225E5
:10C53200B0934325B1EAB0937025B3E2B09371256D
:10C54200B3E0B0937225B0E0B0937325B093742535
:10C55200BAE1B0937525B1E0B0937625B8E7B09310
:10C562007725B0E0B0937825B8E2B0937925B0E0B2
:10C57200B0937A25B1E0B0937B25B0E0B0937C25EF
:10C58200B0937D25B1E0B0937E25B1E0B0937F25D5
:10C59200B1E0B0938025BEEAB0938125B1E2B093B9
:10C5A20082252092832530928425409285255092BF
:10C5B2008625B1E0B0939125BFEFB0938725B09364
:10C5C2008825B1E0B0938925B0E0B0938A25B2E91D
:10C5D200B0938B25B4E9B0938C25B0E0B0938D2550
:10C5E200B0938E25B8E1B0938F25B6ECB093902529
:10C5F200B1E0B0939125B8E1B0939225B6ECB09337
:10C602009325B0E0B0939425B0939525B0E0B09314
:10C612009625B0939725BAEFB0939825B6E5B093D7
:10C622009925B0E0B0939A25B0939B25B1EAB093D7
:10C632004425B3E2B0934525B4E0B0934625BCE36C
:10C64200B0934725B0E0B0934825B2EAB0934925AC
:10C65200B0E0B0934A25BCE3B0934B25B0E0B09371
:10C662004C25B8E2B0934D25B0E0B0934E25B1E031
:10C67200B0934F25B0E0B0935025B0935125B1E06F
:10C68200B0935225B1E0B0935325B1E0B093542555
:10C69200BCEAB0935525B1E2B093562520925725B6
:10C6A200309258254092592550925A25B1E0B093C4
:10C6B2006525BFEFB0935B25B0935C25B1E0B093E5
:10C6C2005D25B0E0B0935E25B2E9B0935F25B4E991
:10C6D200B0936025B0E0B0936125B0936225B8E1D4
:10C6E200B0936325B6ECB0936425B1E0B0936525B1
:10C6F200B8E1B0936625B6ECB0936725B0E0B0938D
:10C702006825B0936925B0E0B0936A25B0936B2594
:10C71200BCECB0936C25B7E5B0936D25B0E0B09357
:10C722006E25B0936F25B1EAB0931024B3E2B093B3
:10C732001124B5E0B0931224BCE3B0931324B0E00B
:10C74200B0931424BAECB0931524B0E0B09316243D
:10C75200BCE3B0931724B0E0B0931824B8E2B093CE
:10C762001924B0E0B0931A24B1E0B0931B24B0E0D6
:10C77200B0931C24B0931D24B1E0B0931E24B1E009
:10C78200B0931F24B1E0B0932024B2EBB0932124E4
:10C79200B1E2B093222420922324309224244092A6
:10C7A200252450922624B1E0B0933124BFEFB093F8
:10C7B2002724B0932824B1E0B0932924B0E0B093A9
:10C7C2002A24B2E9B0932B24B4E9B0932C24B0E02C
:10C7D200B0932D24B0932E24B8E1B0932F24B6EC5D
:10C7E200B0933024B1E0B0933124B8E1B093322455
:10C7F200B6ECB0933324B0E0B0933424B093352434
:10C80200B0E0B0933624B0933724B8EFB093382415
:10C81200B7E5B0933924B0E0B0933A24B0933B2407
:10C82200B1EAB093E423B3E2B093E523B6E0B09368
:10C83200E623BCE3B093E723B0E0B093E823B2EF82
:10C84200B093E923B0E0B093EA23BCE3B093EB23C7
:10C85200B0E0B093EC23B8E2B093ED23B0E0B09334
:10C86200EE23B1E0B093EF23B0E0B093F023B093A6
:10C87200F123B1E0B093F223B1E0B093F323B1E03E
:10C88200B093F423B0EBB093F523B1E2B093F62367
:10C892002092F7233092F8234092F9235092FA2300
:10C8A200B1E0B0930524BFEFB093FB23B093FC2318
:10C8B200B1E0B093FD23B0E0B093FE23B2E9B093B0
:10C8C200FF23B4E9B0930024B0E0B0930124B09305
:10C8D2000224B8E1B0930324B6ECB0930424B1E08F
:10C8E200B0930524B8E1B0930624B6ECB0930724C4
:10C8F200B0E0B0930824B0930924B0E0B0930A24C6
:10C90200B0930B24B6E2B0930C24B7E5B0930D2498
:10C91200B0E0B0930E24B0930F24B1EAB0933C245C
:10C92200B3E2B0933D24B7E0B0933E24B8E7B093AE
:10C932003F24B0E0B0934024BAE1B0934124B1E087
:10C94200B0934224BCE3B0934324B0E0B0934424B8
:10C95200B8E2B0934524B0E0B0934624B1E0B0937E
:10C962004724B0E0B0934824B0934924B1E0B09397
:10C972004A24B1E0B0934B24B1E0B0934C24B8EA1E
:10C98200B0934D24B1E2B0934E2420924F243092C2
:10C9920050244092512450925224B1E0B0935D242D
:10C9A200BFEFB0935324B0935424B1E0B093552415
:10C9B200B0E0B0935624B2E9B0935724B4E9B093EF
:10C9C2005824B0E0B0935924B0935A24B8E1B093FC
:10C9D2005B24B6ECB0935C24B1E0B0935D24B8E183
:10C9E200B0935E24B6ECB0935F24B0E0B0936024C1
:10C9F200B0936124B0E0B0936224B0936324B2E5B3
:10CA0200B0936424B7E5B0936524B0E0B093662494
:10CA1200B0936724B1EAB0939424B3E2B09395241F
:10CA2200B8E0B0939624B8E7B0939724B0E0B093FF
:10CA32009824B2EAB0939924B0E0B0939A24BCE36C
:10CA4200B0939B24B0E0B0939C24B8E2B0939D24B1
:10CA5200B0E0B0939E24B1E0B0939F24B0E0B093D5
:10CA6200A024B093A124B1E0B093A224B1E0B0938A
:10CA7200A324B1E0B093A424B2EAB093A524B1E216
:10CA8200B093A6242092A7243092A8244092A924ED
:10CA92005092AA24B1E0B093B524BFEFB093AB2477
:10CAA200B093AC24B1E0B093AD24B0E0B093AE2427
:10CAB200B2E9B093AF24B4E9B093B024B0E0B0933C
:10CAC200B124B093B224B8E1B093B324B6ECB093DE
:10CAD200B424B1E0B093B524B8E1B093B624B6EC77
:10CAE200B093B724B0E0B093B824B093B924B0E0C7
:10CAF200B093BA24B093BB24B5EBB093BC24BAE490
:10CB0200B093BD24B0E0B093BE24B093BF24B1EA89
:10CB1200B0936824B3E2B0936924B9E0B0936A2475
:10CB2200B8E7B0936B24B0E0B0936C24BAECB09346
:10CB32006D24B0E0B0936E24BCE3B0936F24B0E0F8
:10CB4200B0937024B8E2B0937124B0E0B093722431
:10CB5200B1E0B0937324B0E0B0937424B093752421
:10CB6200B1E0B0937624B1E0B0937724B1E0B09312
:10CB72007824B0EAB0937924B1E2B0937A24209277
:10CB82007B2430927C2440927D2450927E24B1E01A
:10CB9200B0938924BFEFB0937F24B0938024B1E097
:10CBA200B0938124B0E0B0938224B2E9B09383249D
:10CBB200B4E9B0938424B0E0B0938524B093862482
:10CBC200B8E1B0938724B6ECB0938824B1E0B09377
:10CBD2008924B8E1B0938A24B6ECB0938B24B0E0F8
:10CBE200B0938C24B0938D24B0E0B0938E24B09394
:10CBF2008F24B1EEB0939024BAE4B0939124B0E0C4
:10CC0200B0939224B0939324B1EAB0939C25B3E2FB
:10CC1200B0939D25BAE0B0939E25B9E7B0939F25C6
:10CC2200B0E0B093A025B2EFB093A125B0E0B093ED
:10CC3200A225BCE3B093A325B0E0B093A425B8E24B
:10CC4200B093A525B0E0B093A625B1E0B093A72597
:10CC5200B0E0B093A825B093A925B1E0B093AA257E
:10CC6200B1E0B093AB25B1E0B093AC25B4EAB09398
:10CC7200AD25B1E2B093AE252092AF253092B0251A
:10CC82004092B1255092B225B1E0B093BD25BFEFDD
:10CC9200B093B325B093B425B1E0B093B525B0E01D
:10CCA200B093B625B2E9B093B725B4E9B093B825ED
:10CCB200B0E0B093B925B093BA25B8E1B093BB25E3
:10CCC200B6ECB093BC25B1E0B093BD25B8E1B0930A
:10CCD200BE25B6ECB093BF25B0E0B093C025B093AB
:10CCE200C125B0E0B093C225B093C325B9E8B09393
:10CCF200C425BAE4B093C525B0E0B093C625B0937D
:10CD0200C725B1EAB093B226B3E2B093B326BBE033
:10CD1200B093B426B8E7B093B526B0E0B093B62688
:10CD2200BBE7B093B726B0E0B093B826BCE3B093AC
:10CD3200B926B0E0B093BA26B8E2B093BB26B0E011
:10CD4200B093BC26B1E0B093BD26B0E0B093BE264E
:10CD5200B093BF26B1E0B093C026B1E0B093C12634
:10CD6200B1E0B093C226B4EBB093C326B1E2B09364
:10CD7200C4262092C5263092C6264092C7265092DB
:10CD8200C826B1E0B093D326BFEFB093C926B093C3
:10CD9200CA26B1E0B093CB26B0E0B093CC26B2E97C
:10CDA200B093CD26B4E9B093CE26B0E0B093CF26AF
:10CDB200B093D026B8E1B093D126B6ECB093D22688
:10CDC200B1E0B093D326B8E1B093D426B6ECB093D9
:10CDD200D526B0E0B093D626B093D726B0E0B09374
:10CDE200D826B093D926BDE0B093DA26BBE4B0933F
:10CDF200DB26B0E0B093DC26B093DD26B1EAB09337
:10CE02008626B3E2B0938726BCE0B0938826B4EBC3
:10CE1200B0938926B0E0B0938A26BBE7B0938B2605
:10CE2200B0E0B0938C26BCE3B0938D26B0E0B09313
:10CE32008E26B8E2B0938F26B0E0B0939026B1E090
:10CE4200B0939126B0E0B0939226B0939326B1E0CE
:10CE5200B0939426B1E0B0939526B1E0B0939626B4
:10CE6200B6EBB0939726B1E2B0939826209299261A
:10CE720030929A2640929B2650929C26B1E0B09323
:10CE8200A726BFEFB0939D26B0939E26B1E0B09344
:10CE92009F26B0E0B093A026B2E9B093A126B4E9F0
:10CEA200B093A226B0E0B093A326B093A426B8E133
:10CEB200B093A526B6ECB093A626B1E0B093A72610
:10CEC200B8E1B093A826B6ECB093A926B0E0B0932F
:10CED200AA26B093AB26B0E0B093AC26B093AD26B1
:10CEE200B7ECB093AE26BDE4B093AF26B0E0B093FA
:10CEF200B026B093B126B1EAB093DE26B3E2B09386
:10CF0200DF26BDE0B093E026B4EBB093E126B0E0BB
:10CF1200B093E226B2EAB093E326B0E0B093E426FF
:10CF2200BCE3B093E526B0E0B093E626B8E2B09356
:10CF3200E726B0E0B093E826B1E0B093E926B0E08E
:10CF4200B093EA26B093EB26B1E0B093EC26B1E0C1
:10CF5200B093ED26B1E0B093EE26B8EBB093EF2696
:10CF6200B1E2B093F0262092F1263092F22640925E
:10CF7200F3265092F426B1E0B093FF26BFEFB093B0
:10CF8200F526B093F626B1E0B093F726B0E0B09361
:10CF9200F826B2E9B093F926B4E9B093FA26B0E0E4
:10CFA200B093FB26B093FC26B8E1B093FD26B6EC15
:10CFB200B093FE26B1E0B093FF26B8E1B09300270C
:10CFC200B6ECB0930127B0E0B0930227B0930327E9
:10CFD200B0E0B0930427B0930527B8E5B0930627D5
:10CFE200BCE4B0930727B0E0B0930827B0930927B9
:10CFF200B1EAB0933627B3E2B0933727BEE0B093DD
:10D002003827B4EBB0933927B0E0B0933A27BAECA3
:10D01200B0933B27B0E0B0933C27BCE3B0933D27ED
:10D02200B0E0B0933E27B8E2B0933F27B0E0B093B0
:10D032004027B1E0B0934127B0E0B0934227B093CC
:10D042004327B1E0B0934427B1E0B0934527B1E064
:10D05200B0934627BCEBB0934727B1E2B093482781
:10D062002092492730924A2740924B2750924C27D0
:10D07200B1E0B0935727BFEFB0934D27B0934E273F
:10D08200B1E0B0934F27B0E0B0935027B2E9B0932C
:10D092005127B4E9B0935227B0E0B0935327B0932D
:10D0A2005427B8E1B0935527B6ECB0935627B1E0B8
:10D0B200B0935727B8E1B0935827B6ECB0935927ED
:10D0C200B0E0B0935A27B0935B27B0E0B0935C27EF
:10D0D200B0935D27B8E8B0935E27BCE4B0935F27B6
:10D0E200B0E0B0936027B0936127B1EAB0934323D5
:10D0F200B3E2B0934423BFE0B0934523B0E0B093D2
:10D102004623B0934723BAE1B0934823B0E0B093EB
:10D112004923B0EFB0934A23B0E0B0934B23B1E67A
:10D12200B0934C23B0E0B0934D23B0E0B0934E23C4
:10D13200B0E0B0934F23B0935023B1E0B0935123AA
:10D14200B1E0B0935223B1E0B0935323B0E0B09377
:10D152005423B0E0B0935523B0EEB0935623B7E01A
:10D16200B0935723B0E4B0935823B5E0B09359235A
:10D17200B8EEB0935A23B7E0B0935B23B0E0B0931C
:10D182005C23B0E1B0935D23B4E8B0935E23B0E0DA
:10D19200B0935F23B0936023B0E0B0936123B09368
:10D1A2006223B0E0B0936323B0936423B0E0B09302
:10D1B2006523B0936623B1EAB0930A27B3E2B09332
:10D1C2000B27B0E1B0930C27B0E0B0930D27B093DA
:10D1D2000E27BBE7B0930F27B0E0B0931027BCE354
:10D1E200B0931127B0E0B0931227B8E2B09313279F
:10D1F200B0E0B0931427B1E0B0931527B0E0B0933C
:10D202001627B0931727B1E0B0931827B1E0B09377
:10D212001927B1E0B0931A27BCE9B0931B27B1E2FA
:10D22200B0931C2720921D2730921E2740921F2761
:10D2320050922027B1E0B0932B27BFEFB093212764
:10D24200B0932227B1E0B0932327B0E0B093242714
:10D25200B2E9B0932527B4E9B0932627B0E0B093A2
:10D262002727B0932827B8E1B0932927B6ECB093CB
:10D272002A27B1E0B0932B27B8E1B0932C27B6EC64
:10D28200B0932D27B0E0B0932E27B0932F27B0E0B4
:10D29200B0933027B0933127BDE3B0933227BBE47C
:10D2A200B0933327B0E0B0933427B0933527B1EA77
:10D2B200B093F425B3E2B093F525B1E1B093F6252E
:10D2C200BCE3B093F725B0E0B093F825BBE7B09389
:10D2D200F925B0E0B093FA25BCE3B093FB25B0E0AA
:10D2E200B093FC25B8E2B093FD25B0E0B093FE25E3
:10D2F200B1E0B093FF25B0E0B0930026B0930126D1
:10D30200B1E0B0930226B1E0B0930326B1E0B0934E
:10D312000426BDEBB0930526B0E2B0930626209218
:10D322000726309208264092092650920A26B1E03A
:10D33200B0931526BFEFB0930B26B0930C26B1E045
:10D34200B0930D26B0E0B0930E26B2E9B0930F264B
:10D35200B4E9B0931026B0E0B0931126B093122630
:10D36200B8E1B0931326B6ECB0931426B1E0B093B3
:10D372001526B8E1B0931626B6ECB0931726B0E0A6
:10D38200B0931826B0931926B0E0B0931A26B09342
:10D392001B26B8EBB0931C26BCE4B0931D26B0E06C
:10D3A200B0931E26B0931F26B1EAB093C825B3E20C
:10D3B200B093C925B2E1B093CA25B4EBB093CB25A3
:10D3C200B0E0B093CC25B2EFB093CD25B0E0B093EE
:10D3D200CE25BCE3B093CF25B0E0B093D025B0E525
:10D3E200B093D125B0E0B093D225B1E0B093D3256C
:10D3F200B0E0B093D425B093D525B1E0B093D62553
:10D40200B1E0B093D725B1E0B093D825BBEBB09390
:10D41200D925B0E2B093DA252092DB253092DC25C3
:10D422004092DD255092DE25B1E0B093E925BFEFB1
:10D43200B093DF25B093E025B1E0B093E125B0E0F1
:10D44200B093E225B2E9B093E325B4E9B093E425C1
:10D45200B0E0B093E525B093E625B8E1B093E725B7
:10D46200B6ECB093E825B1E0B093E925B8E1B0930A
:10D47200EA25B6ECB093EB25B0E0B093EC25B0937F
:10D48200ED25B0E0B093EE25B093EF25BBEBB09362
:10D49200F025BCE4B093F125B0E0B093F225B0934F
:10D4A200F325B1EAB0937122B3E2B0937222B3E1F1
:10D4B200B0937322B0E0B0937422B0937522B0E0BF
:10D4C200B0937622B0937722B0EFB0937822B0E097
:10D4D200B0937922BAE1B0937A22B0E0B0937B2282
:10D4E200B1E0B0937C22B0E0B0937D22B0937E2273
:10D4F200B1E0B0937F22B1E0B0938022B1E0B0936B
:10D502008122B1E0B0938222B0E0B0938322B2E9EB
:10D51200B0938422B4E9B0938522B0E0B09386221E
:10D52200B0938722B8E1B0938822B6ECB0938922F7
:10D53200B0E0B0938A22B0E1B0938B22B4E8B0930A
:10D542008C22B0E0B0938D22B0938E22B0E0B093E3
:10D552008F22B0939022B0E0B0939122B0939222A6
:10D56200B0E0B0939322B0939422B1EAB0936926CB
:10D57200B3E2B0936A26B4E1B0936B26B4E0B09301
:10D582006C26B0E0B0936D26B2E2B0936E26B0E0A6
:10D59200B0936F26B5E1B0937026B0E0B0937126D8
:10D5A200B6E1B0937226B0E0B0937326B1E0B093C7
:10D5B2007C26B1E0B0937D26B3ECB0937426B0E242
:10D5C200B09375264EED5DE160E070E04093762603
:10D5D200509377266093782670937926B0E0B093C3
:10D5E2007A26B0937B26B0E0B0937E26B0937F2656
:10D5F200B0E0B0938026B0938126B0E0B09382264B
:10D60200B0938326B0E0B0938426B0938526B1EA26
:10D61200B0934C26B3E2B0934D26B5E1B0934E26BB
:10D62200B4E0B0934F26B0E0B0935026B7E3B09386
:10D632005126B0E0B0935226B5E1B0935326B0E044
:10D64200B0935426B6E1B0935526B0E0B093562677
:10D65200B1E0B0935F26B1E0B0936026BFEBB09328
:10D662005726B0E2B09358264093592650935A2633
:10D6720060935B2670935C26B0E0B0935D26B09316
:10D682005E26B0E0B0936126B0936226B0E0B0931C
:10D692006326B0936426B0E0B0936526B093662605
:10D6A200B0E0B0936726B0936826B1EAB09309233D
:10D6B200B3E2B0930A23B6E1B0930B23B4E0B09384
:10D6C2000C23B0E0B0930D23BBE4B0930E23B0E083
:10D6D200B0930F23B5E1B0931023B0E0B0931123C0
:10D6E200B6E1B0931223B0E0B0931323B1E0B0934C
:10D6F2001C23B1E0B0931D23B7EAB0931423B0E228
:10D70200B093152340931623509317236093182345
:10D7120070931923B0E0B0931A23B0931B23B0E0A7
:10D72200B0931E23B0931F23B0E0B0932023B09395
:10D732002123B0E0B0932223B0932323B0E0B0932F
:10D742002423B0932523B1EAB093EC22B3E2B09341
:10D75200ED22B7E1B093EE22B4E0B093EF22B0E055
:10D76200B093F022B0E6B093F122B0E0B093F2228F
:10D77200B5E1B093F322B0E0B093F422B6E1B093F6
:10D78200F522B0E0B093F622B1E0B093FF22B1E00F
:10D79200B0930023B1E9B093F722B0E2B093F8223C
:10D7A2004093F9225093FA226093FB227093FC2259
:10D7B200B0E0B093FD22B093FE22B0E0B09301231B
:10D7C200B0930223B0E0B0930323B0930423B0E0FC
:10D7D200B0930523B0930623B0E0B0930723B09330
:10D7E2000823B1EAB0932623B3E2B0932723B8E12A
:10D7F200B0932823B8E3B0932923B0E0B0932A234F
:10D80200B5E0B0932B23B0E0B0932C23BBE7B093E9
:10D812002D23B0E0B0932E23B2E1B0932F23B0E0DA
:10D82200B0933023B1E0B0933923B1E0B0933A23FF
:10D83200B3E8B0933123B0E2B093322309EA1FE296
:10D8420020E030E0009333231093342320933523D8
:10D8520030933623BFEFB0933723B0933823B0E031
:10D86200B0933B23B0933C23B0E0B0933D23B093FD
:10D872003E23B0E0B0933F23B0934023B0E0B09397
:10D882004123B0934223B1EAB0936723B3E2B0934A
:10D892006823B9E1B0936923BCE1B0936A23B0E095
:10D8A200B0936B23B0E6B0936C23B0E0B0936D23DA
:10D8B200B5E1B0936E23B0E0B0936F23B6E1B093BD
:10D8C2007023B0E0B0937123B1E0B0937A23B1E05A
:10D8D200B0937B23B5E9B0937223B0E2B093732384
:10D8E2004093742350937523609376237093772328
:10D8F200B0E0B0937823B0937923B0E0B0937C2367
:10D90200B0937D23B0E0B0937E23B0937F23B0E049
:10D91200B0938023B0938123B0E0B0938223B0937D
:10D922008323B1EAB0932026B3E2B0932126BAE171
:10D93200B0932226B3ECB0932326B0E0B093242612
:10D94200B2E0B0932526B0E0B0932626B1E2B093C0
:10D952002726B0E0B0932826B4E1B0932926B0E0A0
:10D96200B0932A26B1E0B0932B26B0E0B0932C26D8
:10D97200B0932D26B1E0B0932E26B1E0B0932F26BE
:10D98200B1E0B0933026B3E9B0933126B0E2B09360
:10D99200322605E91BE320E030E0009333261093A2
:10D9A20034262093352630933626B1E0B0934126B3
:10D9B200B0E0B0933726B0933826B1E0B093392661
:10D9C200B0E0B0933A26B0E0B0933B26B8EFB09304
:10D9D2003C26B8E0B0933D26BAEFB0933E26B8E1BC
:10D9E200B0933F26B6ECB0934026B1E0B093412607
:10D9F200B0E1B0934226B4E8B0934326B0E0B093CE
:10DA02004426B0934526B0E0B0934626B09347260D
:10DA1200BEE5B0934826B2E5B0934926B0E0B09394
:10DA22004A26B0934B26B0ECB0939522B3E2B09362
:10DA32009622B0E0B0939722B8E1B0939822B0E07A
:10DA4200B0939922BBE1B0939A22B0E0B0939B22AB
:10DA5200B4E1B0939C22B1E0B0939D22B8E1B093BF
:10DA62009E22B0E0B0939F22B1E0B093A822B1E031
:10DA7200B093A922B7EDB093A022B0E2B093A12255
:10DA82002092A2223092A3224092A4225092A52256
:10DA9200B0E0B093A622B8EFB093A722B0E0B09363
:10DAA200AA22B093AB22B0E0B093AC22B093AD22E5
:10DAB200B0E0B093AE22B093AF22B0E0B093B02208
:10DAC200B093B122B0ECB093CF22B3E2B093D022A4
:10DAD200B1E0B093D122BCE0B093D222B0E0B093D7
:10DAE200D322BAE4B093D422B0E0B093D522B1E20B
:10DAF200B093D622B1E0B093D722BFE0B093D82240
:10DB0200B0E0B093D922B1E0B093E222B1E0B09399
:10DB1200E322B8E0B093DA22B1E2B093DB2241E330
:10DB220052E460E070E04093DC225093DD22609387
:10DB3200DE227093DF22BFEFB093E022B7E0B09312
:10DB4200E122B0E0B093E422B093E522B0E0B093DA
:10DB5200E622B093E722B0E0B093E822B093E92244
:10DB6200B0E0B093EA22B093EB22B0ECB09345223E
:10DB7200B3E2B0934622B2E0B0934722B5E9B09344
:10DB82004822B0E0B0934922B4EBB0934A22B0E00D
:10DB9200B0934B22B6E9B0934C22B0E0B0934D2241
:10DBA200B6E2B0934E22B0E0B0934F22B1E0B09310
:10DBB2005022B0E0B0935122B0935222B1E0B09320
:10DBC2005322B1E0B0935422B1E0B0935522BEEE9D
:10DBD200B0935622B0E2B093572209E31AE420E050
:10DBE20030E0009358221093592220935A22309306
:10DBF2005B22B1E0B0936622B0E0B0935C22B093B6
:10DC02005D22B1E0B0935E22B0E0B0935F22BFEF3D
:10DC1200B0936022B0936122B0E1B0936222B4E883
:10DC2200B0936322B0E1B0936422B4E8B09365226A
:10DC3200B1E0B0936622B0E1B0936722B4E8B0934A
:10DC42006822B0E0B0936922B0936A22B0E0B09348
:10DC52006B22B0936C22BCE1B0936D22B1E5B0931C
:10DC62006E22B0E0B0936F22B0937022B0ECB0930A
:10DC7200B222B3E2B093B322B3E0B093B422BCE0D9
:10DC8200B093B522B0E0B093B622BEE5B093B7220E
:10DC9200B0E0B093B822BCE1B093B922B1E0B09346
:10DCA200BA22BFE0B093BB22B0E0B093BC22B1E095
:10DCB200B093C522B1E0B093C622BCE6B093BD22B8
:10DCC200B1E2B093BE224093BF225093C022609330
:10DCD200C1227093C222BFEFB093C322B7E0B093C8
:10DCE200C422B0E0B093C722B093C822B0E0B09390
:10DCF200C922B093CA22B0E0B093CB22B093CC2217
:10DD0200B0E0B093CD22B093CE22B0ECB093842396
:10DD1200B3E2B0938523B4E0B0938623BCE0B09322
:10DD22008723B0E0B0938823B4E7B0938923B0E0AF
:10DD3200B0938A23B7E3B0938B23B1E0B0938C23E3
:10DD4200BFE0B0938D23B0E0B0938E23B1E0B093E7
:10DD52009723B1E0B0939823BAE3B0938F23B1E253
:10DD6200B0939023409391235093922360939323F3
:10DD720070939423BFEFB0939523B7E0B0939623AB
:10DD8200B0E0B0939923B0939A23B0E0B0939B2371
:10DD9200B0939C23B0E0B0939D23B0939E23B0E058
:0ADDA200B0939F23B093A0230895CF
:10E56800CF93DF93CDB7DEB72F97CDBFDEBF219610
:10E578004F925F926F927F92B0E0B883B0E0B98318
:10E58800B0E0BC83B0E0BF83B0E0BA8720926627D2
:10E5980030926727F10132962191319100916427D9
:10E5A800109165270217130781F4009166271091CF
:10E5B8006727F801349621913191009162271091D3
:10E5C80063270217130709F46FC000904406BB279E
:10E5D80004FCB395BD8700904006BB2704FCB395A7
:10E5E800BE87B0914006B061B0934006B091440632
:10E5F800BF7EB09344060091662710916727F80103
:10E60800349621913191F8013296019111913F92FE
:10E618002F92290118010E94BC5000916627109181
:10E628006727F801349621913191F80132960191CA
:10E638001191B2E07B2EB1E06B2E290118010E94E6
:10E648004551BCEB2B2EB2E03B2E0E945952E09173
:10E658006627F0916727019111911801A3DB2F908C
:10E668003F902091662730916727F90132960191F2
:10E6780011910093642710936527F901349601914D
:10E6880011910093622710936327BD85B0FBB09169
:10E698004406B4F9B0934406BE85B0FBB091400679
:10E6A800B4F9B09340060CC0E0916627F091672753
:10E6B800019111913F922F92180174DB2F903F9096
:10E6C8002092662730926727009166271091672766
:10E6D800F801369610810881011708F0F5C00091FD
:10E6E800662710916727F8013796219131910981A2
:10E6F80010E00217130780F500916627109167272D
:10E70800F80139964191519161917191098110E017
:10E71800212F312F000F111F221F331F040F151F28
:10E72800261F371F2BBFF801079117910A831B83F8
:10E73800F801329610810881011771F409810F5F81
:10E74800098308810F5F08833F922F922A803B80BC
:10E758000E9424582F903F900091662710916727B8
:10E76800F8013D96219131910C8110E002171307B1
:10E7780080F50091662710916727F8013F9641912F
:10E788005191619171910C8110E0212F312F000F6F
:10E79800111F221F331F040F151F261F371F2BBFE2
:10E7A800F801079117910D831E83F80132961081A5
:10E7B8000881011771F408810F5F08830C810F5FCE
:10E7C8000C833F922F922D803E800E941E592F90DD
:10E7D8003F900091662710916727F8017396219161
:10E7E80031910F8110E00217130780F50091662719
:10E7F80010916727F8017596419151916191719136
:10E808000F8110E0212F312F000F111F221F331FFE
:10E81800040F151F261F371F2BBFF80107911791EB
:10E8280008871987F801329610810881011771F459
:10E838000F810F5F0F8308810F5F08833F922F922C
:10E84800288439840E948E5A2F903F900091662721
:10E8580010916727F8017996219131910A8510E086
:10E868000217130780F50091662710916727F801B2
:10E878007B9641915191619171910A8510E0212F08
:10E88800312F000F111F221F331F040F151F261FC2
:10E89800371F2BBFF801079117910B871C87F801C9
:10E8A800329610810881011771F40A850F5F0A8773
:10E8B80008810F5F08833F922F922B843C840E942B
:10E8C800425B2F903F9000CF7F906F905F904F906A
:0CE8D8002E96CDBFDEBFDF91CF910895DA
:10B048002F923F924F925F926F927F928F929F9230
:10B05800F1013E960081013009F0E3C00091E1233F
:10B06800013069F5B0E0B093E123F1017B9671916D
:10B078008191F1017D9651916191F1017A9640811A
:10B08800F10179963081F1017F9611912191F101B9
:10B09800709600813F922F92752E862E642E532E25
:10B0A800312E422E202E8F937F930E94F749ADB701
:10B0B800BEB71296ADBFBEBF2F903F9029C0F10119
:10B0C8007D9671918191F1017B9651916191F10188
:10B0D8007A964081F10179963081F1017F9611913C
:10B0E8002191F101709600813F922F92752E862E44
:10B0F800642E532E312E422E202E8F937F930E9442
:10B10800F749ADB7BEB71296ADBFBEBF2F903F90FF
:10B11800F1013B962081F1013C96019111913F92FA
:10B128002F92422E18010E94134A2F903F90F1014E
:10B13800359661917191F101399601911191060F3E
:10B14800171FA80141505040F101339621913191C8
:10B15800F101379601911191020F131F0150104010
:10B168003F922F924A0138012B0119010E94034591
:10B178002F903F90F101779641915191F10173968B
:10B1880001911191219131913F922F9288243A0196
:10B19800180129010E94664F2F903F90F1013596C2
:10B1A80041915191F101339621913191F1017196BB
:10B1B800019111913F922F923A01290118010E94A1
:10B1C800254A2F903F90F101359621913191F10157
:10B1D8003996019111910090E2231090E323001910
:10B1E800110916950795A801420F531FF1013396CF
:10B1F80021913191F1013796019111910090DF234E
:10B208001090E0230019110916950795200F311F9A
:10B21800F1017196019111913A01290118010E94D9
:10B22800BF4F9F908F907F906F905F904F903F900F
:04B238002F900895B6
:108A0600CF93DF93CDB7DEB72597CDBFDEBF2196D7
:108A16000091D42106959101201BB0E03B0BA901E2
:108A260000E010E0201731071CF440E050E00FC0D2
:108A36000091F6211091F7214017510740F000915F
:108A4600F6211091F72101501040A80100C00091B5
:108A5600D42110E001501040159507959801260D78
:108A6600371D2B833C8300E010E02017310724F4E8
:108A7600B0E0BB83BC8311C02B813C810091F62101
:108A86001091F7212017310740F00091F62110913F
:108A9600F721015010400B831C830091D421002341
:108AA60009F455C05F934F939F928F927F926F9276
:108AB6005F924F923F922F9232014B805C801A0157
:108AC600F8D82F903F904F905F906F907F908F9047
:108AD6009F904F915F919F928F927F926F925F923C
:108AE6004F923F922F9234014B805C801A01E1D85D
:108AF6002F903F904F905F906F907F908F909F90B8
:108B06009F928F927F926F925F924F923F922F9297
:108B160031011201240179DE2F903F904F905F9032
:108B26006F907F908F909F909F928F927F926F927F
:108B36005F924F923F922F921201240166DE2F9090
:108B46003F904F905F906F907F908F909F90009195
:108B56002B22002309F41AC10091292210912A22FE
:108B6600088319834091D4214A83042F10E00F5FB4
:108B76001F4F9801359527958901020D131D180180
:108B86008901040D151D2801042F10E00E5F1F4FEB
:108B96009801359527958301021B130B3801840133
:108BA600021B130B480100912C22002309F4B2C0CA
:108BB60000912F22003009F056C0C201AC01841684
:108BC600950608F44FC09401241935098A01041941
:108BD60015095F934F939F928F927F926F925F9248
:108BE6004F923F922F924901380140902322509094
:108BF600242220902D2230902E220E94D6302F90B3
:108C06003F904F905F906F907F908F909F904F9185
:108C16005F915F924F923F922F92B1E04B2E1801D7
:108C2600FFD32F903F904F905F905F934F939F920B
:108C36008F927F926F925F924F923F922F92230173
:108C46003A0137D82F903F904F905F906F907F906A
:108C56008F909F904F915F918A010F5F1F4FC801C0
:108C6600AC01ADCF56C0C101AC016416750608F45F
:108C760050C09301221933098A01021913095F931F
:108C86004F939F928F927F926F925F924F923F92F5
:108C96002F9249013801409023225090242220909F
:108CA6002D2230902E220E94D6302F903F904F904A
:108CB6005F906F907F908F909F904F915F915F92A2
:108CC6004F923F922F92B1E04B2E1801A9D32F90CD
:108CD6003F904F905F905F934F939F928F927F92BA
:108CE6006F925F924F923F922F923A0112012401A6
:108CF6008CDD2F903F904F905F906F907F908F907C
:108D06009F904F915F918A010F5F1F4FC801AC0181
:108D1600ACCF33C05F924F923F922F92B1E04B2E71
:108D260020902122309022227BD32F903F904F908B
:108D36005F9092018216930600F13F932F939F92C4
:108D46008F927F926F925F924F923F922F92230162
:108D560039010E945C3E2F903F904F905F906F903C
:108D66007F908F909F902F913F9189010F5F1F4FAA
:108D7600502F612F252F362FDDCF088119810093C3
:108D8600292210932A220A810093D4212496CDBF4A
:088D9600DEBFDF91CF910895CB
:1061AC00CF93DF93CDB7DEB72897CDBFDEBF219657
:1061BC002F923F924F925F92B0E07B1611F4B0E0B9
:1061CC006B1611F4810185C06814790411F48201F5
:1061DC0080C0AE014A5F5F4F9E012D5F3F4F8E0125
:1061EC009F928F927F926F925F924F924A013901E8
:1061FC00280128D84F905F90AE01495F5F4F9E01F8
:10620C002C5F3F4F8E010F5F1F4F4A013901120166
:10621C00280118D86F907F908F909F90A30160E019
:10622C00762F098110E00880B0E01B2E00191109AF
:10623C0020E017FD2FEF322FCCD89F928F927F92B8
:10624C006F92A40160E0762FE2D889019A016F90D9
:10625C007F908F909F904881040F0A83A30160E088
:10626C00762F0C8110E00B80B0E01B2E0019110969
:10627C0020E017FD2FEF322FACD89F928F927F9298
:10628C006F92A40160E0762FC2D889019A016F90B9
:10629C007F908F909F904B81040F0D83A30160E042
:1062AC00762F0F8110E00E80B0E01B2E0019110923
:1062BC0020E017FD2FEF322F8CD8A40160E0762F51
:1062CC00A6D889019A014E81040F402E3D802A8068
:1062DC002AD85F904F903F902F902796CDBFDEBF6E
:0662EC00DF91CF9108953F
:10525000BBE0810116950795BA95E1F7000F000FA5
:10526000000FF2010083B5E0810116950795BA950C
:10527000E1F7000F000FF3010083022D000F000F74
:08528000000FF4010083089502
:10533200022D069506950695202EBBE0202F30E023
:10534200220F331FBA95E1F7032D06950695302EED
:10535200B5E010E0000F111FBA95E1F7202B312BB9
:10536200042D069506950695402E10E0022B132B70
:0253720008959C
:1053DE00049FD001159FF001249FE00DF11D069F43
:1053EE00E00DF11D349FF00D259FF00D169FF00D71
:1053FE00079FF00D3327149FB00DE11DF31F059F7E
:0C540E00B00DE11DF31F8D019F010895FA
:10541A00C9019A01AB01B80197FB092E05260ED0E6
:10542A0057FD04D014D00AD0001C38F4509540958A
:10543A00309521953F4F4F4F5F4F0895F6F790955E
:10544A008095709561957F4F8F4F9F4F0895A1E288
:10545A001A2EAA1BBB1BFD010DC0AA1FBB1FEE1FE4
:10546A00FF1FA217B307E407F50720F0A21BB30B2F
:10547A00E40BF50B661F771F881F991F1A9469F7AB
:10548A0060957095809590959B01AC01BD01CF0107
:02549A00089573
:10944A0020E030E00091F6211091F72140165106F4
:10945A0008F059C000913222109133226016710629
:10946A0008F051C0B0E0B093DF23B093E023B0E03E
:10947A00B093E223B093E323F10181010F5F1F4F01
:10948A0018010081102F002391F10091FD21002382
:10949A00D9F03F932F937F926F925F924F923F92B0
:1094AA002F92212EB0E03B2E0E940F302F903F903A
:1094BA004F905F906F907F902F913F910F5F1F4F5A
:1094CA00020F131F980112C03F932F933F922F92BE
:1094DA00212EB0E03B2E0E949C2F2F903F902F917F
:1094EA003F910F5F1F4F020F131F9801C5CF2093A3
:1094FA00DF233093E023009143221091442200930A
:08950A00E2231093E32308950E
:10601E002F923F924F925F926F927F920091302219
:10602E00109131222016310618F400E010E034C031
:10603E0000913E2210913F220215130518F400E044
:10604E0010E02AC0009030221090312281010019F8
:10605E001109A801440F551F440F551F00911D2211
:10606E0010911E2220911F2230912022085F1F4F77
:10607E002F4F3F4F040F151FB0E02B1F3B1FB4E0F7
:10608E006B2EB0E07B2E1801290157DA1EEF21E2AC
:10609E00E12FF22F008110E07F906F905F904F9074
:0660AE003F902F900895C1
:105F38004F925F926F927F928F920091382000303B
:105F480091F404EF11E03F922F928824662477247D
:105F58001801B0E04B2E542C0E94664F2F903F90B2
:105F6800B1E0B093382000913022109131222016F0
:105F7800310618F400E010E02BC000913E22109189
:105F88003F220215130518F400E010E021C000902C
:105F9800302210903122810100191109A801440F03
:105FA800551F440F551F00913A2210913B22209112
:105FB8003C2230913D22085F1F4F2F4F3F4F040F67
:105FC800151FB0E02B1F3B1F2BBFF801069110E0F7
:0C5FD8008F907F906F905F904F90089525
:10B23C002F923F924F925F926F927F928F929F923A
:10B24C00F1013E960081013009F035C10091E123F6
:10B25C00013069F5B0E0B093E123F1017B96719177
:10B26C008191F1017D9651916191F1017A96408124
:10B27C00F10179963081F1017F9611912191F101C3
:10B28C00709600813F922F92752E862E642E532E2F
:10B29C00312E422E202E8F937F930E94F749ADB70B
:10B2AC00BEB71296ADBFBEBF2F903F9029C0F10123
:10B2BC007D9671918191F1017B9651916191F10192
:10B2CC007A964081F10179963081F1017F96119146
:10B2DC002191F101709600813F922F92752E862E4E
:10B2EC00642E532E312E422E202E8F937F930E944C
:10B2FC00F749ADB7BEB71296ADBFBEBF2F903F900A
:10B30C00F1013B962081F1013C96019111913F9204
:10B31C002F92422E18010E94134A2F903F90F10158
:10B32C00399621913191F1013796019111910217C2
:10B33C001307B0F5F1013796419151912A015694BA
:10B34C00479456944794F101359621913191F1012E
:10B35C00399601911191020F131FC8010297F10147
:10B36C003396619171918A01060F171FA801425003
:10B37C0050402F5F3F4F8B010F5F1F4F3F922F921B
:10B38C005F924F924C013A01290118010E942E3311
:10B39C00ADB7BEB71296ADBFBEBF2F903F9034C0B5
:10B3AC00F1013996019111912801569447945694C4
:10B3BC004794F101359621913191020F131FC80169
:10B3CC000297F101339661917191F10137960191D8
:10B3DC001191060F171FA801425050402F5F3F4F8D
:10B3EC008B010F5F1F4F3F922F925F924F924C0138
:10B3FC003A01290118010E942E33ADB7BEB712963F
:10B40C00ADBFBEBF2F903F90F10177964191519106
:10B41C00F101739601911191219131913F922F92EB
:10B42C0088243A01180129010E94664F2F903F9001
:10B43C00F101359641915191F10133962191319160
:10B44C00F1017196019111913F922F923A012901CC
:10B45C0018010E94254A2F903F90F10135962191B9
:10B46C003191F1013996019111910090E2231090E4
:10B47C00E3230019110916950795A801420F531FD4
:10B48C00F101339621913191F1013796019111918E
:10B49C000090DF231090E0230019110916950795F1
:10B4AC00200F311FF1017196019111913A0129017F
:10B4BC0018010E94BF4F9F908F907F906F905F906C
:08B4CC004F903F902F9008956E
:10665C00CF93DF93CDB7DEB76497CDBFDEBF219666
:10666C00098D1A8D098F1A8F910126193709A901E5
:10667C0000E010E02017310774F420E030E0241B18
:10668C00350B098D1A8D000F111F2017310710F4CF
:10669C000C94833B09C0098D1A8D000F111F4017F4
:1066AC00510710F40C94833B920128193909A90164
:1066BC0000E010E02017310774F420E030E0241BD8
:1066CC00350B098D1A8D000F111F2017310710F48F
:1066DC000C94833B09C0098D1A8D000F111F4017B4
:1066EC00510710F40C94833B00912122109122222B
:1066FC00098B1A8B00912C220B8B00912922109163
:10670C002A220093212210932222B0E0B0932C2253
:10671C00498D5A8D9A01240D351D098C1A8CB301A3
:10672C00601971098901061B170B0E831F83420D1B
:10673C00531D8901041B150B08871987098C1A8CAA
:10674C009401201931098901041B150B0A871B8739
:10675C008901061B170B0C871D8700912B22002328
:10676C0009F43DC50091292210912A220E871F871A
:10677C000091D421088BB0E0BC83BD83098D1A8DA8
:10678C000A831B83098D1A8D000F111F080103E06A
:10679C0010E000191109088319830A811B819801E3
:1067AC002F5F3F4F0C811D81021713070CF020C483
:1067BC000B89002309F42BC300912F22003009F020
:1067CC0098C1A40144195509098C1A8C94012019FB
:1067DC0031090A811B81020F131F041915099F929D
:1067EC008F927F926F925F924F923F922F924A01BB
:1067FC003801409023225090242220902D2230905A
:10680C002E22CEDC2F903F904F905F906F907F9018
:10681C008F909F905F924F923F922F92B1E04B2EB0
:10682C0018010E94134A2F903F904F905F90098C53
:10683C001A8C9401201931090A811B81A801420F7D
:10684C00531F098C1A8C9301201931090C811D815D
:10685C00200F311F098D1A8D020D131D0C801D8008
:10686C00001911099F928F927F926F925F924F92B3
:10687C003F922F923A01290118010E945C3E2F9001
:10688C003F904F905F906F907F908F909F9094016E
:10689C0024193509098D1A8D040D151D0A801B80CC
:1068AC0000191109041915099F928F927F926F920A
:1068BC005F924F923F922F924901380140902322D0
:1068CC005090242220902D2230902E2269DC2F9083
:1068DC003F904F905F906F907F908F909F905F92C2
:1068EC004F923F922F92B1E04B2E18010E94134A07
:1068FC002F903F904F905F90698D7A8D8B01040D96
:10690C00151D0A801B80A80140195109098C1A8C8D
:10691C009301201931090C811D81200F311F8B012E
:10692C00020D131D0C801D80001911099F928F926E
:10693C007F926F925F924F923F922F923A01290170
:10694C0018010E945C3E2F903F904F905F906F908B
:10695C007F908F909F90A40144195509098C1A8C33
:10696C009401201931090C811D81020F131F041988
:10697C0015099F928F927F926F925F924F923F92E6
:10698C002F924A01380140902322509024222090CB
:10699C002D2230902E2204DC2F903F904F905F9050
:1069AC006F907F908F909F905F924F923F922F921B
:1069BC00B1E04B2E18010E94134A2F903F904F903C
:1069CC005F90098C1A8CB401601971090C811D81BE
:1069DC00A801460F571F0A801B808B010019110953
:1069EC000A841B849801201931090A811B81060F26
:1069FC00171F0C841D84001911099F928F927F928E
:106A0C006F925F924F923F922F923A012901180197
:106A1C000E945C3E2F903F904F905F906F907F90C4
:106A2C008F909F90940124193509098D1A8D040DAE
:106A3C00151D0C801D8000191109041915099F9250
:106A4C008F927F926F925F924F923F922F92490159
:106A5C003801409023225090242220902D223090F7
:106A6C002E229EDB2F903F904F905F906F907F90E7
:106A7C008F909F905F924F923F922F92B1E04B2E4E
:106A8C0018010E94134A2F903F904F905F90098DF0
:106A9C001A8DB801640D751D0C801D80AB01401959
:106AAC0051090A811B81060F171F0E801F80980148
:106ABC00201931090A801B808B01001911090884E7
:106ACC001984001911099F928F927F926F925F9295
:106ADC004F923F922F923A01290118010E945C3E7D
:106AEC002F903F904F905F906F907F908F909F90E2
:106AFC008DC1A30142195309098C1A8C93012019D9
:106B0C0031090C811D81020F131F021913099F9269
:106B1C008F927F926F925F924F923F922F924A0187
:106B2C003801409023225090242220902D22309026
:106B3C002E2236DB2F903F904F905F906F907F907E
:106B4C008F909F905F924F923F922F92B1E04B2E7D
:106B5C0018010E94134A2F903F904F905F90098C20
:106B6C001A8C9301201931090C811D81A801420F47
:106B7C00531F098C1A8C9401201931090A811B812D
:106B8C00200F311F098D1A8D040D151D0A801B80D5
:106B9C00001911099F928F927F926F925F924F9280
:106BAC003F922F923A01290118010E9408442F901C
:106BBC003F904F905F906F907F9093012219330913
:106BCC00098D1A8D020D131D0C801D8000191109E1
:106BDC00021913097F926F925F924F923F922F92FC
:106BEC0049013801409023225090242220902D22DC
:106BFC0030902E22D5DA2F903F904F905F906F906F
:106C0C007F908F909F905F924F923F922F92B1E026
:106C1C004B2E18010E94134A2F903F904F905F907B
:106C2C00698D7A8D8B01020D131D0C801D80A801BE
:106C3C0040195109098C1A8C9401201931090A81C7
:106C4C001B81200F311F8B01040D151D0A801B8029
:106C5C00001911099F928F927F926F925F924F92BF
:106C6C003F922F923A01290118010E9408442F905B
:106C7C003F904F905F906F907F90A3014219530902
:106C8C00098C1A8C9301201931090A811B81020F7E
:106C9C00131F021913097F926F925F924F923F92CA
:106CAC002F924A01380140902322509024222090A8
:106CBC002D2230902E2274DA2F903F904F905F90BF
:106CCC006F907F908F909F905F924F923F922F92F8
:106CDC00B1E04B2E18010E94134A2F903F904F9019
:106CEC005F90098C1A8CC301801991090A811B8150
:106CFC00B801680F791F0C811D819801280F391F6D
:106D0C000C851D85A801420F531F0C801D809C0112
:106D1C00201931090E811F81020F131F9F928F9230
:106D2C007F926F925F924F923F922F923B012A017A
:106D3C0018010E9408442F903F904F905F906F90E5
:106D4C007F90930122193309098D1A8D020D131DA1
:106D5C000A801B8000191109021913097F926F9286
:106D6C005F924F923F922F9249013801409023221B
:106D7C005090242220902D2230902E2211DA2F9028
:106D8C003F904F905F906F907F908F909F905F920D
:106D9C004F923F922F92B1E04B2E18010E94134A52
:106DAC002F903F904F905F90098D1A8DC801820DE6
:106DBC00931D0A801B80BC01601971090C801D8019
:106DCC009C012019310908851985A801420F531F10
:106DDC000C811D819801280F391F0A851B85020F14
:106DEC00131F9F928F927F926F925F924F923F925E
:106DFC002F923B012A0118010E9408442F903F90CA
:106E0C004F905F906F907F908F909F90BAC0098940
:106E1C001A890093292210932A22B1E0B093D4212D
:106E2C00098C1A8C9401201931090A811B81A80143
:106E3C00420F531F098C1A8C9301201931090C81B4
:106E4C001D81200F311F098D1A8D020D131D0C8011
:106E5C001D80001911099F928F927F926F925F9201
:106E6C004F923F922F923A01290118011FD72F9070
:106E7C003F904F905F906F907F90698D7A8D8B01D2
:106E8C00040D151D0A801B80A80140195109098C9D
:106E9C001A8C9301201931090C811D81200F311F8F
:106EAC008B01020D131D0C801D80001911097F929E
:106EBC006F925F924F923F922F923A0129011801E3
:106ECC00F5D62F903F904F905F906F907F908F9062
:106EDC009F90098C1A8CB401601971090C811D8169
:106EEC00A801460F571F0A801B808B01001911093E
:106EFC000A841B849801201931090A811B81060F11
:106F0C00171F0C841D84001911099F928F927F9278
:106F1C006F925F924F923F922F923A012901180182
:106F2C00C5D62F903F904F905F90098D1A8DB80168
:106F3C00640D751D0C801D80AB01401951090A812F
:106F4C001B81060F171F0E801F8098012019310915
:106F5C000A801B808B0100191109088419840019FF
:106F6C0011095F924F923F922F923A012901180119
:106F7C009DD62F903F904F905F906F907F908F9009
:106F8C009F902881398100E010E02017310784F4AC
:106F9C000C811D81000F111F000F111F98012A5F1A
:106FAC003F4F08811981020F131F0883198319C0E1
:106FBC000A801B800C811D8100191109000F111F03
:106FCC00000F111F9801265F3F4F08811981020F96
:106FDC00131F088319830A811B81015010400A83F7
:106FEC001B830C811D810F5F1F4F0C831D83D5CB21
:106FFC000B89002309F4BFC000912F22003009F047
:10700C005CC0098D1A8D040D151D0A831B83098C18
:10701C001A8C9401201931090A811B812017310720
:10702C0008F44AC09401241935090A811B810419FA
:10703C0015099F928F927F926F925F924F923F921F
:10704C002F92490138014090232250902422209005
:10705C002D2230902E22A4D82F903F904F905F90ED
:10706C006F907F908F909F905F924F923F922F9254
:10707C00B1E04B2E18010E94134A2F903F904F9075
:10708C005F909F928F927F926F925F924F923F92FE
:10709C002F9223016A807B8009D62F903F904F90CE
:1070AC005F906F907F908F909F900A811B810F5FF4
:1070BC001F4F0A831B83ABCF5DC0098D1A8D020D48
:1070CC00131D0C831D83098C1A8C93012019310913
:1070DC000C811D812017310708F44CC09301221933
:1070EC0033090C811D81021913099F928F927F9293
:1070FC006F925F924F923F922F92490138014090CC
:10710C0023225090242220902D2230902E2248D8D9
:10711C002F903F904F905F906F907F908F909F90AB
:10712C005F924F923F922F92B1E04B2E18010E942A
:10713C00134A2F903F904F905F909F928F927F9227
:10714C006F925F924F923F922F926C807D801201D2
:10715C0024010E9408442F903F904F905F906F90B5
:10716C007F908F909F900C811D810F5F1F4F0C8320
:10717C001D83A9CF2BC0098D1A8D040D151D0A83F3
:10718C001B83098C1A8C9401201931090A811B81EB
:10719C0020173107D8F09F928F927F926F925F9257
:1071AC004F923F922F9223016A807B807FD52F9044
:1071BC003F904F905F906F907F908F909F900A813F
:1071CC001B810F5F1F4F0A831B83DBCF0E851F852F
:1071DC000093292210932A2208890093D421B0E02D
:1071EC00BC83BD83098D1A8D0A831B83098D1A8D6F
:1071FC00000F111F080103E010E0001911090883AA
:10720C0019830A811B8198012F5F3F4F0C811D81CF
:10721C00021713070CF0A2C10091D42110E0015009
:10722C001040A80155954795098C1A8C940120198A
:10723C0031090A811B81200F311F098D1A8D020D16
:10724C00131D0C801D80001911099F928F927F9243
:10725C006F925F924F923F922F92B1E08B2E3A0138
:10726C00290118010E94462B2F903F904F905F9060
:10727C006F907F908F909F900091D42110E00150DF
:10728C001040B80175956795098C1A8C94012019DA
:10729C0031090A811B81A801420F531F098C1A8CDA
:1072AC009301201931090C811D81020F131F9F922C
:1072BC008F927F926F925F924F923F922F92B1E09A
:1072CC008B2E3B012A0118010E94462B2F903F90D8
:1072DC004F905F900091D42110E001501040B80104
:1072EC0075956795498D5A8D8A01040D151D0A8077
:1072FC001B809801201931098A01020D131D0C8085
:10730C001D80001911095F924F923F922F92B1E0AC
:10731C008B2E3B01290118010E94462B2F903F9088
:10732C004F905F906F907F900091D42110E00150AE
:10733C001040B80175956795098D1A8D040D151DB2
:10734C000A801B80A80140195109098C1A8C9301E1
:10735C00201931090C811D81020F131F7F926F922E
:10736C005F924F923F922F92B1E08B2E3B012A01FC
:10737C0018010E94462B2F903F904F905F906F907A
:10738C007F908F909F900091D42110E0015010407D
:10739C00B80175956795098C1A8CA401401951098F
:1073AC000C811D819801240F351F0A811B81040F4C
:1073BC00151F0C841D84001911099F928F927F92C6
:1073CC006F925F924F923F922F92B1E08B2E3B01C6
:1073DC00290118010E94462B2F903F904F905F90EF
:1073EC006F907F908F909F900091D42110E001506E
:1073FC001040B80175956795098C1A8CA401401939
:10740C0051090C811D819801240F351F0A801B80A6
:10741C008A01001911090A841B84001911099F9211
:10742C008F927F926F925F924F923F922F92B1E028
:10743C008B2E3B01290118010E94462B2F903F9067
:10744C004F905F900091D42110E001501040A801A2
:10745C0055954795098D1A8D040D151D0C801D80B1
:10746C009801201931090A801B8000191109088420
:10747C001984001911095F924F923F922F92B1E03B
:10748C008B2E3A01290118010E94462B2F903F9018
:10749C004F905F900091D42110E001501040B80142
:1074AC0075956795098D1A8DA801440D551D0C8095
:1074BC001D809A01201931090A811B81040F151FA7
:1074CC000E801F80001911095F924F923F922F92EC
:1074DC00B1E08B2E3B01290118010E94462B2F9005
:1074EC003F904F905F906F907F908F909F902881EE
:1074FC00398100E010E02017310784F40C811D81E4
:10750C00000F111F000F111F98012A5F3F4F0881B8
:10751C001981020F131F0883198319C00A801B805D
:10752C000C811D8100191109000F111F000F111F73
:10753C009801265F3F4F08811981020F131F0883A2
:10754C0019830A811B81015010400A831B830C8113
:10755C001D810F5F1F4F0C831D8353CE098C1A8C1A
:10756C00930120193109098D1A8D020D131D9F925B
:10757C008F927F926F925F924F923F922F92420125
:10758C00390118010E946B522F903F904F905F90E1
:10759C006F907F908F909F900091D42100FF1FC01F
:1075AC00098C1A8C930120193109098D1A8D020D41
:1075BC00131D9F928F927F926F925F924F923F9288
:1075CC002F923901240118010E946B522F903F9089
:1075DC004F905F906F907F908F909F9022C0A401EE
:1075EC004F5F5F4F098C1A8C930120193109098D5B
:1075FC001A8D020D131D9F928F927F926F925F9244
:10760C004F923F922F924A0139012A0118010E9490
:10761C006B522F903F904F905F906F907F908F9018
:10762C009F90098C1A8C940120193109098D1A8D9F
:10763C00040D151D9F928F927F926F925F924F92C5
:10764C003F922F924901310128010E946B522F90D9
:10765C003F904F905F906F907F908F909F90009194
:10766C00D42100FF1FC0098C1A8C940120193109F8
:10767C00098D1A8D040D151D9F928F927F926F921A
:10768C005F924F923F922F924901280113010E9461
:10769C006B522F903F904F905F906F907F908F9098
:1076AC009F9022C0098C1A8CA40140195109930196
:1076BC002F5F3F4F098D1A8D040D151D9F928F92D0
:1076CC007F926F925F924F923F922F924A013901B3
:1076DC00280119010E946B522F903F904F905F90A0
:1076EC006F907F908F909F9009891A890093212227
:1076FC00109322220B8900932C226396CDBFDEBF00
:06770C00DF91CF9108950A
:10568C00CF93DF93CDB7DEB76397CDBFDEBF219647
:10569C009F920091D421088B0091292210912A22EB
:1056AC00098B1A8BB1E0B093D42100912122109177
:1056BC0022220093292210932A228101061917090C
:1056CC000F5F1F4F088719878301020D131D0150AF
:1056DC0010400A871B878201061917090F5F1F4F9D
:1056EC000C871D878301040D151D015010400E877A
:1056FC001F87B0E0BC83BD838201021913090E839E
:10570C001F836A827B828301000F111F080103E053
:10571C0010E000191109088319830A811B81980173
:10572C002F5F3F4F0C811D81021713070CF0EEC346
:10573C0000912C22002309F4AEC200912F220030DC
:10574C0009F057C10C841D842E853F852019310921
:10575C000A811B81040D151D0C841D84001911096F
:10576C008F927F926F925F924F923F922F9249014C
:10577C003801409023225090242220902D223090EA
:10578C002E220ED52F903F904F905F906F907F9070
:10579C008F905F924F923F922F92B1E04B2E180157
:1057AC000E94134A2F903F904F905F900A811B816B
:1057BC00A801440D551D0C801D8091012019310943
:1057CC000C811D81020D131D8F927F926F925F923F
:1057DC004F923F922F923A01290118010E945C3E90
:1057EC002F903F904F905F900C841D842E853F85A9
:1057FC00201931090A801B808201001911090C84BF
:10580C001D84001911095F924F923F922F9249010A
:10581C003801409023225090242220902D22309049
:10582C002E22BED42F903F904F905F906F907F9020
:10583C008F905F924F923F922F92B1E04B2E1801B6
:10584C000E94134A2F903F904F905F900A801B80CC
:10585C00A201401951090C801D80910120193109B8
:10586C000C811D81020D131D8F927F926F925F929E
:10587C004F923F922F923A01290118010E945C3EEF
:10588C002F903F904F905F900C841D842E853F8508
:10589C00201931090C811D81040D151D0C841D84EA
:1058AC00001911095F924F923F922F9249013801D2
:1058BC00409023225090242220902D2230902E2292
:1058CC006FD42F903F904F905F906F907F908F9000
:1058DC005F924F923F922F92B1E04B2E18010E9493
:1058EC00134A2F903F904F905F900C811D81A8011F
:1058FC00440D551D0A801B808201001911090E8070
:10590C001F809801201931090A811B81040D151D76
:10591C000E801F80001911098F927F926F925F92F7
:10592C004F923F922F923A01290118010E945C3E3E
:10593C002F903F904F905F900C841D842E853F8557
:10594C00201931090C801D808201001911090C8469
:10595C001D84001911095F924F923F922F924901B9
:10596C003801409023225090242220902D223090F8
:10597C002E2216D42F903F904F905F906F907F9077
:10598C008F905F924F923F922F92B1E04B2E180165
:10599C000E94134A2F903F904F905F900C801D8077
:1059AC00A201401951090A801B80820100191109BA
:1059BC000E801F809801201931090A811B81040D6A
:1059CC00151D0E801F80001911098F927F926F9206
:1059DC005F924F923F922F923A01290118010E9437
:1059EC005C3E2F903F904F905F906F907F908F9088
:1059FC0051C1088419842A853B85201931090C81F1
:105A0C001D81020D131D08841984001911098F9230
:105A1C007F926F925F924F923F922F924901380181
:105A2C00409023225090242220902D2230902E2220
:105A3C00B7D32F903F904F905F906F907F908F9047
:105A4C005F924F923F922F92B1E04B2E18010E9421
:105A5C00134A2F903F904F905F900C811D81A801AD
:105A6C00420D531D0A801B809201201931090A81B5
:105A7C001B81040D151D8F927F926F925F924F9236
:105A8C003F922F923A01290118010E9408442F904D
:105A9C003F90088419842A853B85201931090C8094
:105AAC001D8081010019110908841984001911093C
:105ABC003F922F924901380140902322509024228A
:105ACC0020902D2230902E226BD32F903F904F9010
:105ADC005F906F907F908F905F924F923F922F923A
:105AEC00B1E04B2E18010E94134A2F903F904F901B
:105AFC005F900C801D80A101401951090A801B8008
:105B0C009201201931090A811B81040D151D8F92F8
:105B1C007F926F925F924F923F922F923A0129019E
:105B2C0018010E9408442F903F904F905F9008847A
:105B3C0019842A853B85201931090A811B81040DA2
:105B4C00151D0E801F800019110908841984001975
:105B5C0011095F924F923F922F9249013801409068
:105B6C0023225090242220902D2230902E2218D3C4
:105B7C002F903F904F905F906F907F908F905F929F
:105B8C004F923F922F92B1E04B2E18010E94134A74
:105B9C002F903F904F905F900A811B81040D151D33
:105BAC000E801F80A801401951090C801D809201A4
:105BBC00201931090C811D81040D151D8F927F92C6
:105BCC006F925F924F923F922F923A0129011801E6
:105BDC000E9408442F903F904F905F900884198446
:105BEC002A853B85201931090A801B808201001906
:105BFC0011090E801F8000191109088419840019DD
:105C0C0011095F924F923F922F92490138014090B7
:105C1C0023225090242220902D2230902E22C0D26C
:105C2C002F903F904F905F906F907F908F905F92EE
:105C3C004F923F922F92B1E04B2E18010E94134AC3
:105C4C002F903F904F905F900A801B80820100192B
:105C5C0011090E801F80A801401951090C801D806C
:105C6C009201201931090C811D81040D151D8F9293
:105C7C007F926F925F924F923F922F923A0129013D
:105C8C0018010E9408442F903F904F905F906F90A6
:105C9C007F908F9004C1B0E08B1609F07CC00C8112
:105CAC001D81A801420D531D0A801B8092012019F1
:105CBC0031090A811B81040D151D8F927F926F9201
:105CCC005F924F923F922F923A01290118010E9444
:105CDC0008442F903F904F905F900C801D80A10145
:105CEC00401951090A801B809201201931090A813F
:105CFC001B81040D151D5F924F923F922F923A011A
:105D0C00290118010E9408442F903F904F905F90FA
:105D1C000A811B81040D151D0E801F80A8014019DE
:105D2C0051090C801D809201201931090C811D81B3
:105D3C00040D151D5F924F923F922F923A0129014B
:105D4C0018010E9408442F903F904F905F900A805A
:105D5C001B808201001911090E801F80A8014019B7
:105D6C0051090C801D809201201931090C811D8173
:105D7C00040D151D5F924F923F922F923A0129010B
:105D8C0018010E9408442F903F904F905F906F90A5
:105D9C007F908F9084C00A811B81A801440D551DF2
:105DAC000C801D809101201931090C811D81020D7F
:105DBC00131D8F927F926F925F924F923F922F9210
:105DCC003A01290118010E945C3E2F903F904F90A0
:105DDC005F900A801B80A201401951090C801D8024
:105DEC009101201931090C811D81020D131D5F9247
:105DFC004F923F922F923A01290118010E945C3E6A
:105E0C002F903F904F905F900C811D81A801440D05
:105E1C00551D0A801B808201001911090E801F80FC
:105E2C009801201931090A811B81040D151D0E8062
:105E3C001F80001911095F924F923F922F923A01E5
:105E4C00290118010E945C3E2F903F904F905F906B
:105E5C000C801D80A201401951090A801B8082010F
:105E6C00001911090E801F809801201931090A812F
:105E7C001B81040D151D0E801F80001911095F92E6
:105E8C004F923F922F923A01290118010E945C3ED9
:105E9C002F903F904F905F906F907F908F902881C4
:105EAC00398100E010E02017310784F40C811D814A
:105EBC00000F111F000F111F98012A5F3F4F08811F
:105ECC001981020F131F0883198319C00A801B80C4
:105EDC000C811D8100191109000F111F000F111FDA
:105EEC009801265F3F4F08811981020F131F088309
:105EFC0019830A811B81015010400A831B830C817A
:105F0C001D810F5F1F4F0C831D8307CC08890093E5
:105F1C00D42109891A890093292210932A229F904F
:0C5F2C006296CDBFDEBFDF91CF910895DB
:10B51C002F923F924F925F926F927F928F92F10196
:10B52C0073960081013009F075C0F101719641915B
:10B53C005191F1013D9601911191219131913F92DF
:10B54C002F9288243A01180129010E94664F2F90EE
:10B55C003F90F101359641915191F1013396219132
:10B56C003191F1013B96019111913F922F923A0149
:10B57C00290118010E94254A2F903F90F101339622
:10B58C0021913191F1013796019111910090DF23B6
:10B59C001090E0230019110915950795A801420F89
:10B5AC00531FBA01F101359621913191F101399670
:10B5BC00019111910090E2231090E32300191109DD
:10B5CC0015950795020F131F980100E010E0401726
:10B5DC0051077CF000E010E02017310754F0F10126
:10B5EC003B960191119139012B0118010E94BF4F1B
:10B5FC0011C0F101359641915191F1013396219190
:10B60C003191F1013B96019111913A0129011801F7
:10B61C000E94BF4F8F907F906F905F904F903F90A4
:04B62C002F900895BE
:10B684002F923F924F925F926F927F928F929F92EE
:10B69400F1013E960081013009F088C00091E12358
:10B6A400013069F5B0E0B093E123F1017396719133
:10B6B4008191F101759651916191F10172964081E8
:10B6C400F10171963081F101779611912191F10187
:10B6D400709600813F922F92752E862E642E532EE3
:10B6E400312E422E202E8F937F930E94F749ADB7BF
:10B6F400BEB71296ADBFBEBF2F903F9029C0F101D7
:10B70400759671918191F101739651916191F10155
:10B7140072964081F10171963081F1017796119111
:10B724002191F101709600813F922F92752E862E01
:10B73400642E532E312E422E202E8F937F930E94FF
:10B74400F749ADB7BEB71296ADBFBEBF2F903F90BD
:10B75400F1013B962081F1013C96019111913F92B8
:10B764002F92422E18010E94134A2F903F90F1010C
:10B77400359661917191F101399601911191060FFC
:10B78400171FA80141505040F10133962191319186
:10B79400F101379601911191020F131F01501040CE
:10B7A4004A0138012B0119010E9403459F908F9093
:0EB7B4007F906F905F904F903F902F90089580
:10E944002F923F924F925F92CDDD002331F1BDEEC5
:10E954004B2EB1E25B2EBFEE2B2EB1E23B2EE0DA62
:10E964000030D1F44090ED215090EE212090EF2121
:10E974003090F021E7DC0091F121003069F4B1E03E
:10E98400B093F1214090ED215090EE212090EF21A1
:10E994003090F0210E941C5E11C00091F1210130E1
:10E9A40069F4B0E0B093F1214090ED215090EE2154
:10E9B4002090EF213090F0210E94EE5B5F904F9009
:06E9C4003F902F90089522
:10E4E800CF93DF93CDB7DEB72197CDBFDEBF21969F
:10E4F8002F92B091C407BB7FB093C407B091C407F3
:10E50800B77FB093C4070E94E15B2090FC21E091A3
:10E51800D221F091D321099520910A2230910B2222
:10E528002017310700E00CF401E008830E94E15B4A
:10E538002090FC21E091D221F091D32109952091DE
:10E548000A2230910B222017310710E00CF411E059
:10E55800088101232F90CDBFDEBFDF91CF910895B1
:00E56800B3
:10B7C2000E94E93D0E94E93D0E94E93D0E94E93D57
:0AB7D2000E94E93D0E94E93D089540
:0E7BD20013E003E10A95F1F71A95E1F7089523
:10DF2400CF93DF93CDB7DEB72697CDBFDEBF219663
:10DF34005F924F923F922F920E94185B009016229C
:10DF44001090172200191109088319830E942D5B70
:10DF54002F903F904F905F900090142210901522C4
:10DF6400001911090A831B8300913720013009F03D
:10DF7400B8C020910E2230910F2200910C221091F2
:10DF84000D220217130708F04DC00A811B810C8370
:10DF94001D830881198120E017FD2FEF322F409156
:10DFA4000C2250910D2260E0762F0E94EF29009000
:10DFB40016221090172240911822509119224019CC
:10DFC40051095F924F923F922F9260E0762F0E9408
:10DFD4000D2A89019A010A831B830C811D8120E08B
:10DFE40017FD2FEF322F40910E2250910F2260E047
:10DFF400762F0E94EF290090142210901522409150
:10E004001B2250911C224019510960E0762F0E9476
:10E014000D2A89019A012F903F904F905F900883B9
:10E0240019835EC020910C2230910D2200910E22A2
:10E0340010910F220217130708F052C008811981AA
:10E0440020E017FD2FEF322F40910E2250910F2226
:10E0540060E0762F0E94EF2900901622109017227C
:10E064004091182250911922401951095F924F9200
:10E074003F922F9260E0762F0E940D2A89019A0127
:10E08400088319830A811B8120E017FD2FEF322FAB
:10E0940040910C2250910D2260E0762F0E94EF29CE
:10E0A400009014221090152240911B2250911C22A2
:10E0B4004019510960E0762F0E940D2A89019A01C6
:10E0C4002F903F904F905F900A831B8308801980A4
:10E0D40000910E2210910F2200191109088319834F
:10E0E400C5C020910E2230910F2200910C22109174
:10E0F4000D220217130708F05EC00A811B810C83EE
:10E104001D830881198120E017FD2FEF322F4091E4
:10E114000C2250910D2260E0762F0E94EF2900908E
:10E12400162210901722409118225091192240195A
:10E1340051095F924F923F922F9260E0762F0E9496
:10E144000D2A89019A010A831B830C811D8120E019
:10E1540017FD2FEF322F40910E2250910F2260E0D5
:10E16400762F0E94EF2900901422109015224091DE
:10E174001B2250911C224019510960E0762F0E9405
:10E184000D2A89019A012F903F904F905F900A8049
:10E194001B8040910C2250910D22401951094A8351
:10E1A4005B83080100910E2210910F2200191109BE
:10E1B400088319835BC020910C2230910D220091B9
:10E1C4000E2210910F220217130708F04FC0088186
:10E1D400198120E017FD2FEF322F40910E2250912C
:10E1E4000F2260E0762F0E94EF29009016221090F3
:10E1F40017224091182250911922401951095F9217
:10E204004F923F922F9260E0762F0E940D2A89014F
:10E214009A01088319830A811B8120E017FD2FEFDF
:10E22400322F40910C2250910D2260E0762F0E94F3
:10E23400EF29009014221090152240911B22509136
:10E244001C224019510960E0762F0E940D2A890191
:10E254009A012F903F904F905F90080100910C22FB
:10E2640010910D22001911090A831B832881398119
:10E2740000E010E02017310754F028813981009123
:10E284000E2210910F222017310708F402C001E07A
:10E2940053C02A813B8100E010E02017310754F07D
:10E2A4002A813B8100910C2210910D222017310705
:10E2B40008F402C001E040C0009010221090112226
:10E2C4002881398120193109A90100901222109066
:10E2D40013220A811B8100191109B80108811981CF
:10E2E40000931022109311220A811B8100931222A1
:10E2F4001093132205E010E00217130784F005E0E1
:10E3040010E0061717075CF00BEF1FEF40175107DB
:10E3140034F00BEF1FEF601771070CF002C001E03F
:10E324000BC008811981F101019311930A811B81AA
:10E33400F2010193119300E02596CDBFDEBFDF917A
:04E34400CF910895D8
:10B630002F92B091C407B460B093C407B091C4070F
:10B64000B77FB093C407BDD020901A22E091D221D9
:0AB65000F091D32109952F90089581
:10B65A002F92B091C407BB7FB093C407B091C407BF
:10B66A00B860B093C407A8D02090FC21E091D22101
:0AB67A00F091D32109952F90089557
:10E34800B0E0B093DE21B093DF21B0E0B093DC21E0
:10E35800B093DD21B0E0B093E021B093E121B0E0CB
:10E36800B093E421B093E5210E9482540091E22108
:10E378001091E3211F3F09F40F3F09F4B0C0109139
:10E38800E2212091E3210091D7211017B0E007FD89
:10E39800BFEF2B0701F50091DE211091DF21F80175
:10E3A8003F9600810130B9F40091DE211091DF2100
:10E3B800F801BA9601911191103009F4003059F022
:10E3C8000091DE211091DF21F801BA960191119197
:10E3D800F801099584C01091E2212091E321009170
:10E3E800DB211017B0E007FDBFEF2B0701F5009107
:10E3F800DC211091DD21F8013F9600810130B9F44C
:10E408000091DC211091DD21F801BA96019111915A
:10E41800103009F4003059F00091DC211091DD2111
:10E42800F801BA9601911191F801099558C0109117
:10E43800E2212091E3210091DA211017B0E007FDD5
:10E44800BFEF2B0701F50091E0211091E121F801C0
:10E45800749600810130B9F40091E0211091E12116
:10E46800F8017B9601911191103009F4003059F0B0
:10E478000091E0211091E121F8017B960191119121
:10E48800F80109952CC01091E2212091E321009117
:10E49800E6211017B0E007FDBFEF2B0701F500914B
:10E4A800E4211091E521F8013F9600810130B9F48B
:10E4B8000091E4211091E521F801B29601911191A2
:10E4C800103009F4003059F00091E4211091E52151
:10E4D800F801B29601911191F801099500C00895CB
:00E4E80034
:10A904006F927F928F929F92BFEFB093D721BFEF48
:10A91400B093DB21BFEFB093DA21BFEFB093E62110
:10A92400B0E0B093E221B093E32100916627109147
:10A934006727F8013796219131910091E221109116
:10A94400E3210217130708F063C0009166271091F2
:10A954006727F80139964191519161917191009164
:10A96400E2211091E32120E017FD2FEF322F000F99
:10A97400111F221F331F040F151F261F371F2BBF44
:10A98400F801079117910093F4211093F521F80130
:10A994003F960081013089F50091F4211091F52151
:10A9A400F801399661917191F8013796419151916D
:10A9B400F801359621913191F80133960191119165
:10A9C400490138017F936F935F934F930E94F53D44
:10A9D400ADB7BEB71496ADBFBEBF013071F41091D0
:10A9E400F4212091F521E12FF22F3296008100937A
:10A9F400D7211093DE212093DF210091E2211091D1
:10AA0400E3210F5F1F4F0093E2211093E3218DCFC9
:10AA1400B0E0B093E221B093E32100916627109156
:10AA24006727F8013D96219131910091E22110911F
:10AA3400E3210217130708F063C000916627109101
:10AA44006727F8013F96419151916191719100916D
:10AA5400E2211091E32120E017FD2FEF322F000FA8
:10AA6400111F221F331F040F151F261F371F2BBF53
:10AA7400F801079117910093F2211093F321F80143
:10AA84003F960081013089F50091F2211091F32164
:10AA9400F801399661917191F8013796419151917C
:10AAA400F801359621913191F80133960191119174
:10AAB400490138017F936F935F934F930E94F53D53
:10AAC400ADB7BEB71496ADBFBEBF013071F41091DF
:10AAD400F2212091F321E12FF22F3296008100938D
:10AAE400DB211093DC212093DD210091E2211091E0
:10AAF400E3210F5F1F4F0093E2211093E3218DCFD9
:10AB0400B0E0B093E221B093E32100916627109165
:10AB14006727F8017396219131910091E2211091F8
:10AB2400E3210217130708F063C000916627109110
:10AB34006727F80175964191519161917191009146
:10AB4400E2211091E32120E017FD2FEF322F000FB7
:10AB5400111F221F331F040F151F261F371F2BBF62
:10AB6400F801079117910093E9211093EA21F80164
:10AB740074960081013089F50091E9211091EA2150
:10AB8400F801399661917191F8013796419151918B
:10AB9400F801359621913191F80133960191119183
:10ABA400490138017F936F935F934F930E94F53D62
:10ABB400ADB7BEB71496ADBFBEBF013071F41091EE
:10ABC400E9212091EA21E12FF22F329600810093AE
:10ABD400DA211093E0212093E1210091E2211091E8
:10ABE400E3210F5F1F4F0093E2211093E3218DCFE8
:10ABF400B0E0B093E221B093E32100916627109175
:10AC04006727F8017996219131910091E221109101
:10AC1400E3210217130708F063C00091662710911F
:10AC24006727F8017B96419151916191719100914F
:10AC3400E2211091E32120E017FD2FEF322F000FC6
:10AC4400111F221F331F040F151F261F371F2BBF71
:10AC5400F801079117910093E7211093E821F80177
:10AC64003F960081013089F50091E7211091E82198
:10AC7400F801399661917191F8013796419151919A
:10AC8400F801359621913191F80133960191119192
:10AC9400490138017F936F935F934F930E94F53D71
:10ACA400ADB7BEB71496ADBFBEBF013071F41091FD
:10ACB400E7212091E821E12FF22F329600810093C1
:10ACC400E6211093E4212093E5210091E2211091E3
:10ACD400E3210F5F1F4F0093E2211093E3218DCFF7
:10ACE400BFEFB093E221B093E3212091D7210FEF7E
:10ACF4001FEF0217B0E027FDBFEF1B074CF40091D4
:10AD0400D7210093E221B0E007FDBFEFB093E32128
:10AD14002091DB210091E2211091E3210217B0E0A0
:10AD240027FDBFEF1B074CF40091DB210093E221C8
:10AD3400B0E007FDBFEFB093E3212091DA21009149
:10AD4400E2211091E3210217B0E027FDBFEF1B07BA
:10AD54004CF40091DA210093E221B0E007FDBFEF4B
:10AD6400B093E3212091E6210091E2211091E321A7
:10AD74000217B0E027FDBFEF1B074CF40091E6215A
:10AD84000093E221B0E007FDBFEFB093E3219F9071
:08AD94008F907F906F900895ED
:107BEA00CF93DF93CDB7DEB72696288139814A81B4
:107BFA005B8126143704A8F08901060D171D015070
:107C0A0010400215130568F04814590450F08A010F
:107C1A00080D191D015010400415150510F001E05A
:0A7C2A0001C000E0DF91CF91089542
:10AD9C002F923F924F925F920091EB211091EC21F8
:10ADAC00103009F40030D9F02090EB213090EC21D8
:10ADBC000E94D93B0091EB211091EC21F8013B96BC
:10ADCC0001911191B1E14B2EB0E25B2E18010E9462
:10ADDC000C3C2090EB213090EC210E94A53B5F9025
:08ADEC004F903F902F90089555
:1077B2002F923F924F925F926F927F928F92F1013E
:1077C2003D9601911191219131913F922F928824FE
:1077D20060905A2370905B23180129010E94664F22
:1077E2002F903F90F101359641915191F1013396DD
:1077F20021913191F1013B96019111913A012901B7
:1078020018010E94BF4F8F907F906F905F904F90B2
:067812003F902F90089545
:10781800A101FA010081002329F08A010F5F1F4F9F
:10782800A801F7CF9A018A010F5F1F4FA801F20143
:1078380082010F5F1F4F28010081F9010083F901C0
:0C7848000081002309F0EECF81010895BB
:10774A002F923F924F925F926F927F928F92F101A6
:10775A00719641915191F1013D96019111912191B9
:10776A0031913F922F9288243A01180129010E94EF
:10777A00664F2F903F90F101359641915191F10159
:10778A00339621913191F1013B96019111913A0180
:10779A00290118010E94BF4F8F907F906F905F90D0
:0877AA004F903F902F900895CD
:10A854002F923F924F925F920091EB211091EC2145
:10A86400103009F40030D9F02090EB213090EC2125
:10A874000E94D93B0091EB211091EC21F8013B9609
:10A8840001911191B0E04B2EB0E25B2E18010E94B1
:10A894000C3C2090EB213090EC210E94A53B5F9072
:08A8A4004F903F902F900895A2
:10A8AC002F923F924F925F920091EB211091EC21ED
:10A8BC00103009F40030D9F02090EB213090EC21CD
:10A8CC000E94D93B0091EB211091EC21F8013B96B1
:10A8DC0001911191B2E04B2EB0E25B2E18010E9457
:10A8EC000C3C2090EB213090EC210E94A53B5F901A
:08A8FC004F903F902F9008954A
:10ADF4002F923F924F925F920091EB211091EC21A0
:10AE0400103009F40030D9F02090EB213090EC217F
:10AE14000E94D93B0091EB211091EC21F8013B9663
:10AE240001911191BFE04B2EB0E25B2E18010E94FC
:10AE34000C3C2090EB213090EC210E94A53B5F90CC
:08AE44004F903F902F900895FC
:10AF98002F923F924F925F920091EB211091EC21FA
:10AFA800103009F40030D9F02090EB213090EC21DA
:10AFB8000E94D93B0091EB211091EC21F8013B96BE
:10AFC80001911191BCE24B2EB0E25B2E18010E9458
:10AFD8000C3C2090EB213090EC210E94A53B5F9027
:08AFE8004F903F902F90089557
:10AFF0002F923F924F925F920091EB211091EC21A2
:10B00000103009F40030D9F02090EB213090EC2181
:10B010000E94D93B0091EB211091EC21F8013B9665
:10B0200001911191BEE24B2EB0E25B2E18010E94FD
:10B030000C3C2090EB213090EC210E94A53B5F90CE
:08B040004F903F902F900895FE
:10AE4C002F923F924F925F920091EB211091EC2147
:10AE5C00103009F40030D9F02090EB213090EC2127
:10AE6C000E94D93B0091EB211091EC21F8013B960B
:10AE7C0001911191B0E34B2EB0E25B2E18010E94B0
:10AE8C000C3C2090EB213090EC210E94A53B5F9074
:08AE9C004F903F902F900895A4
:10AEA400CF93DF93CDB7DEB76497CDBFDEBF2196D6
:10AEB4002F923F924F925F92EAE2FCE0DE0184E13E
:10AEC40090E00E94F03D0091EB211091EC211030B4
:10AED40009F4003009F454C00091EB211091EC21E5
:10AEE400163209F40C3409F44BC00091EB21109193
:10AEF400EC21F8013B96019111912801BEEB2B2E18
:10AF0400B1E23B2E0E94FB32BEEB2B2EB1E23B2E74
:10AF14000E94D73215C0B0E2B093BE2116C08E0194
:10AF2400BEEB4B2EB1E25B2E18010E940C3C8E014D
:10AF34002801BEEB2B2EB1E23B2E0E94FB3205C052
:10AF44000091BE210D3239F3EACF2090EB213090ED
:10AF5400EC210E94D93B0091EB211091EC21F801E6
:10AF64003B9601911191BEEB4B2EB1E25B2E180181
:10AF74000E94FB322090EB213090EC210E94A53BF3
:10AF84005F904F903F902F906396CDBFDEBFDF91CF
:04AF9400CF910895BC
:1065F600A1019A018A010F5F1F4FA801F2018201D2
:106606000F5F1F4F28010081F9010083F901008106
:0A661600002309F0EECF8101089582
:1065AE0060E070E09101A10100C0F90100810032AC
:1065BE0021F4B62FB72B09F40AC061E070E0F9019F
:1065CE000081FA0100838A010F5F1F4FA801F901B4
:1065DE0089010F5F1F4F98010081003031F7810153
:0265EE0008950E
:0A7BE00005900D920197E1F708955A
:10956A002F923F924F925F920091EB211091EC2142
:10957A00103009F40030D9F02090EB213090EC2122
:10958A000E94D93B0091EB211091EC21F8013B9606
:10959A0001911191BBE04B2EB0E25B2E18010E94A3
:1095AA000C3C2090EB213090EC210E94A53B5F906F
:0895BA004F903F902F9008959F
:1095C2002F923F924F925F920091EB211091EC21EA
:1095D200103009F40030D9F02090EB213090EC21CA
:1095E2000E94D93B0091EB211091EC21F8013B96AE
:1095F20001911191BDE04B2EB0E25B2E18010E9449
:109602000C3C2090EB213090EC210E94A53B5F9016
:089612004F903F902F90089546
:109512002F923F924F925F920091EB211091EC219A
:10952200103009F40030D9F02090EB213090EC217A
:109532000E94D93B0091EB211091EC21F8013B965E
:1095420001911191B6E04B2EB0E25B2E18010E9400
:109552000C3C2090EB213090EC210E94A53B5F90C7
:089562004F903F902F900895F7
:10961A002F923F924F925F92BCE42B2EB6E23B2EE2
:10962A000E948C3BBCE4B093EB21B6E2B093EC21F0
:10963A000091EB211091EC21F8013B9601911191D7
:10964A00B8E04B2EB0E25B2E18010E94FB3220904C
:10965A00EB213090EC210E94A53BB9E0B093EB21BD
:10966A00B3E2B093EC215F904F903F902F90089512
:00967A00F0
:107718002F923F924F925F923F922F9246D02F9096
:107728003F90F1013B9601911191B4E04B2EB0E2EC
:107738005B2E18010E94FB325F904F903F902F9074
:027748000895A2
:109B8E002F923F924F925F92BCE42B2EB6E23B2E69
:109B9E000E948C3BBCE4B093EB21B6E2B093EC2177
:109BAE000091EB211091EC21F8013B96019111915E
:109BBE00B3E14B2EB0E25B2E18010E94FB322090D7
:109BCE00EB213090EC210E94A53BB9E0B093EB2144
:109BDE00B3E2B093EC215F904F903F902F90089599
:009BEE0077
:1098B0002F923F924F925F92BCE42B2EB6E23B2E4A
:1098C0000E948C3BBCE4B093EB21B6E2B093EC2158
:1098D0000091EB211091EC21F8013B96019111913F
:1098E000B6E24B2EB0E25B2E18010E94FB322090B4
:1098F000EB213090EC210E94A53BB9E0B093EB2125
:10990000B3E2B093EC215F904F903F902F90089579
:0099100057
:109910002F923F924F925F92BCE42B2EB6E23B2EE9
:109920000E948C3BBCE4B093EB21B6E2B093EC21F7
:109930000091EB211091EC21F8013B9601911191DE
:10994000B9E24B2EB0E25B2E18010E94FB32209050
:10995000EB213090EC210E94A53BB9E0B093EB21C4
:10996000B3E2B093EC215F904F903F902F90089519
:00997000F7
:10967A00CF93DF93CDB7DEB72297CDBFDEBF21965A
:10968A002F923F924F925F920091EB211091EC2121
:10969A00F8013B960191119118010E941033088339
:1096AA00198321E030E02017310708F09CC00091AF
:1096BA00EB211091EC21163209F4093661F5B3EC6D
:1096CA004B2EB0E25B2EBEEB2B2EB1E23B2E0E945C
:1096DA00FB32B9E62B2EB6E23B2E0E94D93B2881FB
:1096EA003981215030400EEB11E2F901E00FF11FF0
:1096FA00B0E0B083BEEB4B2EB1E25B2EB3EC2B2E67
:10970A00B0E23B2E0E94FB32B9E62B2EB6E23B2E8C
:10971A000E94A53B67C00091EB211091EC21163203
:10972A0009F40C3461F5BFEB4B2EB0E25B2EBEEBB5
:10973A002B2EB1E23B2E0E94FB32BCE42B2EB6E26A
:10974A003B2E0E94D93B28813981215030400EEBB3
:10975A0011E2F901E00FF11FB0E0B083BEEB4B2E2E
:10976A00B1E25B2EBFEB2B2EB0E23B2E0E94FB3206
:10977A00BCE42B2EB6E23B2E0E94A53B33C00091DF
:10978A00EB211091EC21133209F4093059F5B7EAAB
:10979A004B2EB0E25B2EBEEB2B2EB1E23B2E0E948B
:1097AA00FB32B9E02B2EB3E23B2E0E94D93B288133
:1097BA003981215030400EEB11E2F901E00FF11F1F
:1097CA00B0E0B083BEEB4B2EB1E25B2EB7EA2B2E94
:1097DA00B0E23B2E0E94FB32B9E02B2EB3E23B2EC5
:1097EA000E94A53B56C00091EB211091EC21163244
:1097FA0009F4093689F4B2E24B2EB0E25B2EB3ECDF
:10980A002B2EB0E23B2E0E94FB32B9E62B2EB6E29B
:10981A003B2E0E94A53B3DC00091EB211091EC210B
:10982A00163209F40C34B9F4B0E24B2EB0E25B2ED6
:10983A00BFEB2B2EB0E23B2E0E94FB32BCE42B2E58
:10984A00B6E23B2E0E94A53BB9E6B093EB21B6E205
:10985A00B093EC211EC00091EB211091EC21133240
:10986A0009F40930B1F4B4E24B2EB0E25B2EB7EA48
:10987A002B2EB0E23B2E0E94FB32B9E02B2EB3E234
:10988A003B2E0E94A53BBCE4B093EB21B6E2B09319
:10989A00EC215F904F903F902F902196CDBFDEBF75
:0698AA00DF91CF9108954B
:106620009101F90189010F5F1F4F9801008100233B
:1066300009F0F7CF8901021913090150104008959C
:006640005A
:069970000E94B4320895CC
:106568002F923F92B9E6B093EB21B6E2B093EC21BB
:10657800B9E62B2EB6E23B2E0E948C3BBCE42B2EB8
:10658800B6E23B2E0E948C3BB9E02B2EB3E23B2EA9
:106598000E948C3BB7E62B2EB3E23B2E0E948C3B2D
:0665A8003F902F900895C2
:10997600CF93DF93CDB7DEB76C97CDBFDEBF219611
:109986002F923F924F925F926F927F9250E041E00A
:10999600473040F58E010C5F1F4F252F30E0200F1A
:1099A600311F03EC10E2E42FF0E0E00FF11F00811D
:1099B600F90100838E01065F1F4F252F30E0200F2F
:1099C600311F07EA10E2E42FF0E0E00FF11F0081FB
:1099D600F9010083052F0F5F102F042F0F5F512F02
:1099E600402FD6CF8E010C5F1F4F18010E94713F8A
:1099F600088319838E01065F1F4F18010E94713F6D
:109A06000A831B83B7E62B2EB3E23B2E0E94D93B7B
:109A16004090572650905826BEEB2B2EB1E23B2E97
:109A26000E94FB32BEEB2B2EB1E23B2E0E94D732B8
:109A360086C0288139810A811B81020F131F20E00D
:109A460017FD2FEF322F0E94B032180129010E9414
:109A56001A420E948A32B5E94B2EB0E25B2E1801FB
:109A66000E9499447FC00A801B80088119810019D1
:109A7600110920E017FD2FEF322F0E94B032180196
:109A860029010E941A420E948A32B5E94B2EB0E2A1
:109A96005B2E18010E94994465C00881198120E057
:109AA60017FD2FEF322F0E94B032088F198F2A8FA1
:109AB6003B8F0A811B8120E017FD2FEF322F0E947A
:109AC600B032488D598D6A8D7B8D0E94F22F180118
:109AD60029010E941A420E948A32B5E94B2EB0E251
:109AE6005B2E18010E9499443DC00881198120E02F
:109AF60017FD2FEF322F0E94B032088F198F2A8F51
:109B06003B8F0A811B8120E017FD2FEF322F0E9429
:109B1600B032088B198B2A8B3B8B088D198D2A8DB9
:109B26003B8D488959896A897B8981DCB5E96B2E29
:109B3600B0E27B2E180129010E942A3C13C0009135
:109B4600BE210B3209F475CF0091BE210D3209F406
:109B56008ACF0091BE210A3209F49FCF0091BE211F
:109B66000F3219F2B7E62B2EB3E23B2E0E94A53B2D
:109B76007F906F905F904F903F902F906B96CDBFE8
:089B8600DEBFDF91CF910895CD
:107EE200F1010081402F50E0503009F4403229F076
:107EF200503009F4493009F005C081010F5F1F4F6E
:107F02001801EECF20E030E060E070E0503009F47C
:107F12004D3249F48B010F5F1F4FA80181010F5FA2
:107F22001F4F180109C0503009F44B3221F481016E
:107F32000F5F1F4F1801AB01F1010081602F70E04C
:107F42003F922F92262E0E9493302F903F90002333
:107F5200A1F05F934F9389014AE050E00E949C2A6E
:107F62004F915F919B0120533040020F131F9801E4
:107F720081010F5F1F4F1801DFCFB42FB52B29F0FE
:0E7F820000E010E0021B130B01C089010895FE
:1061260009E3021528F0B0E32B1610F001E001C0D8
:0461360000E00895E8
:10893200CF93DF93CDB7DEB72497CDBFDEBF2196AD
:108942002F923F92B0E0B883B9832A823B8200E043
:1089520010E02016310654F4B1E0B883B0E0B983D8
:1089620000E010E0021913090A831B832A803B806E
:108972000E94022B66E070E0AB0100E010E00417F9
:10898200150790F49A01240D351D8A0101501040FB
:10899200F801E40DF51D0081F90100838A010150FF
:1089A2001040B801AB01E9CFF201B0E2B083088117
:1089B2001981B02FB12BA9F020E030E0F901E40DCC
:1089C200F51D0081003229F489010F5F1F4F9801C4
:1089D200F5CF890101501040F801E40DF51DBDE20B
:1089E200B0833F902F902396CDBFDEBFDF91CF9112
:0289F2000895E6
:10560400CF93DF93CDB7DEB72297CDBFDEBF219610
:1056140010E0153050F4E12FF0E0E40DF51DB0E298
:10562400B083012F0F5F102FF4CFE12FF0E0E40DD2
:10563400F51DB0E0B083012F0150302F032F10E08F
:10564400040D151D088319834AE050E08101A8DE8A
:105654008D01202F205D08811981F80120834AE003
:1056640050E081019DDE8C011801103009F40030F6
:1056740009F404C0032F0150302FE0CF2196CDBF91
:08568400DEBFDF91CF91089514
:1053A400C801BA01AA1BBB1B51E107C0AA1FBB1F3E
:1053B400A617B70710F0A61BB70B881F991F5A959D
:0853C400A9F78095909508956A
:10843400CF93DF93CDB7DEB72497CDBFDEBF2196B0
:10844400288239824A825B82FE0101911191219135
:108454003191B7E13695279517950795BA95D1F7D8
:10846400107098012F573040A90100E010E0201748
:108474003107D4F440E050E060E070E008811981F5
:108484002A813B810E94D631002800E009F001E0F6
:10849400002329F000E010E020E030E037C000E0E5
:1084A40010E020E83FE332C008E110E004171507AC
:1084B40028F4088119812A813B8128C00881198107
:1084C4002A813B810E948A320E94B032A801B901FC
:1084D4007F936F935F934F93488159816A817B8126
:1084E4000E9482320028B0E009F0B1E00B2F4F91D6
:1084F4005F916F917F91002339F000E010E020E854
:108504003FE30E94173202C08A019B012396CDBF2C
:08851400DEBFDF91CF91089555
:106514000E94BA29F1F05523C2F04F31A8F4473153
:10652400C1F050F44195495E05C0359527951795FE
:1065340007954A95D1F70DC04751000F111F221F2F
:10654400331F4A95D1F705C03FE7232F132F032F9D
:0C65540004C0662311F00E94E62908959F
:105374002CDF79F0632F6078220F331F432F5FE710
:10538400451B55275040269530E8232B3327989406
:0A53940003C044275527662708953B
:1051CE00002329F4112319F4222309F4332308951B
:0051DE00D1
:1053CC0000951095209530950F5F1F4F2F4F3F4F35
:0253DC00089532
:08656000E8940E9482290895CD
:1053040047E16627552726F0332312F45DD060E881
:045314006FDF0895AA
:1051F400ECDF11F19F938F938EE790E0332351F00E
:10520400369527951795079548175907B4F44F5FB6
:105214005F4FF4CF80959095019622239AF0000F6A
:10522400111F221F481759071CF041505040F5CF59
:10523400002711272227332708C033270FEF102F09
:0C5244002FE7322F8F919F91B6DF089565
:1051BA0009D039F041585F4F342F220F3695279581
:0451CA00362B0895E3
:106504000E948C291CF40024039401C000240895E3
:0065140087
:0E531800042E152E262E372E5EDF002308955C
:1051DE00EADF332332F0F4DF11F001E003C00027E1
:0651EE0001C00FEF08955F
:0651B4006894A3DF0895DA
:1050FE00F8DF09F441C0E62ED52EC42EB32EA22E13
:10510E00912E802E002D112D222D332DEADF09F444
:10511E003DC0842F952F8C199D09B9F072F490958E
:10512E00809501964C2D5D2D883180F5359527950E
:10513E00179507950197D1F708C08831E8F4B59413
:10514E00A794979487940197D1F766272EF0080DB0
:10515E00191D2A1D3B1D09C0801A910AA20AB30A05
:10516E00082D192D2A2D3B2D332312F428D160E85A
:10517E003AD001C01BD016C0002D112D222D332D7B
:10518E00D6F71ED0C1F340E83427F5CF082D192DE0
:10519E002A2D3B2D4C2D5D2D6E2D33235AF70FD11D
:0651AE0060E8E8CF08955F
:0E50F00041D121F0662309F069D1989408950A
:10642E00042E152E262E372E0E94CF29002E112E29
:06643E00222E332E08950A
:06539E00E894AEDE089564
:1063AC00002E112E222E332E042F152F262F372F91
:1063BC000E94EF2800231CF00024039401C0002449
:0263CC00089532
:10785400CF93DF93CDB7DEB72697CDBFDEBF21969A
:107864002F923F924F925F92B0E0BC83B0E0BD8311
:10787400288239824A825B82088119812A813B816C
:107884003F3F29F42F3F19F41F3F09F40F3F49F4F8
:10789400B6E14B2EB0E25B2E13010E94FB3203E0F3
:1078A4008CC161E08E01F8013396008107FF16C098
:1078B4008E0198012D5F3F4FF9010081B0E80B273D
:1078C400F9010083062F0F5F202FF301BDE2B0837F
:1078D40083010F5F1F4F3801422F01C0462F0881DB
:1078E40019812A813B81303029F4203019F4103079
:1078F40009F4003049F4BAE14B2EB0E25B2E1301D7
:107904000E94FB3200E059C1088119812A813B8120
:107914003F3729F4203819F4103009F4003059F4B1
:107924004F93BCE14B2EB0E25B2E13010E94FB325D
:107934004F91042F42C15F924F923F922F9240E0A9
:1079440050E060E87FE3088119812A813B810E942D
:107954008232002800E009F001E02F903F904F9020
:107964005F900023D1F05F924F923F922F92088153
:1079740019812A813B8140E050E060E271E40E9479
:10798400F22F2F903F904F905F90088319832A83A2
:107994003B830D8101500D83CECF5F924F923F9276
:1079A4002F9240E050E060E271E4088119812A815D
:1079B4003B810E94FC2F002800E009F001E02F9099
:1079C4003F904F905F900023D1F05F924F923F928F
:1079D4002F92088119812A813B814DEC5CEC6CEC7F
:1079E4007DE30E94F22F2F903F904F905F90088389
:1079F40019832A833B830D810F5F0D83CECF0881CA
:107A040019812A813B81000F111F221F331F088314
:107A140019832A833B838E01F801339600810F5723
:107A2400402F8E01F8013396B1E0B08308811981AB
:107A34002A813B81B42FBB2331F0000F111F221F79
:107A4400331FBA95D1F7088319832A833B838E01A8
:107A5400F80133960081005DF301008383010F5F19
:107A64001F4F38010D8101302CF01D8106E00117F4
:107A74000CF009C0F301BEE2B08383010F5F1F4F16
:107A84003801B1E0BC8386E0803009F44BC08E013C
:107A9400F8013396B0E0B083088119812A813B81D3
:107AA400A801B901440F551F661F771F440F551FC6
:107AB400661F771F088119812A813B81040F151FD6
:107AC400261F371F088319832A833B830881198162
:107AD4002A813B81000F111F221F331F0883198342
:107AE4002A833B838E01F80133960081005DF30104
:107AF400008383010F5F1F4F38010C81003071F444
:107B04000D8101500D83003049F4F301BEE2B083CE
:107B140083010F5F1F4F3801B1E0BC83082F015070
:107B2400802FB2CFF30131970081003329F4830110
:107B3400015010403801F6CFF301319700810E3225
:107B440021F483010150104038010D81003089F186
:107B5400F301B5E6B08383010F5F1F4F38010D8138
:107B640000305CF4F301BDE2B08383010F5F1F4F6B
:107B740038010D8000E000190D832D811D8109E07D
:107B8400011758F44AE0022F0E940330005DF3010C
:107B9400008383010F5F1F4F38014AE0022F0E94C8
:107BA4000330092F005DF301008383010F5F1F4F32
:107BB4003801F301B0E0B08300E05F904F903F9054
:0E7BC4002F902596CDBFDEBFDF91CF910895A3
:0E5FF8008FD91CF00024039401C000240895EA
:10600600992779E004C0991F941708F0941B001F84
:086016007A95C9F70095089581
:105FE400042E152E262E372E4DD9002E112E222E9C
:045FF400332E0895AB
:1052880075D081F1E62ED52EC42EB32EA22E912EE6
:10529800802E002D112D222D332D68D019F16E2569
:1052A8004C0D5D1D40385307F4F441387FEF570724
:1052B800FCF088279927AA27BB2770E2B695A795FF
:1052C80097958795379527951795079520F4880D15
:1052D800991DAA1DBB1D7A9589F7032F3A2F292FEF
:1052E800182F84DF0AC00FEF102F2FE73FE7FACF00
:0C52F8000027102F202F302FF5CF089535
:10943400042E152E262E372E0E942232002E112E97
:06944400222E332E0895D4
:106444003F932F931F930F93002D112D222D332D46
:106454000E94BA2909F44EC0E62ED52EC42EB32EBE
:10646400A22E912E802E0F911F912F913F910E9469
:10647400BA2969F16E254C195D094038530744F572
:1064840041387FEF57078CF180E27724632E522E38
:10649400412E302F222711270027000F111F221F02
:1064A400331F441C551C661C771C28F048185908D7
:1064B4006A087B0804C0480C591C6A1C7B1C0AF03F
:1064C40001608A9551F7415050400E94FA2817C044
:1064D4000FEF102F2FE73FE76623C9F30E94E72849
:1064E400B1F3342D30E83425F2CF0027102F202FBC
:1064F400302FEDCF0F900F900F900F90E9CF0895AC
:0065040097
:10A4BC002F923F920E94B432B0EC2B2EB3E23B2E83
:0AA4CC000E94B4723F902F90089593
:10A238002F923F92B1EA2B2EB3E23B2E0E94B472CA
:0AA248000E94893B3F902F9008957B
:067712000E94B43208954C
:10BC38002F923F92B0E0B093E123B0E0B093DE21C1
:10BC4800B093DF21B0E0B093DC21B093DD21B0E008
:10BC5800B093E021B093E121B0E0B093E421B09338
:10BC6800E5210E9482540091E2211091E3211F3FB7
:10BC780009F40F3F09F40DC11091E2212091E3214D
:10BC88000091D7211017B0E007FDBFEF2B0709F08F
:10BC98003AC00091DE211091DF21F8013F96008122
:10BCA800013089F50091DE211091DF21F801B1966C
:10BCB8000081013041F4B1E0B093E1232090DE210E
:10BCC8003090DF21BDD90091DE211091DF21009352
:10BCD800D5211093D621B0E0B093D821B093D921C3
:10BCE800F801B69601911191103009F4003059F01D
:10BCF8000091DE211091DF21F801B6960191119192
:10BD0800F8010995C6C01091E2212091E321009124
:10BD1800DB211017B0E007FDBFEF2B0709F03BC090
:10BD28000091DC211091DD21F8013F96008101305E
:10BD380091F50091DC211091DD21F801B196008187
:10BD4800013041F4B1E0B093E1232090DC21309040
:10BD5800DD2170DA0091DC211091DD210093D521DD
:10BD68001093D621B1E0B093D821B0E0B093D92197
:10BD7800F801B69601911191103009F4003059F08C
:10BD88000091DC211091DD21F801B6960191119105
:10BD9800F80109957EC01091E2212091E3210091DC
:10BDA800DA211017B0E007FDBFEF2B0751F500911E
:10BDB800E0211091E121F80174960081013009F524
:10BDC8000091E0211091E1210093D5211093D62113
:10BDD800B2E0B093D821B0E0B093D921F8017796BA
:10BDE80001911191103009F4003059F00091E021CF
:10BDF8001091E121F801779601911191F8010995C7
:10BE080048C01091E2212091E3210091E62110170A
:10BE1800B0E007FDBFEF2B0709F03BC00091E4211C
:10BE28001091E521F8013F960081013091F50091CC
:10BE3800E4211091E521F80179960081013041F45F
:10BE4800B1E0B093E1232090E4213090E52116DCA5
:10BE58000091E4211091E5210093D5211093D6217A
:10BE6800B6E0B093D821B0E0B093D921F8017E961E
:10BE780001911191103009F4003059F00091E4213A
:10BE88001091E521F8017E9601911191F80109952B
:08BE980000C03F902F900895B7
:10B7DC0093C00091D5211091D621103009F400307E
:10B7EC0041F10091D5211091D6210093DE211093C7
:10B7FC00DF21F801B19600810130D1F4E091DE2116
:10B80C00F091DF21219131910091662710916727EA
:10B81C002017310769F45F924F923F922F9220903C
:10B82C00DE213090DF210ADC2F903F904F905F900B
:10B83C007EC07DC00091D5211091D621103009F425
:10B84C00003041F10091D5211091D6210093DC21DB
:10B85C001093DD21F801B19600810130D1F4E09113
:10B86C00DC21F091DD21219131910091662710911D
:10B87C0067272017310769F45F924F923F922F92FE
:10B88C002090DC213090DD21D3DC2F903F904F9025
:10B89C005F904DC04CC00091D5211091D621103035
:10B8AC0009F4003041F10091D5211091D62100937B
:10B8BC00E4211093E521F801799600810130D1F44F
:10B8CC00E091E421F091E5212191319100916627DD
:10B8DC00109167272017310769F45F924F923F92BE
:10B8EC002F922090E4213090E521C6DE2F903F90DE
:10B8FC004F905F901CC01BC00091D8211091D92192
:10B90C00103009F4003009F464CF0091D821109163
:10B91C00D921103009F4013009F48CCF0091D821D1
:10B92C001091D921103009F4063009F4B4CFB0E0ED
:10B93C00B093E021B093E1210E9482540091E22166
:10B94C001091E3211F3F09F40F3F09F464C11091DA
:10B95C00E2212091E3210091D7211017B0E007FDDF
:10B96C00BFEF2B0709F04CC00091DE211091DF21B5
:10B97C00F8013F960081013009F042C00091DE21B0
:10B98C001091DF21F801B49601911191103009F456
:10B99C00003051F00091DE211091DF21F801B496B6
:10B9AC0001911191F80109952091D5213091D62161
:10B9BC000091DE211091DF2120173107B1F40091A5
:10B9CC00DE211091DF21F801B89601911191103010
:10B9DC0009F4003051F00091DE211091DF21F801C3
:10B9EC00B89601911191F8010995B0E0B093D52169
:10B9FC00B093D621BFEFB093D821B093D92115C104
:10BA0C001091E2212091E3210091DB211017B0E08D
:10BA1C0007FDBFEF2B0709F04CC00091DC21109102
:10BA2C00DD21F8013F960081013009F042C0009100
:10BA3C00DC211091DD21F801B496019111911030A7
:10BA4C0009F4003051F00091DC211091DD21F80156
:10BA5C00B49601911191F80109952091D52130915D
:10BA6C00D6210091DC211091DD2120173107B1F492
:10BA7C000091DC211091DD21F801B8960191119112
:10BA8C00103009F4003051F00091DC211091DD21CF
:10BA9C00F801B89601911191F8010995B0E0B093B5
:10BAAC00D521B093D621BFEFB093D821B093D92133
:10BABC00BCC01091E2212091E3210091DA211017F2
:10BACC00B0E007FDBFEF2B0709F04CC00091E0215F
:10BADC001091E121F80174960081013009F042C007
:10BAEC000091E0211091E121F801759601911191DD
:10BAFC00103009F4003051F00091E0211091E12157
:10BB0C00F801759601911191F80109952091D521B3
:10BB1C003091D6210091E0211091E12120173107BD
:10BB2C00B1F40091E0211091E121F8017996019195
:10BB3C001191103009F4003051F00091E021109176
:10BB4C00E121F801799601911191F8010995B0E084
:10BB5C00B093D521B093D621BFEFB093D821B09339
:10BB6C00D92163C01091E2212091E3210091E621BB
:10BB7C001017B0E007FDBFEF2B0709F04CC0009188
:10BB8C00E4211091E521F8013F960081013009F084
:10BB9C0042C00091E4211091E521F8017C960191BD
:10BBAC001191103009F4003051F00091E421109102
:10BBBC00E521F8017C9601911191F80109952091EC
:10BBCC00D5213091D6210091E4211091E521201747
:10BBDC003107B1F40091E4211091E521F801B09600
:10BBEC0001911191103009F4003051F00091E421D1
:10BBFC001091E521F801B09601911191F801099588
:10BC0C00B0E0B093D521B093D621BFEFB093D8213B
:10BC1C00B093D9210AC0B0E0B093D521B093D6210E
:0CBC2C00BFEFB093D821B093D921089548
:10E9DE00A0E0B0E2ECE6FAE08EEB91E00E94F03DB2
:02E9EE0008958A
:1001F400000020007F001000018801000398010026
:1002040005A8010008B8010007C801000DD80100C5
:100214000AF801000318020005280200053802004C
:10022400074802000958020003780200058802000A
:100234000398020006A8020007B8020007C80200DB
:1002440007D8020007E8020007F8020007080300C5
:1002540007180300072803000738030007480300B2
:100264000358030003680300097803000998030096
:1002740009B8030006D8030009E8030009080400CC
:10028400072804000738040008480400065804003E
:100294000668040007780400088804000498040031
:1002A40005A8040007B8040006C804000AD804001E
:1002B40007F80400080805000718050008280500C9
:1002C40008380500074805000658050007680500BA
:1002D400087805000C88050008A8050008B8050082
:1002E40006C8050005D8050006E8050005F8050060
:1002F4000908060008280600053806000748060015
:1003040007580600066806000778060007880600F6
:100314000598060007A8060007B8060002C80600EC
:1003240003D8060006E8060002F806000A080700DB
:100334000728070007380700074807000758070081
:100344000568070006780700058807000798070076
:1003540007A807000AB8070006D8070007E807003F
:1003640006F8070006080800041808000628080014
:100374000A3808000B5808000000000000000000C4
:100384000000000000000000000000000606060651
:1003940006060006060000000000001B1B1B1B00D5
:1003A4000000000000000000000000004848FEFEBD
:1003B400247F7F1212000000000008083E4B0B0B44
:1003C4003E6868693E080800000000000000000064
:1003D4001E0033023301B3005E0FA019901988196F
:1003E400000F0000000000000000000000000000FA
:1003F4003C006600660066003C036603C601C60056
:10040400BC03000000000000000000060606060011
:100414000000000000000000000000180C0C06069C
:1004240006060606060C0C18000000060C0C18182C
:1004340018181818180C0C06000000185A3C5A1802
:1004440000000000000000000000000000000000A8
:100454000000200020002000FC01200020002000DB
:100464000000000000000000000000000000000088
:100474000000000606030300000000000000000066
:100484001F00000000000000000000000000000049
:1004940000000006060000000000002020101008E4
:1004A4000804040202010100000000003E636363CB
:1004B400636363633E00000000000000181E181808
:1004C400181818187E000000000000003E616160EA
:1004D40030180C067F000000000000003E616060E0
:1004E4003C6060613E00000000000000303834329F
:1004F400317F303030000000000000007E06063EF0
:10050400606060613E000000000000003C06033FA4
:10051400636363633E000000000000007F603030CE
:1005240018180C0C0C000000000000003E6363630C
:100534003E6363633E000000000000003E636363AB
:10054400637E60301E00000000000000000006060C
:10055400000000060600000000000000000006067F
:100564000000000606030300000000000000000075
:1005740000008001600018000600060018006000FA
:1005840080010000000000000000000000000000E6
:1005940000000000FE0100000000FE010000000059
:1005A4000000000000000000000000000000000047
:1005B400000006001800600080018001600018003F
:1005C4000600000000000000000000001E3130188A
:1005D4000C0C000C0C0000000000000000000000E7
:1005E4007C00820079016D016D016D016D01D900FE
:1005F4000200FC00000000000000000000000000F9
:10060400380038006C006C00C600FE00C600830190
:100614008301000000000000000000003F636363EA
:100624003F6363633F000000000000003E43430358
:10063400030343433E000000000000003F63C3C3C4
:10064400C3C3C3633F000000000000003F03030373
:100654001F0303033F000000000000003F030303E7
:100664001F03030303000000000000003E43430394
:10067400736363637E00000000000000C3C3C3C350
:10068400FFC3C3C3C3000000000000000F0606063A
:10069400060606060F000000000000001E181818C9
:1006A400181818180F0000000000000063331B0F17
:1006B400070F1B3363000000000000000303030363
:1006C400030303033F0000000000000000000000DB
:1006D400870387034D034D033903390311031103C2
:1006E40001030000000000000000000047474D4DDA
:1006F4005959717161000000000000007EC3C3C33A
:10070400C3C3C3C37E000000000000003F636363F3
:10071400633F030303000000000000007EC3C3C363
:10072400C3C3C3C37E60C000000000003F636363B3
:100734003F1B3363C3000000000000003E4343033B
:100744003E6061613E000000000000003F0C0C0CA4
:100754000C0C0C0C0C0000000000000063636363CD
:10076400636363633E00000000000000C3C3C3660C
:10077400663C3C1818000000000000000000000067
:10078400630C630C630CF30CF6069E079E070C03C4
:100794000C0300000000000000000000C3C3663C1E
:1007A400183C66C3C300000000000000C3C36666B3
:1007B4003C18181818000000000000003F303018E2
:1007C4000C0603033F0000000000001E0606060698
:1007D4000606060606061E000000000101020204C9
:1007E40004080810102020000000001E1818181813
:1007F4001818181818181E00000000000000000047
:1008040030004800840002010000000000000000E5
:1008140000000000000000000000000000000000D4
:10082400000000000000FF000000000C18000000A1
:1008340000000000000000000000000000003C6216
:10084400607E63637E0000000000000303033B67D7
:10085400636363633F0000000000000000001E2388
:10086400030303231E0000000000006060607E6339
:10087400636363736E0000000000000000003E63C9
:10088400637F03433E0000000000001C06060F06C1
:1008940006060606060000000000000000007E6355
:1008A400636363736E60613E0000000303033B6790
:1008B4006363636363000000000000030300030339
:1008C40003030303030000000000000606000706FC
:1008D4000606060606060603000000030303331B90
:1008E4000F070F1B33000000000000030303030382
:1008F40003030303030000000000000000000000E5
:1009040000000000DF0133033303330333033303F5
:1009140033030000000000000000000000003B67FB
:1009240063636363630000000000000000003E6333
:10093400636363633E0000000000000000003B6747
:10094400636363633F0303030000000000007E63EE
:10095400636363736E6060600000000000001B1F2F
:1009640003030303030000000000000000001E2333
:10097400071E38311E0000000000000006061F0696
:10098400060606061C000000000000000000636369
:10099400636363736E000000000000000000636383
:1009A4006336361C1C00000000000000000000003C
:1009B4000000000033033303B601B601CE01CC00BE
:1009C400CC000000000000000000000000003333F1
:1009D4001E0C1E333300000000000000000063639F
:1009E4006336361C1C180C0C0000000000003F305D
:1009F400180C06033F000000000000380C0C0C0C1F
:100A0400070C0C0C0C0C38000000000C0C0C0C0C2B
:100A14000C0C0C0C0C0C0C00000000070C0C0C0C47
:100A2400380C0C0C0C0C0700000000000000000047
:100A34000000000000001E023F02F103E10100007B
:100A44000000000000000000000000000000FE079D
:100A54000204020402040204020402040204020462
:080A6400FE0700000000000085
:100C3E00EC24C0241825702544251024E4233C24DC
:100C4E00942468249C25B2268626DE2636270A277B
:040C5E00F425C8258C
:020C620020264A
:0C0C640069264C260923EC222623672376
:040C70004323712287
:020C7400452217
:080C76009522CF22B222842353
:100C7E00000020007F0018000188010005A001007F
:100C8E0009B801000CE801000B1802001048020020
:100C9E000F78020004A8020006C0020006D8020067
:100CAE0008F002000C08030004380300075003008C
:100CBE0004680300068003000B98030009C80300B4
:100CCE000BF803000B2804000B5804000B880400DB
:100CDE000BB804000BE804000B1805000B480500C8
:100CEE0005780500059005000BA805000BD805003A
:100CFE000B0806000C380600146806000FB006003C
:100D0E000EE006000E1007000E4007000D700700E3
:100D1E000CA007000FD007000D00080004300800DB
:100D2E000A4808000E7808000CA8080010D8080021
:100D3E000D0809000F3809000D6809001098090008
:100D4E000EC809000DF809000C280A000D580A00FB
:100D5E000D880A0015B80A000D000B000D300B00AF
:100D6E000C600B0007900B0006A80B0005C00B00D3
:100D7E000BD80B000C080C0004380C000C500C00A7
:100D8E000C800C000BB00C000CE00C000B100D00D6
:100D9E0008400D000C580D000C880D0004B80D0015
:100DAE0004D00D000BE80D0004180E0012300E00DA
:100DBE000C780E000CA80E000CD80E000C080F00BC
:100DCE0008380F000B500F0006800F000C980F0014
:100DDE000CC80F000FF80F000B2810000B58100056
:100DEE000A88100008B8100004D0100007E81000A0
:100DFE000B0011000E30110000000000000000007A
:100E0E0000000000000000000000000000000000D4
:100E1E00000000001C1C1C1C1C1C1C1C1C080800B8
:100E2E001C1C1C0000000000000000000000000060
:100E3E00CE01CE01CE01CE01CE0100000000000099
:100E4E000000000000000000000000000000000094
:100E5E000000000000000000000000000000000084
:100E6E003006300630061803FF0FFF0F18039C03E1
:100E7E008C01FF0FFF0F8C01CE01C600C6000000D3
:100E8E0000000000000000000000000000006000F4
:100E9E00F801FC036E076E076E007E00FC00F8037F
:100EAE00E007600760076E076E07FC03F80160003D
:100EBE0060000000000000000000000000000000C4
:100ECE003C187E1C660C660C660666067E033C03AA
:100EDE00807980FDC0CDC0CCC0CC60CC60FC3078B9
:100EEE0000000000000000000000000000000000F4
:100EFE00E001F003380738077807F003F001F80136
:100F0E00FC398E3F8E1F0E0F9E3FFC7FF831000086
:100F1E000000000000000000000000000E0E0E0E8B
:100F2E000E000000000000000000000000000000A5
:100F3E00000000003018181C1C0E0E0E0E0E0E0EA9
:100F4E000E0C1C1C1818300000000000060C0C1CA7
:100F5E001C3838383838383838181C1C0C0C060039
:100F6E00000000001818DBFF383C6624000000006B
:100F7E000000000000000000000000000000000063
:100F8E0000000000E000E000E000E000FE0FFE0FB9
:100F9E00FE0FE000E000E000E000000000000000B6
:100FAE000000000000000000000000000000000033
:100FBE0000000000000000000E0E0E080C060000DF
:100FCE000000000000000000000000007E7E7E0099
:100FDE000000000000000000000000000000000003
:100FEE0000000000000000000E0E0E0000000000C9
:100FFE000000000030301818181C0C0C0C060606E9
:10100E0006030300000000000000000000000000C6
:10101E00F000FC039C030E070E070E070E070E07CB
:10102E000E070E070E070E079C03FC03F0000000D0
:10103E0000000000000000000000000000000000A2
:10104E00C001C001E001F801FC01DC01C401C001D6
:10105E00C001C001C001C001C001C001C00100003B
:10106E000000000000000000000000000000000072
:10107E00F801FC039E070E07000700078003C0035C
:10108E00E001F000780038001C00FE07FE070000AB
:10109E000000000000000000000000000000000042
:1010AE00F800FC018E038E038003C003F001F001F3
:1010BE008003000700070E079E03FC03F8000000E4
:1010CE000000000000000000000000000000000012
:1010DE00C001E001E001F001F001D801CC01CC012A
:1010EE00C601C301FF07FF07C001C001C001000018
:1010FE0000000000000000000000000000000000E2
:10110E00F803F8031C001C001C00FC01FE038E07F4
:10111E000007000700070E079E03FC03F8000000FF
:10112E0000000000000000000000000000000000B1
:10113E00F001FC039C070E010E00EE01FE039E0360
:10114E000E070E070E070E079C03FC03F0000000AF
:10115E000000000000000000000000000000000081
:10116E00FE07FE0700078003C001C001E000E0009B
:10117E007000700070003800380038003800000031
:10118E000000000000000000000000000000000051
:10119E00F801FC039E070E070E079C03F801F801E9
:1011AE009C030E070E070E079E07FC03F8010000B6
:1011BE000000000000000000000000000000000021
:1011CE00F000FC039C030E070E070E070E079C078C
:1011DE00FC07780700070C079E03FC03F8000000CD
:1011EE0000000000000000000000000000000000F1
:1011FE001C1C1C00000000001C1C1C000000000039
:10120E0000000000000000001C1C1C00000000007C
:10121E001C1C1C10180C0000000000000000000038
:10122E000000000000040007E007F8013E000E0079
:10123E007E00F803E0070007000400000000000035
:10124E000000000000000000000000000000000090
:10125E000000000000000000FE07FE07FE07000071
:10126E000000FE07FE07FE07000000000000000061
:10127E000000000000000000000000000000000060
:10128E000000000002000E007E00F801C0070007FB
:10129E00E007FC017E000E000200000000000000CE
:1012AE000000000000000000000000000000000030
:1012BE00F001FC071E0F0E0E000E000F8007C0037C
:1012CE00E001E000E0000000E000E000E0000000CF
:1012DE000000000000000000000000000000000000
:1012EE0000000000003F00E0FF00F0C00138800366
:1012FE00987B03CC3F06CC3F06C63D06E63C06E691
:10130E003C06E61C03E61E03E69F01C6FF00CC3D2D
:10131E00001C000E380007F0C003E0FF01807F00C4
:10132E000000000000000000E003E003E00370078F
:10133E0070077007380E380E1C1CFC1FFC1FFE3F7A
:10134E000E380E380770000000000000000000008C
:10135E000000000000000000FC07FC0FFC1F1C1C1E
:10136E001C1C1C1CFC0FFC0FFC1F1C381C381C38D2
:10137E00FC3FFC1FFC0F00000000000000000000FE
:10138E000000000000000000E003F80FFC1F3C3CD2
:10139E001E180E000E000E000E000E001E183C3C15
:1013AE00FC1FF80FE003000000000000000000002A
:1013BE000000000000000000FC07FC0FFC1F1C1CBE
:1013CE001C3C1C381C381C381C381C381C381C1C87
:1013DE00FC1FFC0FFC0300000000000000000000DA
:1013EE000000000000000000FC1FFC1FFC1F1C0082
:1013FE001C001C00FC0FFC0FFC0F1C001C001C0032
:10140E00FC1FFC1FFC1F000000000000000000007D
:10141E000000000000000000FC0FFC0FFC0F1C0081
:10142E001C001C00FC07FC07FC071C001C001C0019
:10143E001C001C001C00000000000000000000004A
:10144E000000000000000000C007F01FF83F3C78CD
:10145E001E300E000E000E7F0E7F0E7F1C703C782D
:10146E00F87FF03FC0070000000000000000000001
:10147E0000000000000000000E1C0E1C0E1C0E1CB6
:10148E000E1C0E1CFE1FFE1FFE1F0E1C0E1C0E1C25
:10149E000E1C0E1C0E1C00000000000000000000C0
:1014AE00000000000E0E0E0E0E0E0E0E0E0E0E0E86
:1014BE000E0E0E00000000000000000000000000F4
:1014CE0080038003800380038003800380038003F6
:1014DE008003870387038F03FE03FE01780000005D
:1014EE0000000000000000000000000000000000EE
:1014FE001C3C1C1E1C0F1C079C03DC01FC03FC0384
:10150E007C073C071C0E1C1C1C1C1C381C380000C5
:10151E0000000000000000000000000000000000BD
:10152E001C001C001C001C001C001C001C001C00CD
:10153E001C001C001C001C00FC0FFC0FFC0F00000C
:10154E00000000000000000000000000000000008D
:10155E003EF87EFC7EFC6EEC6EEC6EECEEEEEEEE8D
:10156E00CEE6CEE6CEE7CEE7CEE78EE38EE3000004
:10157E00000000000000000000000000000000005D
:10158E000E1C1E1C1E1C3E1C7E1C6E1CEE1CCE1C3D
:10159E00CE1D8E1D8E1F0E1F0E1F0E1E0E1C00004A
:1015AE00000000000000000000000000000000002D
:1015BE00E007F81FFC3F3C3C1E780E700E700E705C
:1015CE000E700E701E783C3CFC3FF81FE0070000CA
:1015DE0000000000000000000000000000000000FD
:1015EE00FC07FC0FFC1F1C1E1C1C1C1EFC1FFC0FF2
:1015FE00FC071C001C001C001C001C001C00000032
:10160E0000000000000000000000000000000000CC
:10161E00E007F81FFC3F3C3C1E780E700E700E70FB
:10162E000E700E719E7B3C3FFC3FF87FE0F7006032
:10163E00000000000000000000000000000000009C
:10164E00FC07FC0FFC1F1C1C1C1C1C1CFC1FFC0F95
:10165E00FC031C071C0F1C0E1C1C1C1C1C38000041
:10166E00000000000000000000000000000000006C
:10167E00E003F80FFC0F1C1E1C1C3C00F801F00FC1
:10168E00C00F001E0E1C1E1EFC1FFC0FF0030000E0
:10169E00000000000000000000000000000000003C
:1016AE00FE0FFE0FFE0FE000E000E000E000E000A5
:1016BE00E000E000E000E000E000E000E0000000FC
:1016CE00000000000000000000000000000000000C
:1016DE000E1C0E1C0E1C0E1C0E1C0E1C0E1C0E1CAC
:1016EE000E1C0E1C0E1C1E1EFC0FFC0FF003000029
:1016FE0000000000000000000000000000000000DC
:10170E00071C071E0E0E0E0E0E0E1C071C071C07C6
:10171E00B803B803B803F001F001F001E0000000D7
:10172E0000000000000000000000000000000000AB
:10173E0000000000070E1C071F1C0E1F0E0E1F0EB2
:10174E008E3B0E8E3B0E9C3B07DC7107DC7107DC7B
:10175E007107F8E007F8E003F8E00378C00378C0FB
:10176E000300000000000000000000000000000068
:10177E0000000000000000000E1C0E1C1C0E38079E
:10178E003807F003E001E001E001F0033807380705
:10179E001C0E0E1C0E1C00000000000000000000BD
:1017AE000000000000000000071C071C0E0E1C07A6
:1017BE001C07B803F001F001E000E000E000E000DB
:1017CE00E000E000E000000000000000000000006B
:1017DE000000000000000000FE0FFE0FFE0F000FC5
:1017EE008007C003E001F00078003C001E000F00EF
:1017FE00FF0FFF0FFF0F00000000000000000000B1
:10180E00000000007C7C7C1C1C1C1C1C1C1C1C1C5A
:10181E001C1C1C1C7C7C7C000000000003030606C4
:10182E0006060C0C0C1C18181830300000000000B6
:10183E00000000001F1F1F1C1C1C1C1C1C1C1C1C41
:10184E001C1C1C1C1F1F1F000000000000000000BD
:10185E006000F000F000F80198019C039C030E0755
:10186E00000000000000000000000000000000006A
:10187E00000000000000000000000000000000005A
:10188E00000000000000000000000000000000004A
:10189E00000000000000000000000000000000003A
:1018AE000000FF0FFF0F00000000000007060C00F5
:1018BE00000000000000000000000000000000001A
:1018CE00000000000000000000000000000000000A
:1018DE00F801FC030607C007F8073C070E070E07C2
:1018EE008E07FC07780E00000000000000000000CC
:1018FE0000000000000000000E000E000E000E00A2
:10190E00EE01FE071E070E0E0E0E0E0E0E0E0E0E24
:10191E001E07FE07EE0100000000000000000000A0
:10192E0000000000000000000000000000000000A9
:10193E00F000FC039C030E070E000E000E000E07B7
:10194E009C03FC03F00000000000000000000000FB
:10195E000000000000000000000E000E000E000E41
:10196E00F00EFC0F1C0F0E0E0E0E0E0E0E0E0E0EA9
:10197E001C0FFC0FF00E0000000000000000000025
:10198E000000000000000000000000000000000049
:10199E00F000FC039C030E07FE07FE070E000E0769
:1019AE009C03FC03F000000000000000000000009B
:1019BE0000000000F8FC1C1C7F7F1C1C1C1C1C1C47
:1019CE001C1C1C00000000000000000000000000B5
:1019DE000000000000000000F00EFC0F1C0F0E0EA9
:1019EE000E0E0E0E0E0E0E0E1C0FFC0FF80E000E2F
:1019FE000E0FFE07F80300000000000000000000BC
:101A0E000E000E000E000E00CE03FE071E0F0E0E71
:101A1E000E0E0E0E0E0E0E0E0E0E0E0E0E0E0000F4
:101A2E000000000000000000000000000E0E00008C
:101A3E000E0E0E0E0E0E0E0E0E0E0E0000000000FE
:101A4E00000000000E0E00000E0E0E0E0E0E0E0EFC
:101A5E000E0E0E0E0E0F070000000000000000001C
:101A6E000E000E000E000E000E078E03CE01FE00BD
:101A7E00FE00FE00DE018E018E030E070E07000033
:101A8E000000000000000000000000000E0E0E0E10
:101A9E000E0E0E0E0E0E0E0E0E0E0E00000000009E
:101AAE000000000000000000000000000000000028
:101ABE000000000000000000EEF300FEFF011E8F8C
:101ACE00030E87030E87030E87030E87030E87030D
:101ADE000E87030E87030E87030000000000000030
:101AEE0000000000000000000000000000000000E8
:101AFE000000000000000000CE03FE071E0F0E0EB9
:101B0E000E0E0E0E0E0E0E0E0E0E0E0E0E0E000003
:101B1E0000000000000000000000000000000000B7
:101B2E000000000000000000F001FC071C070E0E74
:101B3E000E0E0E0E0E0E0E0E1C07FC07F001000010
:101B4E000000000000000000000000000000000087
:101B5E000000000000000000EE01FE071E070E0E42
:101B6E000E0E0E0E0E0E0E0E1E07FE07EE010E00D0
:101B7E000E000E000E00000000000000000000002D
:101B8E000000000000000000F00EFC0F1C0F0E0EF7
:101B9E000E0E0E0E0E0E0E0E1C0FFC0FF00E000E85
:101BAE00000E000E000E00000000000000000000FD
:101BBE00EEFE1E0E0E0E0E0E0E0E0E00000000009D
:101BCE000000000000000000000000000000000007
:101BDE00F801FC030E070E007E00FC03E007000771
:101BEE000E07FC03F80100000000000000000000DA
:101BFE000000000000080C0E3F3F0E0E0E0E0E0EE3
:101C0E000E3E3C000000000000000000000000003E
:101C1E0000000000000000000E0E0E0E0E0E0E0E46
:101C2E000E0E0E0E0E0E0E0E1E0FFC0FF80E0000F8
:101C3E000000000000000000000000000000000096
:101C4E0000000000000000000E0E0E0E1C071C0708
:101C5E001C07B803B803F001F001E000E00000003B
:101C6E000000000000000000000000000000000066
:101C7E000000000000000000C771C771C631EE3BC6
:101C8E006E3B6C1B6C1B7C1F3C1E380E380E00000E
:101C9E000000000000000000000000000000000036
:101CAE0000000000000000000E079C039C03F801DA
:101CBE00F000F000F000F8019C039C030E070000FA
:101CCE000000000000000000000000000000000006
:101CDE000000000000000000070707078E038E03B8
:101CEE008E01DC01DC01D800F800F80070007000F5
:101CFE0038003E001E000000000000000000000042
:101D0E000000000000000000FE03FE038003C0017F
:101D1E00E000700038001C000E00FE03FE03000001
:101D2E00000000000000000000000000E0F0F838A5
:101D3E00383838383C1E1E3C38383838F8F8F00041
:101D4E00000000000C0C0C0C0C0C0C0C0C0C0C0CF5
:101D5E000C0C0C0C0C0C0C0C00000000070F1F1CC4
:101D6E001C1C1C1C3C78783C1C1C1C1C1F1F0F00D0
:101D7E000000000000000000000000000000000055
:101D8E00000000003E04FF07FF07E1030000000013
:101D9E000000000000000000000000000000000035
:101DAE0000000000000000000000FC3F04200420A2
:101DBE0004200420042004200420042004200420F5
:101DCE0004200420FC3F0000000000000000000082
:101DDE00000020007F00170001880100079F01000E
:101DEE000AB601000BE401000A1202000A400200CA
:101DFE000B6E0200089C020009B3020007E102000C
:101E0E000AF802000B260300085403000A6B0300B5
:101E1E00089903000AB003000ADE03000A0C04004E
:101E2E000A3A04000A6804000A9604000AC4040070
:101E3E000AF204000A2005000A4E05000A7C05007D
:101E4E0008AA050009C105000BEF05000B1D0600D1
:101E5E000C4B06000A79060009A706000CD50600F1
:101E6E000B0307000B3107000B5F07000B8D0700FC
:101E7E000BBB07000CE907000B1708000A4508000A
:101E8E000C7308000CA108000BCF08000CFD080015
:101E9E000B2B09000B5909000B8709000BB5090024
:101EAE000CE309000B110A000B3F0A000B6D0A0030
:101EBE000B9B0A000CC90A000BF70A000B250B003E
:101ECE000A530B0009810B000AAF0B0007DD0B0054
:101EDE000AF40B000C220C0008500C000B670C00CF
:101EEE000B950C000BC30C000CF10C000B1F0D001E
:101EFE000B4D0D000C7B0D000BA90D000AD70D002C
:101F0E0009050E000B330E000A610E000C8F0E0039
:101F1E000BBD0E000BEB0E000B190F000C470F0044
:101F2E000B750F000AA30F000BD10F000BFF0F0054
:101F3E000B2D10000B5B10000B8910000BB710005F
:101F4E000AE510000913110007411100085811008D
:101F5E000B6F11000B9D110000000000000000002F
:101F6E000000000000000000000000000000000063
:101F7E000000007070707070707020200000707023
:101F8E000000000000000000000000000000000043
:101F9E009C039C039C03080108010801000000003B
:101FAE000000000000000000000000000000000023
:101FBE000000000000000000000098019801980148
:101FCE0098019801FE07FE0798019801FE07FE078B
:101FDE0098019801980198019801000000000000F6
:101FEE00000000000000000060006000F003F80335
:101FFE000C030C007C00F80180030C030C03FC01A5
:10200E00FC006000600060000000000000000000A6
:10201E0000000000000000001C0022002200220030
:10202E001C03C003F8001E00C6012002200220027D
:10203E00C0010000000000000000000000000000D1
:10204E0000000000000000000000E003F80318008C
:10205E00180030007806FC07CC038C01FC07F00654
:10206E000000000000000000000000000000000062
:10207E0000E0E0E0404040000000000000000000F2
:10208E00000000000000000000000080018001C080
:10209E0000C000C000600060006000600060006072
:1020AE0000C000C000C000800180010000000000E0
:1020BE000000000000181830303060606060606012
:1020CE003030301818000000000000000000000042
:1020DE006000600060006C03FC03F000F000F8018B
:1020EE009801000000000000000000000000000049
:1020FE0000000000000000000000000000000000D2
:10210E0000006000600060006000FE07FE076000D7
:10211E006000600060000000000000000000000091
:10212E0000000000000000000000000000000000A1
:10213E000000E06060303010000000000000000081
:10214E00000000000000000000000000000000FE83
:10215E0003FE03000000000000000000000000006D
:10216E000000000000000000000000000000000061
:10217E0000000000000000E0E0E0000000000000B1
:10218E0000000000000000030003800180018001B8
:10219E00C000C00060006000300030001800180061
:1021AE0018000C000C0000000000000000000000F1
:1021BE00000000000000F800FC018C01060306037D
:1021CE00060306030603060306038C01FC01F80052
:1021DE0000000000000000000000000000000000F1
:1021EE000000000060007C007C0060006000600069
:1021FE0060006000600060006000FC03FC030000F3
:10220E0000000000000000000000000000000000C0
:10221E000000F800FC018E03060300038001C000DD
:10222E006000300018000C00FE03FE0300000000EA
:10223E000000000000000000000000000000000090
:10224E00F800FE01860300038003F001F001800315
:10225E00000300038303FF01FE00000000000000E6
:10226E000000000000000000000000000000C0019F
:10227E00E001E001B001980198018C018601FE0396
:10228E00FE038001E003E0030000000000000000F8
:10229E00000000000000000000000000FC01FC0136
:1022AE000C000C00FC00FC018C0300030003000377
:1022BE008603FE01FC00000000000000000000008C
:1022CE0000000000000000000000E003F8033C00E6
:1022DE000C000E00F600FE018E03060306038C03AF
:1022EE00FC01F000000000000000000000000000F3
:1022FE000000000000000000FE03FE0306030003C2
:10230E00800180018001C000C000C000600060003C
:10231E00600000000000000000000000000000004F
:10232E00000000000000F800FC018E0306038E037F
:10233E00FC01FC018E03060306038E03FC01F8006C
:10234E00000000000000000000000000000000007F
:10235E00000000007800FC018E01060306038E03C8
:10236E00FC03780380038001E001FE003E000000C4
:10237E00000000000000000000000000000000004F
:10238E000000E0E0E0000000E0E0E00000000000FF
:10239E00000000000000000000000000000000002F
:1023AE0000C001C001C001000000000000E000609C
:1023BE00003000300010000000000000000000009F
:1023CE00000000000000000000000000068007E092
:1023DE000170001C000F001C007000E0018007005F
:1023EE0006000000000000000000000000000000D9
:1023FE0000000000000000000000000000FF07FFCA
:10240E000700000000FF07FF0700000000000000AB
:10241E0000000000000000000000000000000000AE
:10242E000000000000000006001E007800E00080A2
:10243E0003000F8003E00078001E0006000000007D
:10244E00000000000000000000000000000000007E
:10245E00000000F800FC010C030C030003C001E0B7
:10246E00006000000000007000700000000000001E
:10247E00000000000000000000000000000000E06E
:10248E00009800080104010401C401240124012460
:10249E0001C401040008000801F000000000000063
:1024AE00000000000000000000000000000000FC22
:1024BE0000FC00E000B001B00198011803FC03FC21
:1024CE000306060F0F0F0F000000000000000000B3
:1024DE0000000000000000000000000000FE00FEF2
:1024EE00010C030C038C03FC01FC030C070C060C03
:1024FE0006FE07FE030000000000000000000000C2
:10250E000000000000000000000000F006F8071CAC
:10251E00070E0606000600060006000E061C07F84B
:10252E0003F00100000000000000000000000000A9
:10253E00000000000000000000FF00FF01860306FF
:10254E0007060606060606060606078603FF01FFB1
:10255E00000000000000000000000000000000006D
:10256E0000000000000000FE07FE070C060C06CC63
:10257E0000FC00FC00CC000C060C06FE07FE07005B
:10258E00000000000000000000000000000000003D
:10259E000000000000FE07FE070C060C06CC00FC37
:1025AE0000FC00CC000C000C007E007E0000000041
:1025BE00000000000000000000000000000000000D
:1025CE00000000F006FC070C07060606000600C613
:1025DE000FC60F06060C06FC07F0010000000000F7
:1025EE0000000000000000000000000000000000DD
:1025FE00009E079E070C030C030C03FC03FC030C4C
:10260E00030C030C039E079E070000000000000051
:10261E00000000000000000000000000000000FCB0
:10262E0003FC0360006000600060006000600060FA
:10263E00006000FC03FC030000000000000000002E
:10264E0000000000000000000000000000E00FE0AD
:10265E000F000300030003000306030603060386B0
:10266E0003FE01F800000000000000000000000062
:10267E000000000000000000000000BE0FBE0F8C26
:10268E0003CC006C007C00DC008C018C010C033E42
:10269E000F3E0E00000000000000000000000000D1
:1026AE000000000000000000007E007E00180018F0
:1026BE0000180018001800180618061806FE07FE67
:1026CE0007000000000000000000000000000000F5
:1026DE00000000000000000F0F0F0F0E079E079660
:1026EE0006F606F6066606660606069F0F9F0F009E
:1026FE0000000000000000000000000000000000CC
:10270E000000000000CE07DE071C033C033C036CF8
:10271E00036C03CC03CC038C03BE033E030000000A
:10272E00000000000000000000000000000000009B
:10273E00000000F000F8019C030E070606060606D0
:10274E000606060E079C03F801F0000000000000CC
:10275E00000000000000000000000000000000006B
:10276E0000FE01FE030C070C060C060C07FC03FC16
:10277E00010C000C007E007E000000000000000036
:10278E00000000000000000000000000000000F04B
:10279E0000F8019C030E0706060606060606060E40
:1027AE00079C03F801F000F006F8079803000000FC
:1027BE0000000000000000000000000000FE01FE0E
:1027CE00030C070C060C07FC03FC018C030C030C1A
:1027DE00073E0E3E0C00000000000000000000004E
:1027EE000000000000000000000000F806FC070ECC
:1027FE000706060E00FC00F003000706060E07FE95
:10280E0003F60100000000000000000000000000C0
:10281E00000000000000000000FE07FE07660666CE
:10282E0006660660006000600060006000F801F857
:10283E000100000000000000000000000000000089
:10284E00000000000000009E079E070C030C030C06
:10285E00030C030C030C030C039C03F801F00000A3
:10286E00000000000000000000000000000000005A
:10287E0000000000008F078F07060306038C018CF3
:10288E0001D800D800D80070007000700000000061
:10289E00000000000000000000000000000000002A
:1028AE000000001F0F1F0F060CE60CE60CE60CB620
:1028BE000DB4051C071C071C070C060000000000C9
:1028CE0000000000000000000000000000000000FA
:1028DE00008F078F0706038C01D80070007000D898
:1028EE00008C0106038F078F070000000000000018
:1028FE000000000000000000000000000000009E2C
:10290E00079E070C039801F000F000600060006065
:10291E00006000F801F80100000000000000000057
:10292E0000000000000000000000000000FC03FC9E
:10293E00030C038C01C00060006000300018030C13
:10294E0003FC03FC03000000000000000000000078
:10295E00000000000000000000E001E001600060E7
:10296E000060006000600060006000600060006059
:10297E000060006000E001E00100000000000000C7
:10298E0000000000000C000C0018001800180030A9
:10299E0000300060006000C000C000800180018037
:1029AE000100030003000000000000000000000012
:1029BE000078786060606060606060606060607821
:1029CE0078000000000000000000000020007000F1
:1029DE00D8008C0106030202000000000000000077
:1029EE0000000000000000000000000000000000D9
:1029FE0000000000000000000000000000000000C9
:102A0E0000000000000000000000000000000000B8
:102A1E00000000000000000000000000FF0FFF0F8C
:102A2E0000000000106080000000000000000000A8
:102A3E000000000000000000000000000000000088
:102A4E0000000000000000F801FC030003F803FC86
:102A5E00030E038603FE077C070000000000000043
:102A6E00000000000000000000000000000700074A
:102A7E000006000600F600FE030E03060606060616
:102A8E00060E03FF03F70000000000000000000028
:102A9E000000000000000000000000000000000028
:102AAE00000000F006FC070C060606060006000EE7
:102ABE0006FC07F801000000000000000000000006
:102ACE0000000000000000000000070007000600E4
:102ADE0006F006FC070C070606060606060E07FCA1
:102AEE000FF00E00000000000000000000000000CB
:102AFE00000000000000000000000000000000F0D8
:102B0E0000FC030C03FE07FE0706000C06FC07F094
:102B1E0001000000000000000000000000000000A6
:102B2E000000000000E007F00730003000FC03FC5E
:102B3E000330003000300030003000FC03FC030096
:102B4E000000000000000000000000000000000077
:102B5E000000000000000000000000F00EFC0F0C52
:102B6E00070606060606060C07FC07F0060006001A
:102B7E0007F803F80100000000000000000000004C
:102B8E00000E000E000C000C00EC01FC031C030CEC
:102B9E00030C030C030C039E079E070000000000AD
:102BAE0000000000000000000000000000000060B7
:102BBE00006000000000007C007C0060006000608F
:102BCE000060006000FC03FC030000000000000039
:102BDE000000000000000000000000000060006027
:102BEE000000000000FC01FC0180018001800180DA
:102BFE00018001800180018001C001FE007E000085
:102C0E0000000000000000000000000E000E000C8E
:102C1E00000C00EC03EC036C003C003C006C00CCA0
:102C2E0000CE07CE070000000000000000000000EC
:102C3E000000000000000000007C007C00600060CE
:102C4E00006000600060006000600060006000FCDA
:102C5E0003FC030000000000000000000000000064
:102C6E00000000000000000000000000000000BF97
:102C7E0003FF0766066606660666066606EF0EEF35
:102C8E000E00000000000000000000000000000028
:102C9E0000000000000000000000000000EE01FE39
:102CAE00031C030C030C030C030C039E079E07006E
:102CBE000000000000000000000000000000000006
:102CCE000000000000000000000000F000FC030CFB
:102CDE00030606060606060C03FC03F000000000C1
:102CEE0000000000000000000000000000000000D6
:102CFE00000000000000000000F700FF030E0306B6
:102D0E0006060606060E03FE03F600060006001F64
:102D1E00001F000000000000000000000000000086
:102D2E0000000000000000F00EFC0F0C0706060667
:102D3E000606060C07FC07F00600060006800F804C
:102D4E000F00000000000000000000000000000066
:102D5E0000000000009E03DE0778063800180018F9
:102D6E00001800FE01FE010000000000000000003F
:102D7E000000000000000000000000000000000045
:102D8E00000000F003FC030C033C00F801C0030C30
:102D9E0003FC03FC00000000000000000000000027
:102DAE0000000000000000000000001800180018CD
:102DBE0000FE03FE0318001800180018001806F88D
:102DCE0007F00100000000000000000000000000FD
:102DDE000000000000000000000000000000008E57
:102DEE00038E030C030C030C030C038C03FC0778FB
:102DFE0007000000000000000000000000000000BE
:102E0E00000000000000000000000000008F078F8F
:102E1E000706038C018C01D800D8007000700000EA
:102E2E000000000000000000000000000000000094
:102E3E0000000000000000000000008F078F072632
:102E4E00032603F603DC01DC018C018C010000007B
:102E5E000000000000000000000000000000000064
:102E6E000000000000000000009E079E079801F081
:102E7E00006000F00098019E079E07000000000011
:102E8E000000000000000000000000000000000034
:102E9E00000000000000008F078F0706038C018CD6
:102EAE0001D800F80070003000300018007F007F5D
:102EBE000000000000000000000000000000000004
:102ECE000000000000FC03FC038C01C00060003019
:102EDE00001803FC03FC03000000000000000000CB
:102EEE000000000000000000000000C001E00160D2
:102EFE0000600060006000600070003800700060CC
:102F0E0000600060006000E001C0010000000000F1
:102F1E000000000000606060606060606060606083
:102F2E006060606060000000000000001C3C3030FB
:102F3E0030303070E070303030303C1C000000001B
:102F4E000000000000000000000000000000000073
:102F5E000038007E06E607C00300000000000000F7
:102F6E000000000000000000000000000000000053
:102F7E000000000000FE0702040204020402040224
:102F8E0004020402040204020402040204FE070006
:0B2F9E00000000000000000000000028
:102FA900000020007F00130001880100039B01003D
:102FB90007AE010008C1010008D401000FE70100B4
:102FC9000C0D0200033302000546020004590200F9
:102FD900056C0200087F02000392020005A50200A9
:102FE90003B8020004CB020008DE020006F1020069
:102FF9000804030008170300082A0300083D03001A
:1030090008500300086303000876030008890300D9
:10301900049C030004AF030008C2030008D50300A1
:1030290008E8030009FB0300102104000B47040012
:103039000B6D04000B9304000BB904000ADF0400B4
:10304900090505000B2B05000B5105000377050049
:10305900088A05000B9D050009C305000CE9050058
:103069000B0F06000B3506000A5B06000B810600F4
:103079000CA706000ACD06000AF306000B19070083
:103089000B3F07000F6507000A8B07000AB107000D
:1030990009D7070005FD07000410080004230800EC
:1030A9000836080009490800036F0800098208006A
:1030B90009A8080008CE080009E108000807090066
:1030C900061A0900092D09000953090003790900A5
:1030D900038C0900089F090003B209000DC5090006
:1030E90009EB090009110A0009370A00095D0A00FC
:1030F90006830A0008960A0005A90A0009BC0A0005
:1031090008E20A000DF50A00081B0B00092E0B0046
:1031190008540B0006670B00037A0B00068D0B00A1
:1031290009A00B000AC60B00000000000000000007
:10313900000000000000000000000000000006067A
:103149000606060606060600060600000000000040
:1031590000666666660000000000000000000000CE
:1031690000000000D8D8D8FEFE6C6CFEFE3636365C
:1031790000000000000010387CD6161E3C78F0D6FE
:10318900D67C38100000000000000000001E0C333F
:103199000633063303B3019E01C03CC06660666016
:1031A900663066183C0000000000000000000000C6
:1031B900000000F800FC018C018C01F80078006C1B
:1031C90002E606C6038607FC0F780400000000002B
:1031D90000000000000006060606000000000000CE
:1031E900000000000000000000180C0C0C06060688
:1031F900060606060C0C0C1800000000030606065D
:103209000C0C0C0C0C0C0C06060603000000000448
:103219001F041B0000000000000000000000000067
:1032290000000000181818FFFF1818180000000007
:10323900000000000000000000000000000000067F
:103249000604040200000000000000000000001E47
:103259001E00000000000000000000000000000047
:1032690000000000000606000000000000000C0C31
:103279000C0606060606060303030000000000000C
:10328900003C7EE7C3C3C3C3C3C3E77E3C00000061
:103299000000000030383C363230303030303030C9
:1032A900000000000000003C7EC7C3C06070381CED
:1032B90006FFFF000000000000007CFEC3C0787814
:1032C900E0C0C3E77E3C00000000000000607070B1
:1032D900786C6C6663FFFF6060000000000000000E
:1032E9007E7E06073F7FE3C0C3E77E3C0000000007
:1032F9000000007CFEC6033B7FE7C3C3C67E3C00DB
:10330900000000000000FFFF6030301818181C0C86
:103319000C0C000000000000003C7EC3C3C37E7E8D
:10332900C3C3C37E3C000000000000003C7E63C3B1
:10333900C3E7FEDCC0637F3E000000000000000020
:1033490000000C0C00000000000C0C000000000044
:1033590000000000000C0C00000000000C0C080824
:103369000400000000000080E0781E071E78E0805D
:103379000000000000000000000000FFFF00FFFF48
:103389000000000000000000000000000001071E0E
:1033990078E0781E0701000000000000000000002E
:1033A900007800FC008E018601C001E00070003049
:1033B9000030000000300030000000000000000074
:1033C90000000000000000C00FF03F38709C7BEC4B
:1033D900DF6EDC36CC36CC36CC366EF63FEC1D1CB7
:1033E900C03870F03FC00F0000000000007000708E
:1033F90000D800D800D8008C018C01FC01FE03061E
:10340900030603030600000000000000000000009E
:10341900000000FE01FE03060306030603FE01FE8B
:1034290003060706060606FE03FE0100000000006B
:10343900000000000000000000F001FC030C07067A
:1034490002060006000600060006020C07FC03F04F
:10345900010000000000000000000000000000FE64
:1034690000FE030603060606060606060606060607
:10347900060603FE03FE0000000000000000000035
:103489000000000000FE03FE03060006000600FE21
:1034990003FE03060006000600FE03FE030000000B
:1034A9000000000000000000000000FE01FE01060F
:1034B9000006000600FE00FE0006000600060006E3
:1034C90000060000000000000000000000000000ED
:1034D90000F001FC030C07060206000600C607C639
:1034E9000706060C07FC03F00100000000000000BD
:1034F900000000000000000606060606060606068D
:1035090006FE07FE07060606060606060606060066
:10351900000000000000000000000606060606067E
:1035290006060606060600000000000000C0C0C02E
:10353900C0C0C0C0C0C3E77E3C000000000000005E
:10354900000000060606038601C6006600F600DED6
:10355900008E01860106030607060600000000002A
:10356900000000000000000000060006000600063A
:1035790000060006000600060006000600FE01FE21
:103589000100000000000000000000000000000E23
:103599000E0E0E1E0F1E0F160DB60DB60DB60DE64C
:1035A9000CE60CE60C460C000000000000000000D0
:1035B900000000000006060E061E061E06360666F8
:1035C900066606C606860786070607060600000081
:1035D9000000000000000000000000F000FC030CE7
:1035E900030606060606060606060606060C03FC7C
:1035F90003F00000000000000000000000000000CF
:1036090000FE00FE01860306038603FE01FE000696
:103619000006000600060006000000000000000089
:1036290000000000000000F000FC030C0306060681
:10363900060606060606066606CC03FC03700300AA
:1036490006000000000000000000000000FE01FE6E
:1036590003060706060607FE03FE00C601860306E3
:10366900030607060E00000000000000000000002D
:10367900000000F800FC01860306031E00FC00F0B0
:1036890001800306038E03FC01F80000000000001E
:10369900000000000000000000FF03FF03300030BD
:1036A9000030003000300030003000300030003091
:1036B90000000000000000000000000000000006FB
:1036C9000606060606060606060606060606060691
:1036D900060E07FC03F801000000000000000000CE
:1036E900000000000003060306060306038C018C94
:1036F900018C01D800D80070007000700000000033
:103709000000000000000000000000C361C761C69E
:1037190031663366336C1B6C1B6C1B381E380E38D4
:103729000E380E000000000000000000000000003C
:103739000006038E038C01D800F80070007000F8B1
:1037490000D8008C018E0306030000000000000071
:1037590000000000000000030387038601CC00CCB1
:1037690000780030003000300030003000300000B8
:1037790000000000000000000000000000FE01FE43
:1037890001C00060007000300018001C000C000629
:1037990000FF01FF01000000000000000000000020
:1037A9001E1E06060606060606060606061E1E0056
:1037B9000000000303030606060606060C0C0C00AF
:1037C9000000000000000F0F0C0C0C0C0C0C0C0C72
:1037D9000C0C0C0F0F00000000183C3C6666C3007F
:1037E90000000000000000000000000000000000D0
:1037F90000000000000000000000000000000000C0
:10380900000000000000000000FF01FF01000000AF
:103819000000030600000000000000000000000096
:1038290000000000000000000000000000007C0013
:10383900FE00C600F000FC00CE00C600FE00BC0180
:103849000000000000000000000000000000060069
:10385900060006007600FE00CE018601860186017B
:10386900CE01FE007600000000000000000000000C
:103879000000000078FCCE060606CEFC78000000A9
:1038890000000000000000800180018001B801FCF7
:1038990001CE01860186018601CE01FC01B8010035
:1038A90000000000000000000000000000387CC695
:1038B900FEFE06CE7C38000000000000003C3E06FB
:1038C9001F1F060606060606060000000000000087
:1038D900000000000000000000B801FC01CE0186D4
:1038E9000186018601CE01FC01B8018601FE01FCB9
:1038F900000000000000000000060006000600F6B7
:1039090000FE018E018601860186018601860186F7
:10391900010000000000000000000000060600068B
:103929000606060606060606000000000000000658
:103939000600060606060606060606060703000032
:103949000000060606C666363E3E6E66C6C600001E
:10395900000000000006060606060606060606061C
:103969000600000000000000000000000000000048
:1039790000760EFE1FCE19C618C618C618C618C678
:1039890018C6180000000000000000000000000038
:1039990000000000000000F600FE018E018601868D
:1039A90001860186018601860100000000000000F1
:1039B900000000000000000000000000007800FC8A
:1039C90000CE01860186018601CE01FC0078000047
:1039D90000000000000000000000000000000000DE
:1039E9000000007600FE00CE01860186018601CE28
:1039F90001FE007600060006000600000000000037
:103A0900000000000000000000B801FC01CE0186A2
:103A19000186018601CE01FC01B801800180018087
:103A2900010000000000000000363E0E06060606F2
:103A39000606000000000000000000007CFEC61E13
:103A49007CF0C6FE7C000000000000000406061F92
:103A59001F06060606061E1C0000000000000000E6
:103A69000000000000000000860186018601860131
:103A790086018601C601FE01BC01000000000000AC
:103A89000000000000000000C6C6C66C6C6C383827
:103A990038000000000000000000000000000000E5
:103AA90000E318E318E60CB60DB60DB60D1C071C9D
:103AB900071C0700000000000000000000000000D3
:103AC90000C6EE6C3838386CEEC600000000000005
:103AD9000000000000000000000083018301C6000F
:103AE900C6006C006C007C003800380018001E000D
:103AF9000E000000000000000000FEFE6070381C8F
:103B09000CFEFE00000000000000383C0C0C0C0C00
:103B190007070C0C0C0C0C3C3800000000060606CC
:103B29000606060606060606060606060000000044
:103B3900070F0C0C0C0C38380C0C0C0C0C0F070074
:103B4900000000000000000000000000000000006C
:103B59001C01FE01E200000000000000000000005E
:103B69000000000000000000000000000000FC034D
:103B7900040204020402040204020402040204020C
:0C3B89000402FC0300000000000000002B
:103B9500000020007F000D00018801000295010052
:103BA50003A2010007AF010005BC01000AC901001D
:103BB50007E3010001F0010003FD0100030A020013
:103BC500051702000724020002310200033E02002D
:103BD500024B020003580200056502000472020050
:103BE500057F0200058C02000599020005A602006A
:103BF50005B3020005C0020005CD020005DA02008A
:103C050002E7020002F4020007010300070E0300A9
:103C1500071B03000428030009350300064F0300B2
:103C2500055C0300066903000676030005830300AF
:103C350005900300069D030006AA030003B70300D1
:103C450004C4030005D1030004DE030007EB0300F1
:103C550006F803000705040005120400071F040009
:103C6500062C04000539040005460400065304002B
:103C750005600400096D040005870400059404002F
:103C850005A1040003AE040003BB040003C804003F
:103C950007D5040006E2040003EF040005FC040058
:103CA5000509050004160500052305000530050076
:103CB500033D0500054A050005570500016405009B
:103CC50002710500057E0500018B050007980500BA
:103CD50005A5050005B2050005BF050005CC0500D5
:103CE50003D9050004E6050003F3050005000600F9
:103CF500050D0600071A060005270600053406000F
:103D050004410600044E0600025B06000468060036
:103D1500077506000982060000000000000000008B
:103D25000000000000000000020202020202000280
:103D3500000000000505050000000000000000006F
:103D4500000028287E14143F0A0A0000000004041D
:103D55001E05050E14140F040400000000000046A3
:103D65000049002900260090015002480288010000
:103D7500000000000000060909262911314E000047
:103D85000000010101000000000000000000000427
:103D95000202010101010102020400000102020404
:103DA50004040404020201000004150E15040000B9
:103DB50000000000000000000808087F080808004F
:103DC50000000000000000000000020202010000E7
:103DD50000000000000700000000000000000000D7
:103DE50000000000020200000000040404020202B8
:103DF50002020101010000000E1111111111110E35
:103E05000000000000040604040404040E00000081
:103E150000000E1110080402011F00000000000E32
:103E250011100C1010110E0000000000080C0A09FA
:103E35001F08080800000000001F01010F101011E5
:103E45000E00000000000C02010F1111110E000000
:103E55000000001F10080804040202000000000012
:103E65000E11110E1111110E00000000000E11119E
:103E7500111E1008060000000000000002020000EC
:103E8500020200000000000000020200000202021F
:103E9500010000000040300C020C30400000000022
:103EA500000000007F007F0000000000000000020D
:103EB5000C3040300C020000000000070808040226
:103EC50002000200000000000000007C00820039B2
:103ED50001250125012501F90002003C0000000033
:103EE50000000C0C1212123F212100000000000FEF
:103EF50011110F1111110F00000000003C0201010A
:103F05000101023C00000000000F112121212111B7
:103F15000F00000000001F01010F0101011F00003B
:103F25000000001F01011F01010101000000000048
:103F35003C0201013921223C000000000021212121
:103F45003F21212121000000000007020202020298
:103F5500020700000000000E08080808080807000E
:103F65000000000011090503030509110000000008
:103F750000010101010101010F0000000000636360
:103F850055554949414100000000002323252529B5
:103F950029313100000000001C2241414141221C11
:103FA50000000000000F1111110F010101000000B8
:103FB50000001C2241414141221C10600000000FFD
:103FC5001111110F09112100000000001E01010E41
:103FD5001010100F00000000001F04040404040466
:103FE500040000000000212121212121211E0000C3
:103FF5000000001111110A0A0A0404000000000063
:10400500000000110111011101AA00AA00AA004433
:104015000044000000000000000011110A04040A19
:104025001111000000000011110A0A040404040023
:10403500000000001F1008040402011F000000001A
:104045000701010101010101010107000001010151
:10405500020202020204040400000704040404042A
:1040650004040404070000000814224100000000B5
:1040750000000000000000000000000000003F00FC
:104085000002040000000000000000000000000025
:10409500000E101E11111E000000000101010F117C
:1040A5001111110F000000000000000E01010101B7
:1040B5000E000000001010101E111111111E00003D
:1040C50000000000000E111F01110E000000000687
:1040D5000101070101010101000000000000001EAF
:1040E500111111111E100E00000101010F11111106
:1040F5001111000000000001000101010101010092
:104105000000000002000302020202020201000098
:104115000101010905030509110000000001010164
:1041250001010101010100000000000000374949BB
:10413500494949000000000000000F11111111113B
:10414500000000000000000E111111110E0000000A
:10415500000000000F111111110F010100000000F6
:10416500001E111111111E101000000000000503A2
:1041750001010101000000000000000E01030C0810
:104185000700000000000101070101010106000010
:10419500000000000011111111111E0000000000A7
:1041A500000011110A0A0404000000000000004983
:1041B500495555222200000000000000110A0404A0
:1041C5000A110000000000000011110A0A0404028F
:1041D5000200000000000F080402010F00000000AB
:1041E5000804040404030404040408000002020291
:1041F5000202020202020202000001020202020C95
:1042050002020202010000000000004649310000E0
:104215000000000000000000FE0102010201020191
:0C422500020102010201FE010000000085
:10423100000020007F0010000188010002980100A9
:1042410004A8010008B8010006C801000BD801004C
:1042510008F8010002080200051802000428020003
:1042610006380200074802000258020004680200F2
:1042710002780200058802000698020006A80200E2
:1042810006B8020006C8020006D8020006E80200CD
:1042910006F80200060803000618030006280300BA
:1042A10003380300034803000858030008680300AB
:1042B10008780300058803000B98030007B8030082
:1042C10006C8030007D8030007E8030006F8030047
:1042D1000608040007180400072804000338040036
:1042E1000448040006580400056804000978040025
:1042F1000798040008A8040006B8040008C80400D0
:1043010007D8040007E8040007F8040007080500BF
:10431100071805000B280500074805000758050088
:104321000668050004780500058805000498050065
:1043310009A8050007C8050005D8050006E805001D
:1043410006F80500050806000618060006280600FE
:1043510005380600064806000658060002680600F1
:104361000378060005880600029806000AA80600E0
:1043710006C8060006D8060006E8060006F806008C
:10438100040807000518070004280700063807007D
:104391000548070009580700057807000588070048
:1043A1000598070005A8070003B8070005C807001E
:1043B10008D807000CE8070000000000000000001A
:1043C10000000000000000000000000002020202E4
:1043D10002020002020000000000000A0A0A0A00AC
:1043E1000000000000000000000000005050FC2808
:1043F100287E28141400000000000004043E050576
:10440100061C24241F04040000000000000000001A
:104411000C019200920052002C03A004900490041D
:104421000803000000000000000000001E2121120E
:104431004E5161619E000000000000020202020074
:104441000000000000000000000000100804040249
:104451000202020204040810000000010204040820
:104461000808080804040201000000082A1C2A08A0
:104471000000000000000000000000000008080823
:104481007F08080800000000000000000000000094
:104491000000000202020100000000000000000014
:1044A1000F000000000000000000000000000000FC
:1044B10000000002020000000000001010080808BF
:1044C1000404020202010100000000001E2121215A
:1044D100212121211E00000000000000080E080813
:1044E100080808083E000000000000001E212020EE
:1044F100100C02013F000000000000001E212020DE
:104501001C2020211E0000000000000010181412C1
:10451100113F101010000000000000003F01011FBA
:10452100202020211E000000000000001C02011FAD
:10453100212121211E000000000000003F20101059
:104541000808040402000000000000001E212121CF
:104551001E2121211E000000000000001E2121213A
:10456100213E20100E0000000000000000000404A5
:10457100000000040400000000000000000004042A
:104581000000000404040200000000000080601824
:10459100061860800000000000000000000000FE1E
:1045A1000000FE00000000000000000000020C30CE
:1045B100C0300C0200000000000000000E111008C5
:1045C10004020002020000000000000000000000E0
:1045D100F8000603F2028904890489048904F203BC
:1045E1000600F80000000000000000000808141494
:1045F10022223E4141000000000000000F11111174
:104601001F2121211F000000000000003C42010188
:10461100010101423C000000000000001F21414156
:10462100414141211F000000000000003F01010144
:104631003F0101013F000000000000003F010101B6
:104641003F01010101000000000000003C420101A6
:10465100017141427C0000000000000041414141E4
:104661007F414141410000000000000007020202B9
:104671000202020207000000000000000E08080804
:1046810008080808070000000000000021110905C2
:1046910003050911210000000000000001010101D2
:1046A100010101011F0000000000000000000000E6
:1046B10083018301450145012901290111011101ED
:1046C10001010000000000000000000043434545D7
:1046D1004951516161000000000000003C428181AC
:1046E100818181423C000000000000001F21212146
:1046F1001F01010101000000000000003C42818116
:10470100818181423C10E000000000001F21212135
:104711001F09112141000000000000003E4101017C
:104721003E4040413E000000000000007F080808B4
:10473100080808080800000000000000414141414C
:10474100414141221C000000000000004141412282
:1047510022141408080000000000000000000000FE
:10476100210421045104510452028A028A028A025C
:1047710004010000000000000000000041221414A8
:1047810008141422410000000000000041222214FC
:104791000808080808000000000000003F20100879
:1047A100040402013F0000000000000E02020202A8
:1047B1000202020202020E000000000101020202D6
:1047C10004040808081010000000000E080808087A
:1047D1000808080808080E0000000000000000009A
:1047E10030004800840002010000000000000000C9
:1047F10000000000000000000000000000000000B8
:104801000000000000007F00000000081000000010
:1048110000000000000000000000000000001E2059
:10482100203E21312E0000000000000101011D2366
:10483100212121211F0000000000000000001E01B5
:10484100010101011E0000000000002020203E2186
:10485100212121312E0000000000000000001E2156
:10486100213F01211E0000000000001C02020F0276
:1048710002020202020000000000000000003E21CE
:10488100212121312E20201E0000000101011D23C4
:10489100212121212100000000000000020002026C
:1048A10002020202020000000000000004000604EF
:1048B10004040404040404030000000101011109BB
:1048C10005030509110000000000000202020202B6
:1048D10002020202020000000000000000000000CD
:1048E100000000009A016602220222022202220234
:1048F10022020000000000000000000000001D2353
:1049010021212121210000000000000000001E21C2
:10491100212121211E0000000000000000001D23B4
:10492100212121211F0101010000000000003E2181
:10493100212121312E2020200000000000000D0344
:1049410001010101010000000000000000000E1142
:10495100010E10110E0000000000000002020F0203
:10496100020202020C0000000000000000002121F0
:10497100212121312E000000000000000000111152
:104981000A0A0A0404000000000000000000000000
:104991000000000011011101AA00AA00AA004400B0
:1049A1004400000000000000000000000000110AA7
:1049B1000A040A0A110000000000000000001111A1
:1049C1000A0A0A04040402020000000000001F1089
:1049D100080402011F000000000000180404040480
:1049E1000403040404041800000000040404040483
:1049F1000404040404040400000000030404040487
:104A01000418040404040300000000000000008CEA
:104A11009262000000000000000000000000FC0F96
:104A21000408040804080408040804080408040825
:084A3100FC0F00000000000072
:104A3900000020007F000D0001880100029501009F
:104A490005A2010008AF010006BC01000CC9010064
:104A590008E3010002F0010004FD0100040A02005C
:104A6900061702000824020002310200043E020077
:104A7900024B020005580200066502000572020099
:104A8900067F0200068C02000699020006A60200B3
:104A990006B3020006C0020006CD020006DA0200D3
:104AA90002E7020002F4020008010300080E0300F5
:104AB900081B03000528030009350300074F0300FD
:104AC900065C0300066903000776030005830300FB
:104AD90005900300079D030007AA030004B703001C
:104AE90005C4030006D1030005DE030009EB03003A
:104AF9000605040007120400061F0400072C040021
:104B09000739040006460400065304000760040040
:104B1900066D04000A7A04000694040006A1040044
:104B290006AE040004BB040005C8040004D5040053
:104B390007E2040007EF040004FC0400060905006D
:104B4900061605000523050006300500063D05008B
:104B5900044A0500065705000664050002710500B0
:104B6900037E0500068B0500029805000AA50500CD
:104B790006BF050006CC050006D9050006E60500B6
:104B890004F3050005000600040D0600061A0600D8
:104B9900062706000834060006410600064E0600F0
:104BA900055B060006680600047506000682060015
:104BB900088F0600099C06000000000000000000A4
:104BC90000000000000000000303030303030003C7
:104BD900000000001B1B1B0000000000000000007B
:104BE90000004848FEFE247F7F12120000000808DA
:104BF9001E2B0B1E34351E04040000000000008E1D
:104C0900009B005B005B07AE0DA00D900D10070027
:104C19000000000000000E1B1BCE5B3363DE0000AA
:104C29000000030303000000000000000000000C66
:104C39000606030303030306060C00000306060C1D
:104C49000C0C0C0C06060300000C2D1E2D0C00008C
:104C59000000000000000000101010FE10101000ED
:104C69000000000000000000000003030301000031
:104C790000000000000F000000000000000000001C
:104C890000000000030300000000101008080404DD
:104C990004020201010000001E3333333333331E93
:104CA90000000000000C0E0C0C0C0C0C1E00000087
:104CB90000001E3330180C06033F00000000001EE0
:104CC90033301C3030331E000000000010181C1A4D
:104CD900193F181800000000003E06061E30303348
:104CE9001E00000000001E03031F3333331E0000A3
:104CF9000000003F301818180C0C0C0000000000D0
:104D09001E33331E3333331E00000000001E3333BD
:104D1900333E30301E000000000000000303000095
:104D29000303000000000000000303000003030365
:104D39000100000000C0300C020C30C0000000006F
:104D4900000000FE0000FE00000000000000000658
:104D590018608060180600000000000E19180C0683
:104D690006000600000000000000007C00820079B7
:104D7900016D016D016D01D90002007C0000000088
:104D890000001C1C3636367F636300000000001FDC
:104D990033331F3333331F00000000003E03030386
:104DA9000303033E00000000001F336363636333A2
:104DB9001F00000000001F03031F0303031F00005F
:104DC9000000001F03031F0303030300000000008A
:104DD9007E0303037363637E000000000063636363
:104DE9007F6363636300000000000F060606060682
:104DF900060F00000000001E1818181818180F00D8
:104E090000000000331B0F07070F1B3300000000D1
:104E190000030303030303031F0000000000000055
:104E2900008301C701EF01BD019901810181018160
:104E3900010000000000000023272F3D3931212106
:104E490000000000003E6363636363633E0000008B
:104E590000001F3333331F03030300000000003E2B
:104E69006363636363633E18700000001F33333369
:104E79001F1B336300000000003E03031F3E303058
:104E89001F00000000003F0C0C0C0C0C0C0C000067
:104E9900000000636363636363633E000000000016
:104EA9003333331E1E1E0C0C0000000000000000EE
:104EB900330333033303B601FE01CE01CC00CC002A
:104EC9000000000000000033331E0C0C1E333300B9
:104ED9000000000033331E1E0C0C0C0C00000000F7
:104EE900003F30381C0E07033F000000000F03038A
:104EF900030303030303030F000001010202040477
:104F0900040808101000000F0C0C0C0C0C0C0C0CF5
:104F19000C0F0000000814224100000000000000EE
:104F290000000000000000000000007F0000060CE7
:104F390000000000000000000000000000001E301A
:104F49003E33333E000000000303031F3333333382
:104F59001F000000000000001E030303031E0000E1
:104F690000003030303E333333333E000000000060
:104F790000001E333F03033E000000000E03030739
:104F89000303030303000000000000003E33333332
:104F9900333E301E00000303031F33333333330022
:104FA90000000000030003030303030300000000E3
:104FB90000060007060606060606030000030303AB
:104FC900331B0F0F1B33000000000303030303030C
:104FD900030303000000000000000000000000DFE0
:104FE90001330333033303330333030000000000A9
:104FF900000000001F33333333330000000000008A
:10500900001E333333331E000000000000001F333D
:105019003333331F030300000000003E33333333BF
:105029003E303000000000000B0F030303030000B3
:1050390000000000001E030F1E180F0000000000F2
:1050490003030F030303030E0000000000000033F5
:10505900333333333E0000000000000033331E1E9B
:105069000C0C00000000000000DBDBDBFF666600C3
:1050790000000000000033331E1E3333000000001F
:1050890000000033331E1E0C0C0606000000000051
:105099001F180C06031F00000000380C0C0C0C072D
:1050A9000C0C0C0C3800000C0C0C0C0C0C0C0C0C23
:1050B9000C0C0000070C0C0C0C380C0C0C0C070029
:1050C90000000000008E997100000000000000003F
:1050D9000000FE01020102010201020102010201B6
:0650E900FE0100000000C2
:020A6C00340054
:020A6E00310055
:020A7000200064
:020A720033004F
:030A7400202F0030
:020A7700390044
:020A7900360045
:020A7B00300049
:020A7D00370040
:030A7F00202A002A
:040A82004E614E0073
:020A860030003E
:040A8800494E46008D
:020A8C00200048
:020A8E00200046
:020A9000200044
:030A9200202D0014
:030A9500202B0013
:020A9800380024
:020A9A00350025
:020A9C00320026
:010A9E000057
:010A9F000056
:020AA000000054
:010AA2000053
:010AA3000052
:010AA4000051
:010AA5000050
:0A0AA6006E6F77206865726520000E
:0B0AB00066697273742068657265004F
:020ABB00370002
:0B0ABD00666972737420686572650042
:100AC800546F7563682073656C656374656420632F
:100AD8006F726E65727320666F722063616C6962F3
:070AE800726174696F6E007A
:0E0AEF006D452043616C63756C61746F72001D
:020AFD003D00BA
:020AFF0058009D
:100B010020000000000000000000000000000000C4
:020B11000000E2
:100B130020000000000000000000000000000000B2
:040B230000000000CE
:020B27003D008F
:020B2900430087
:040B2B0020000000A6
:100B2F002000000000000000000000000000000096
:040B3F0000000000B2
:100B43006D696B726F452043616C63756C61746F83
:070B5300722044656D6F0084
:100B5A00436F6E74696E756520746F206D4520430E
:0A0B6A00616C63756C61746F7200BA
:100B74005468697320697320612073696D706C65B2
:100B84002076657273696F6E206F662063616C6393
:100B9400756C61746F722E204665656C2066726593
:020BA4006500EA
:100BA60077697468696E20696E742F696E746567FB
:100BB60065722076616C756573202866726F6D208C
:100BC6002D333237363820746F2033323736372993
:020BD6002E00EF
:100BD800746F20747279206974206F75742E204E9A
:100BE8006F7465207468617420696E7075742076FE
:100BF800616C7565732073686F756C64206265003D
:040C080044454C0013
:020C0C003600B0
:020C0E003900AB
:020C10003300AF
:020C12003100AF
:040C14002B2F2D0055
:020C18003800A2
:020C1A003000A8
:020C1C003200A4
:020C1E0035009F
:020C20002F00A3
:020C22002A00A6
:020C24002D00A1
:020C2600340098
:020C28002B009F
:100C2A00202D00000000000000000000000000006D
:040C3A0000000000B6
:00000001FF
