:100000000C941F8E0C9400000C9400000C940000C3
:100010000C9400000C9400000C9400000C94000060
:100020000C9400000C9400000C9400000C94000050
:100030000C9400000C9400000C9400000C94000040
:100040000C9400000C9400000C9400000C94000030
:100050000C9400000C9400000C9400000C94000020
:100060000C9400000C9400000C9400000C94000010
:100070000C9400000C9400000C9400000C94000000
:100080000C9400000C9400000C9400000C940000F0
:100090000C9400000C9400000C9400000C940000E0
:1000A0000C9400000C9400000C9400000C940000D0
:1000B0000C9400000C9400000C9400000C940000C0
:1000C0000C9400000C9400000C9400000C940000B0
:1000D0000C9400000C9400000C9400000C940000A0
:1000E0000C9400000C9400000C9400000C94000090
:1000F0000C9400000C9400000C9400000C94000080
:100100000C9400000C9400000C9400000C9400006F
:100110000C9400000C9400000C9400000C9400005F
:100120000C9400000C9400000C9400000C9400004F
:100130000C9400000C9400000C9400000C9400003F
:100140000C9400000C9400000C9400000C9400002F
:100150000C9400000C9400000C9400000C9400001F
:100160000C9400000C9400000C9400000C9400000F
:100170000C9400000C9400000C9400000C940000FF
:100180000C9400000C9400000C9400000C940000EF
:100190000C9400000C94000000000000000000001F
:1001A0000C9400000C9400000C9400000C940000CF
:1001B0000C9400000C9400000C9400000C940000BF
:1001C0000C9400000C9400000C9400000C940000AF
:1001D0000C9400000C9400000C9400000C9400009F
:1001E0000C9400000C9400000C9400000C9400008F
:0401F0000C9400006B
:020000040001F9
:101C3E00BFEFBDBFBFE3BEBF0E94288ED8DFFFCF70
:021C4E00FFCFC6
:101BFC002F923F920E944B840E9438840E94B6859B
:101C0C00009194221091952200938A2210938B229A
:101C1C00009196221091972200939022109391227A
:101C2C00B2E92B2EB2E23B2E0E9459843F902F90AA
:021C3C00089509
:10089600B2E0B0935000B0915100B1FD01C0FBCF62
:0C08A600B8EDB4BFB1E0B093400008957D
:100870002F923F924F925F9275DDB0E44B2EB1E024
:100880005B2EB0EF2B2EB0E03B2E75DD5F904F90CE
:060890003F902F90089537
:10036400B0E0B0931620B0931720B0E0B0931520FE
:020374000895EA
:100376002F923F924F925F926F927F928F9241D8C7
:10038600013091F0B3E2B0933C20B5E7B0933D2045
:10039600B8E8B0933A20B5E7B0933B20B8E9B093FC
:1003A6002420B0E8B093252020922D2030922E20D4
:1003B60040922F20509230202414350420F0B0E0D3
:1003C600B0931A2003C0BAE5B0931A20B1E04B2EC1
:1003D60022243324F7D97724882466245524332409
:1003E60044242224B0E0BF93BF9323DDADB7BEB74C
:1003F6001296ADBFBEBF4424552422243324E9D926
:10040600B0E0B0933420BFEFB0932007EBD9BEE045
:10041600B0932A20B0E8B0932B208F907F906F90F6
:0A0426005F904F903F902F900895D3
:020000040000FA
:06F408000091162008959A
:0EF7CA0020921F20309220204092212008958E
:10FE3800CF93DF93CDB7DEB726960881198120923C
:10FE480035203092312040923220509233206092F7
:10FE58001C2070921D2080921E2000932220109357
:08FE68002320DF91CF910895E2
:10F7D8002092522030925320409257205092582025
:02F7E800089582
:10F7EA002F92B0910407BD7FB0930407B091000730
:10F7FA00B260B0930007B0910407B061B0930407F8
:10F80A00B0910007B061B0930007B0910407B062ED
:10F81A00B0930407B0910007B062B0930007B091AB
:10F82A000007B460B0930007B0910007B860B093C6
:10F83A000007B0910407B460B0930407B0910407BD
:10F84A00B860B09304070E940470B0910407B260D4
:10F85A00B09304070E9404700E940470B0910407D8
:10F86A00BF7DB0930407B1E02B2EE0913C20F091CC
:10F87A003D2009951BD9B8E22B2EE0913C20F0914E
:10F88A003D200995BFEC2B2EE0913C20F0913D20C4
:10F89A0009952224E0913A20F0913B200995B3E89A
:10F8AA002B2EE0913A20F0913B200995B0E32B2EC4
:10F8BA00E0913A20F0913B200995BDEE2B2EE09184
:10F8CA003C20F0913D200995B4E62B2EE0913A2098
:10F8DA00F0913B200995B3E02B2EE0913A20F0916C
:10F8EA003B200995B2E12B2EE0913A20F0913B2082
:10F8FA000995B1E82B2EE0913A20F0913B20099529
:10F90A00B8EE2B2EE0913C20F0913D200995B5E808
:10F91A002B2EE0913A20F0913B200995B1E02B2E55
:10F92A00E0913A20F0913B200995B9E72B2EE0911E
:10F93A003A20F0913B200995BBEC2B2EE0913C201C
:10F94A00F0913D200995B9E32B2EE0913A20F091F0
:10F95A003B200995BCE22B2EE0913A20F0913B2006
:10F96A0009952224E0913A20F0913B200995B4E3CD
:10F97A002B2EE0913A20F0913B200995B2E02B2EF4
:10F98A00E0913A20F0913B200995B7EF2B2EE091B8
:10F99A003C20F0913D200995B0E22B2EE0913A20CF
:10F9AA00F0913B200995BAEE2B2EE0913C20F09184
:10F9BA003D2009952224E0913A20F0913B200995B7
:10F9CA002224E0913A20F0913B200995B0EC2B2EAD
:10F9DA00E0913C20F0913D200995B6E22B2EE09172
:10F9EA003A20F0913B200995B1EC2B2EE0913C2076
:10F9FA00F0913D200995B1E12B2EE0913A20F0914A
:10FA0A003B200995B5EC2B2EE0913C20F0913D204E
:10FA1A000995B5E32B2EE0913A20F0913B20099508
:10FA2A00BEE32B2EE0913A20F0913B200995B7ECEA
:10FA3A002B2EE0913C20F0913D200995BEEB2B2E18
:10FA4A00E0913A20F0913B200995B6E32B2EE09104
:10FA5A003C20F0913D20099500911A200A35A1F425
:10FA6A000E942F6E002341F0B8E82B2EE0913A2035
:10FA7A00F0913B20099507C0B8E42B2EE0913A207B
:10FA8A00F0913B20099513C00E942F6E002341F08C
:10FA9A00B8EE2B2EE0913A20F0913B20099507C051
:10FAAA00B8E22B2EE0913A20F0913B200995BAE377
:10FABA002B2EE0913C20F0913D200995B5E52B2EA7
:10FACA00E0913A20F0913B200995B1EB2B2EE09181
:10FADA003C20F0913D2009952224E0913A20F091B2
:10FAEA003B200995BBE12B2EE0913A20F0913B2077
:10FAFA000995B2EF2B2EE0913C20F0913D2009951B
:10FB0A00B8E02B2EE0913A20F0913B200995B6E21D
:10FB1A002B2EE0913C20F0913D200995B1E02B2E4F
:10FB2A00E0913A20F0913B200995B0EE2B2EE0911E
:10FB3A003C20F0913D200995BFE12B2EE0913A201F
:10FB4A00F0913B200995BAE12B2EE0913A20F091F1
:10FB5A003B200995B8E12B2EE0913A20F0913B2009
:10FB6A000995BAE02B2EE0913A20F0913B200995B5
:10FB7A00BFE02B2EE0913A20F0913B200995B6E0A8
:10FB8A002B2EE0913A20F0913B200995B5E42B2EDB
:10FB9A00E0913A20F0913B200995B7E82B2EE091AD
:10FBAA003A20F0913B200995B2E32B2EE0913A20BE
:10FBBA00F0913B200995BAE02B2EE0913A20F09182
:10FBCA003B200995B7E02B2EE0913A20F0913B209B
:10FBDA000995B2E02B2EE0913A20F0913B2009954D
:10FBEA00B7E02B2EE0913A20F0913B200995B5E041
:10FBFA002B2EE0913A20F0913B2009952224E091A6
:10FC0A003A20F0913B200995B1EE2B2EE0913C2051
:10FC1A00F0913D2009952224E0913A20F0913B2071
:10FC2A000995B5E22B2EE0913A20F0913B200995F7
:10FC3A00B7E22B2EE0913A20F0913B200995B5E0EE
:10FC4A002B2EE0913A20F0913B200995B0E12B2E22
:10FC5A00E0913A20F0913B200995B9E02B2EE091F2
:10FC6A003A20F0913B200995BAE32B2EE0913A20F5
:10FC7A00F0913B200995B8E72B2EE0913A20F091BC
:10FC8A003B200995BDE42B2EE0913A20F0913B20D0
:10FC9A000995B5E02B2EE0913A20F0913B20099589
:10FCAA00B8E12B2EE0913A20F0913B200995BDE076
:10FCBA002B2EE0913A20F0913B200995B8E32B2EA8
:10FCCA00E0913A20F0913B200995BAE32B2EE0917E
:10FCDA003A20F0913B200995BFE12B2EE0913A2082
:10FCEA00F0913B200995BAE22B2EE0913C20F0914D
:10FCFA003D2009952224E0913A20F0913B20099574
:10FD0A002224E0913A20F0913B20099500912D2080
:10FD1A0010912E2001501040012F10E0202EE0916A
:10FD2A003A20F0913B20099500912D200150202E78
:10FD3A00E0913A20F0913B200995BBE22B2EE0910D
:10FD4A003C20F0913D2009952224E0913A20F0913F
:10FD5A003B2009952224E0913A20F0913B20099515
:10FD6A0000912F201091302001501040012F10E0F7
:10FD7A00202EE0913A20F0913B20099500912F2006
:10FD8A000150202EE0913A20F0913B200995B7EBE3
:10FD9A002B2EE0913C20F0913D200995B7E02B2EC7
:10FDAA00E0913A20F0913B200995B6EB2B2EE09199
:10FDBA003C20F0913D200995BAE02B2EE0913A20A3
:10FDCA00F0913B200995B2E82B2EE0913A20F09170
:10FDDA003B200995B7E22B2EE0913A20F0913B2087
:10FDEA0009952224E0913A20F0913B200995B1E14E
:10FDFA002B2EE0913C20F0913D2009950E94047041
:10FE0A00B9E22B2EE0913C20F0913D2009950E9409
:10FE1A000470BCE22B2EE0913C20F0913D20099524
:0EFE2A00B0910407B062B09304072F900895C2
:10E0080021E11CE30CEC0A95F1F71A95E1F72A9542
:04E01800D1F708959F
:10EA4600B0910407BF7EB093040720922407B091CB
:10EA56000407B77FB09304070000B0910407B860BD
:06EA6600B09304070895BF
:10EB1000B0910407B061B093040720922407B0912C
:10EB20000407B77FB09304070000B0910407B860F2
:06EB3000B09304070895F4
:10EAC6000E94E1620E94E162B0910407BF7DB093AB
:10EAD6000407B0910407B460B0930407B09104072B
:10EAE600BF7EB093040720922407B0910407B77F36
:10EAF600B0930407B0910407B860B0930407B091CF
:0AEB06000407B062B09304070895FD
:0CC5C2000AE00A95F1F70000000008955F
:10EA6C00B0910407BF7DB0930407B0910407B46064
:10EA7C00B0930407B0910407B061B09304072092DF
:10EA8C002407B0910407B77FB0930407B091040733
:10EA9C00B860B0930407B0910407B062B093040758
:0AEAAC000E94E1620E94E1620895F9
:10EAB60010ED0AEC0A95F1F71A95E1F700000895B2
:00EAC60050
:06DC5E0000911B20089557
:020000040001F9
:100B6C00B0E0B0939222B0939322B0EFB093942262
:100B7C00B0E0B0939522B0E4B0939622B1E0B0937C
:100B8C009722B2E0B0939922B0E0B0939A22B8E8E1
:100B9C00B0939B22BAE0B0939C22B0E0B0939D221C
:100BAC00B0E0B0939E22B1E0B0939F22B0E0B0933E
:100BBC00A022BCE8B093A122BAE0B093A222B0E08C
:100BCC00B093A322B0E0B093A422B3E1B093A522DA
:100BDC00B0E0B093A622BEE8B093A722BAE0B093DF
:100BEC00A822B0E0B093A922B0E0B093AA22B6E15B
:100BFC00B0939822B2E9B0938B21B2E2B0938C21DE
:100C0C00B0E0B0938D21B0E0B0938E21B0938F21E2
:100C1C00B7E9B0939021B0E0B0939121B0EFB093CD
:100C2C009221B0E0B0939321B9EAB0939421B0E053
:100C3C00B0939521B0E0B0939C21B1E0B0939D218D
:100C4C0004EB1AE020E030E00093962110939721FA
:100C5C002093982130939921B1E0B0939A21B1E07F
:100C6C00B0939B21B0E0B0939E21B0939F21B0E054
:100C7C00B093A021B093A121B0E0B093A221B09386
:100C8C00A321B0E0B093A421B093A521B2E9B09315
:100C9C00A621B2E2B093A721B1E0B093A821B4E9A8
:100CAC00B093A921B0E0B093AA21B7E0B093AB21E7
:100CBC00B0E0B093AC21BEE0B093AD21B0E0B09306
:100CCC00AE21B1E0B093AF21BFEFB093B021B093A0
:100CDC00B121B1E0B093B221B1E0B093B321B1E056
:100CEC00B093B421B0E0B093B521B0E0B093B6218D
:100CFC00BFEFB093B721B093B821B8E1B093B9214D
:100D0C00B6ECB093BA21B0E0B093BB21B093BC2148
:100D1C00B1E0B093BD21B0E1B093BE21B4E8B09383
:100D2C00BF21B0E0B093C021B093C121B0E0B0932B
:100D3C00C221B093C321B0E0B093C421B093C521BC
:100D4C00B0E0B093C621B093C721B2E9B09346226C
:100D5C00B2E2B0934722B2E0B0934822BAEDB0931E
:100D6C004922B0E0B0934A22B2E3B0934B22B0E0F8
:100D7C00B0934C22B6E0B0934D22B0E0B0934E222B
:100D8C00B1E0B0934F22BFEFB0935022B0935122F9
:100D9C00B1E0B0935222B1E0B0935322B1E0B093E2
:100DAC005422B0E0B0935522B0E0B0935622BFEF7E
:100DBC00B0935722B0935822B8E1B0935922B6ECB5
:100DCC00B0935A22B0E0B0935B22B0935C22B1E0B6
:100DDC00B0935D22B0E1B0935E22B4E8B0935F2291
:100DEC00B0E0B0936022B0936122B0E0B093622285
:100DFC00B0936322B0E0B0936422B0936522B0E06C
:100E0C00B0936622B0936722B2E9B0936822B2E243
:100E1C00B0936922B3E0B0936A22BEEDB0936B221B
:100E2C00B0E0B0936C22B6EDB0936D22B0E0B0930D
:100E3C006E22B4E0B0936F22B0E0B0937022B1E0B8
:100E4C00B0937122BFEFB0937222B0937322B1E0D2
:100E5C00B0937422B1E0B0937522B1E0B0937622D6
:100E6C00B0E0B0937722B0E0B0937822BFEFB093AC
:100E7C007922B0937A22B8E1B0937B22B6ECB0938E
:100E8C007C22B0E0B0937D22B0937E22B1E0B0938F
:100E9C007F22B0E1B0938022B4E8B0938122B0E01D
:100EAC00B0938222B0938322B0E0B0938422B093AB
:100EBC008522B0E0B0938622B0938722B0E0B09345
:100ECC008822B0938922B2E9B0930222B2E2B093A5
:100EDC000322B4E0B0930422B7EBB0930522B0E048
:100EEC00B0930622B4E7B0930722B0E0B093082287
:100EFC00BCE0B0930922B0E0B0930A22B1E0B09309
:100F0C000B22BFEFB0930C22B0930D22B1E0B09343
:100F1C000E22B1E0B0930F22B1E0B0931022B0E0FA
:100F2C00B0931122B0E0B0931222BFEFB093132212
:100F3C00B0931422B8E1B0931522B6ECB0931622FC
:100F4C00B0E0B0931722B0931822B1E0B0931922FD
:100F5C00B0E1B0931A22B4E8B0931B22B0E0B09386
:100F6C001C22B0931D22B0E0B0931E22B0931F221E
:100F7C00B0E0B0932022B0932122B0E0B0932222B3
:100F8C00B0932322B2E9B0932422B2E2B09325228B
:100F9C00B5E0B0932622BCEDB0932722B0E0B0931D
:100FAC002822B7EAB0932922B0E0B0932A22B6E007
:100FBC00B0932B22B0E0B0932C22B1E0B0932D2251
:100FCC00BFEFB0932E22B0932F22B1E0B09330221A
:100FDC00B1E0B0933122B1E0B0933222B0E0B093E3
:100FEC003322B0E0B0933422BFEFB0933522B093EC
:100FFC003622B8E1B0933722B6ECB0933822B0E089
:10100C00B0933922B0933A22B1E0B0933B22B0E1D5
:10101C00B0933C22B4E8B0933D22B0E0B0933E22B2
:10102C00B0933F22B0E0B0934022B0934122B0E0A5
:10103C00B0934222B0934322B0E0B0934422B093D9
:10104C004522B2E9B0936921B2E2B0936A21B6E0CD
:10105C00B0936B21B2EBB0936C21B0E0B0936D21E7
:10106C00B2E3B0936E21B0E0B0936F21BCE0B093CB
:10107C007021B0E0B0937121B1E0B0937221BFEF59
:10108C00B0937321B0937421B1E0B0937521B1E0AA
:10109C00B0937621B1E0B0937721B0E0B093782192
:1010AC00B0E0B0937921BFEFB0937A21B0937B215C
:1010BC00B8E1B0937C21B6ECB0937D21B0E0B09355
:1010CC007E21B0937F21B1E0B0938021B0E1B09349
:1010DC008121B4E8B0938221B0E0B0938321B09326
:1010EC008421B0E0B0938521B0938621B0E0B09319
:1010FC008721B0938821B0E0B0938921B0938A21E5
:10110C00B2E9B0939D20B2E2B0939E20B7E0B093C9
:10111C009F20B2EDB093A020B0E0B093A120BCE62C
:10112C00B093A220B0E0B093A320B4E0B093A4207D
:10113C00B0E0B093A520B1E0B093A620BFEFB09380
:10114C00A720B093A820B1E0B093A920B1E0B09350
:10115C00AA20B1E0B093AB20B0E0B093AC20B0E0EB
:10116C00B093AD20BFEFB093AE20B093AF20B8E1F9
:10117C00B093B020B6ECB093B120B0E0B093B220F5
:10118C00B093B320B1E0B093B420B0E1B093B520EC
:10119C00B4E8B093B620B0E0B093B720B093B820C9
:1011AC00B0E0B093B920B093BA20B0E0B093BB20BC
:1011BC00B093BC20B0E0B093BD20B093BE20B2E998
:1011CC00B093BF20B2E2B093C020B8E0B093C1207E
:1011DC00B1EEB093C220B0E0B093C320B3ECB093A7
:1011EC00C420B0E0B093C520B4E0B093C620B0E00A
:1011FC00B093C720B1E0B093C820BFEFB093C92023
:10120C00B093CA20B1E0B093CB20B1E0B093CC2026
:10121C00B1E0B093CD20B0E0B093CE20B0E0B0936D
:10122C00CF20BFEFB093D020B093D120B8E1B093D2
:10123C00D220B6ECB093D320B0E0B093D420B093CE
:10124C00D520B1E0B093D620B0E1B093D720B4E86C
:10125C00B093D820B0E0B093D920B093DA20B0E0AE
:10126C00B093DB20B093DC20B0E0B093DD20B093E2
:10127C00DE20B0E0B093DF20B093E020B2E9B09371
:10128C005920B2E2B0935A20B9E0B0935B20B6EE8D
:10129C00B0935C20B0E0B0935D20B3E7B0935E20D8
:1012AC00B0E0B0935F20B4E0B0936020B0E0B093B6
:1012BC006120B1E0B0936220BFEFB0936320B09394
:1012CC006420B1E0B0936520B1E0B0936620B1E04A
:1012DC00B0936720B0E0B0936820B0E0B093692081
:1012EC00BFEFB0936A20B0936B20B8E1B0936C2041
:1012FC00B6ECB0936D20B0E0B0936E20B0936F203D
:10130C00B1E0B0937020B0E1B0937120B4E8B09329
:10131C007220B0E0B0937320B0937420B0E0B0931F
:10132C007520B0937620B0E0B0937720B0937820FE
:10133C00B0E0B0937920B0937A20B2E9B0937B20DF
:10134C00B2E2B0937C20BAE0B0937D20B9ECB093BC
:10135C007E20B0E0B0937F20B3ECB0938020B0E05F
:10136C00B0938120B6E0B0938220B0E0B09383209C
:10137C00B1E0B0938420BFEFB0938520B09386206A
:10138C00B1E0B0938720B1E0B0938820B1E0B09386
:10139C008920B0E0B0938A20B0E0B0938B20BFEFEF
:1013AC00B0938C20B0938D20B8E1B0938E20B6EC26
:1013BC00B0938F20B0E0B0939020B0939120B1E027
:1013CC00B0939220B0E1B0939320B4E8B093942002
:1013DC00B0E0B0939520B0939620B0E0B0939720F6
:1013EC00B0939820B0E0B0939920B0939A20B0E0DD
:1013FC00B0939B20B0939C20B2E9B0932521B2E22C
:10140C00B0932621BBE0B0932721B7EDB0932821F0
:10141C00B0E0B0932921BAE7B0932A21B0E0B093A1
:10142C002B21B6E0B0932C21B0E0B0932D21B1E08C
:10143C00B0932E21BFEFB0932F21B0933021B1E0A8
:10144C00B0933121B1E0B0933221B1E0B0933321AC
:10145C00B0E0B0933421B0E0B0933521BFEFB0933E
:10146C003621B0933721B8E1B0933821B6ECB09364
:10147C003921B0E0B0933A21B0933B21B1E0B09365
:10148C003C21B0E1B0933D21B4E8B0933E21B0E0F3
:10149C00B0933F21B0934021B0E0B0934121B09381
:1014AC004221B0E0B0934321B0934421B0E0B0931B
:1014BC004521B0934621B2E9B0934721B2E2B093F3
:1014CC004821BCE0B0934921BAECB0934A21B0E07A
:1014DC00B0934B21BAE4B0934C21B0E0B0934D21C2
:1014EC00B6E0B0934E21B0E0B0934F21B1E0B09391
:1014FC005021BFEFB0935121B0935221B1E0B09382
:10150C005321B1E0B0935421B1E0B0935521B0E038
:10151C00B0935621B0E0B0935721BFEFB093582150
:10152C00B0935921B8E1B0935A21B6ECB0935B213A
:10153C00B0E0B0935C21B0935D21B1E0B0935E213B
:10154C00B0E1B0935F21B4E8B0936021B0E0B09308
:10155C006121B0936221B0E0B0936321B093642118
:10156C00B0E0B0936521B0936621B0E0B0936721F1
:10157C00B0936821B2E9B093E120B2E2B093E220DB
:10158C00BDE0B093E320BBEDB093E420B0E0B093AA
:10159C00E520B2E5B093E620B0E0B093E720B8E0E8
:1015AC00B093E820B0E0B093E920B1E0B093EA202A
:1015BC00BFEFB093EB20B093EC20B1E0B093ED20F3
:1015CC00B1E0B093EE20B1E0B093EF20B0E0B09377
:1015DC00F020B0E0B093F120BFEFB093F220B093C5
:1015EC00F320B8E1B093F420B6ECB093F520B0E062
:1015FC00B093F620B093F720B1E0B093F820B0E1AF
:10160C00B093F920B4E8B093FA20B0E0B093FB208B
:10161C00B093FC20B0E0B093FD20B093FE20B0E07E
:10162C00B093FF20B0930021B0E0B0930121B093B0
:10163C000221B2E9B0930321B2E2B0930421BEE0DF
:10164C00B0930521BAEBB0930621B0E0B09307211B
:10165C00B9E0B0930821B0E0B0930921B4E0B093A5
:10166C000A21B0E0B0930B21B1E0B0930C21BFEF95
:10167C00B0930D21B0930E21B1E0B0930F21B1E0E6
:10168C00B0931021B1E0B0931121B0E0B0931221CE
:10169C00B0E0B0931321BFEFB0931421B093152198
:1016AC00B8E1B0931621B6ECB0931721B0E0B0932B
:1016BC001821B0931921B1E0B0931A21B0E1B09385
:1016CC001B21B4E8B0931C21B0E0B0931D21B09362
:1016DC001E21B0E0B0931F21B0932021B0E0B09355
:1016EC002121B0932221B0E0B0932321B093242187
:1016FC00B2E9B093EF22B2E2B093F022BFE0B09324
:10170C00F122B7EDB093F222B0E0B093F322B0E93E
:10171C00B093F422B0E0B093F522B4E0B093F6228B
:10172C00B0E0B093F722B1E0B093F822BFEFB093E2
:10173C00F922B093FA22B1E0B093FB22B1E0B0935E
:10174C00FC22B1E0B093FD22B0E0B093FE22B0E0F9
:10175C00B093FF22BFEFB0930023B0930123B8E105
:10176C00B0930223B6ECB0930323B0E0B093042300
:10177C00B0930523B1E0B0930623B0E1B0930723F7
:10178C00B4E8B0930823B0E0B0930923B0930A23D4
:10179C00B0E0B0930B23B0930C23B0E0B0930D23C7
:1017AC00B0930E23B0E0B0930F23B0931023B2E9A3
:1017BC00B093C821B2E2B093C921B0E1B093CA2171
:1017CC00B4E0B093CB21B0E0B093CC21B8E4B093AB
:1017DC00CD21B0E0B093CE21B4EAB093CF21B0E0EC
:1017EC00B093D021BBE1B093D121B0E0B093D22122
:1017FC00B1E0B093DB21B1E0B093DC21B0E0B09369
:10180C00D321B0E2B093D4210AE21BEA20E030E00D
:10181C000093D5211093D6212093D7213093D82132
:10182C00BFEFB093D921B093DA21B0E0B093DD21B2
:10183C00B093DE21B0E0B093DF21B093E021B0E0B3
:10184C00B093E121B093E221B0E0B093E321B093E7
:10185C00E421B2E9B093E521B2E2B093E621B1E123
:10186C00B093E721B7E0B093E821B0E0B093E92161
:10187C00B4E6B093EA21B0E0B093EB21B4E9B093B5
:10188C00EC21B0E0B093ED21BBE1B093EE21B0E0E0
:10189C00B093EF21B1E0B093F821B1E0B093F9210E
:1018AC00BBE0B093F021B0E2B093F1210093F221B0
:1018BC001093F3212093F4213093F521BFEFB093D3
:1018CC00F621B093F721B0E0B093FA21B093FB214D
:1018DC00B0E0B093FC21B093FD21B0E0B093FE21B9
:1018EC00B093FF21B0E0B0930022B0930122B2E993
:1018FC00B093CD22B2E2B093CE22B2E1B093CF221C
:10190C00B4EDB093D022B0E0B093D122B0E0B0935C
:10191C00D222B093D322B4E1B093D422B0E0B093EE
:10192C00D522B1E0B093D622BFEFB093D722B093BB
:10193C00D822B1E0B093D922B1E0B093DA22B1E071
:10194C00B093DB22B0E0B093DC22B0E0B093DD22A8
:10195C00BFEFB093DE22B093DF22B8E1B093E02268
:10196C00B6ECB093E122B0E0B093E222B093E32264
:10197C00B1E0B093E422B0E1B093E522B4E8B093C7
:10198C00E622B0E0B093E722B093E822B0E0B09347
:10199C00E922B093EA22B0E0B093EB22B093EC22B0
:1019AC00B0E0B093ED22B093EE22B2E9B093AB224B
:1019BC00B2E2B093AC22B3E1B093AD22BEEBB093E4
:1019CC00AE22B0E0B093AF22BEE1B093B022B0E053
:1019DC00B093B122B4E0B093B222B0E0B093B32292
:1019EC00B1E0B093B422BFEFB093B522B093B6225E
:1019FC00B1E0B093B722B1E0B093B822B1E0B093AC
:101A0C00B922B0E0B093BA22B0E0B093BB22BFEFE2
:101A1C00B093BC22B093BD22B8E1B093BE22B6EC19
:101A2C00B093BF22B0E0B093C022B093C122B1E01A
:101A3C00B093C222B0E1B093C322B4E8B093C422F5
:101A4C00B0E0B093C522B093C622B0E0B093C722E9
:101A5C00B093C822B0E0B093C922B093CA22B0E0D0
:101A6C00B093CB22B093CC22B2E9B0933523B2E23F
:101A7C00B0933623B4E1B0933723B3E6B093382355
:101A8C00B0E0B0933923B6E0B0933A23B0E0B09312
:101A9C003B23B2E1B0933C23B0E0B0933D23B1E0E3
:101AAC00B0933E23BFEFB0933F23B0934023B1E0FC
:101ABC00B0934123B1E0B0934223B1E0B093432300
:101ACC00B0E0B0934423B0E0B0934523BFEFB093A4
:101ADC004623B0934723B8E1B0934823B6ECB093B8
:101AEC004923B0E0B0934A23B0934B23B1E0B093B9
:101AFC004C23B0E1B0934D23B4E8B0934E23B0E047
:101B0C00B0934F23B0935023B0E0B0935123B093D4
:101B1C005223B0E0B0935323B0935423B0E0B0936E
:101B2C005523B0935623B2E9B0931123B2E2B0938C
:101B3C001223B5E1B0931323BEE9B0931423B0E0A4
:101B4C00B0931523BEE2B0931623B0E0B0931723E5
:101B5C00B4E0B0931823B0E0B0931923B1E0B09384
:101B6C001A23BFEFB0931B23B0931C23B1E0B093A7
:101B7C001D23B1E0B0931E23B1E0B0931F23B0E05E
:101B8C00B0932023B0E0B0932123BFEFB093222376
:101B9C00B0932323B8E1B0932423B6ECB093252360
:101BAC00B0E0B0932623B0932723B1E0B093282361
:101BBC00B0E1B0932923B4E8B0932A23B0E0B093FA
:101BCC002B23B0932C23B0E0B0932D23B0932E2372
:101BDC00B0E0B0932F23B0933023B0E0B093312317
:061BEC00B09332230895BE
:1008B200CF93DF93CDB7DEB72C97CDBFDEBF2196A6
:1008C2004F925F92B0E0B883B0E0B983B0E0BC83EE
:1008D200B0E0BF8320928C2230928D22F1013296B9
:1008E2002191319100918A2210918B2202171307D4
:1008F20081F400918C2210918D22F801349621917D
:10090200319100919022109191220217130709F45C
:1009120054C000900407BB2700FCB395BA8700902F
:100922000007BB2700FCB395BB87B0910007B160FD
:10093200B0930007B0910407BE7FB0930407009103
:100942008C2210918D22F801349621913191F80177
:100952003296019111913F922F922901180126DFBF
:10096200E0918C22F0918D2201911191180123DEE8
:100972002F903F9020918C2230918D22F901329656
:100982000191119100938A2210938B22F9013496DE
:10099200019111910093902210939122BA85B0FB9C
:1009A200B0910407B0F9B0930407BB85B0FBB091D6
:1009B2000007B0F9B09300070CC0E0918C22F091CF
:1009C2008D22019111913F922F921801F4DD2F9007
:1009D2003F9020928C2230928D2200918C22109195
:1009E2008D22F801369610810881011708F0B5C0F2
:1009F20000918C2210918D22F8013796219131912C
:100A0200098110E00217130778F500918C221091EA
:100A12008D22F8013996419151916191719109812B
:100A220010E0212F312F000F111F221F331F040F3F
:100A3200151F261F371F2BBFF801079117910A8335
:100A42001B83F801329610810881011769F409812C
:100A52000F5F098308810F5F08833F922F922A80DC
:100A62003B801ADE2F903F9000918C2210918D22B4
:100A7200F8017396219131910F8110E0021713074B
:100A820078F500918C2210918D22F8017596419192
:100A92005191619171910F8110E0212F312F000F3F
:100AA200111F221F331F040F151F261F371F2BBFB5
:100AB200F8010791179108871987F801329610817A
:100AC2000881011769F40F810F5F0F8308810F5F9F
:100AD20008833F922F9228843984DCDC2F903F9048
:100AE20000918C2210918D22F8013D962191319135
:100AF2000C8110E00217130778F500918C221091F7
:100B02008D22F8013F9641915191619171910C8131
:100B120010E0212F312F000F111F221F331F040F4E
:100B2200151F261F371F2BBFF801079117910D8341
:100B32001E83F801329610810881011769F40C8135
:100B42000F5F0C8308810F5F08833F922F922D80E5
:100B52003E806DDC2F903F9040CF5F904F902B9660
:0A0B6200CDBFDEBFDF91CF910895F3
:1007AE002F923F924F925F926F927F928F920E9402
:1007BE00047A013091F0B3E2B0933C20B5E7B093E8
:1007CE003D20B8E8B0933A20B5E7B0933B20B8E9A6
:1007DE00B0932420B0E8B093252020922D203092A3
:1007EE002E2040922F20509230202414350420F0D9
:1007FE00B0E0B0931A2003C0BAE5B0931A20B1E06E
:10080E004B2E222433240E94E57B772488246624F1
:10081E005524332444242224B0E0BF93BF9305DB38
:10082E00ADB7BEB71296ADBFBEBF44245524222429
:10083E0033240E94EC7BB0E0B0933420BFEFB09332
:10084E0020070E94077AB2E1B0932A20B1E8B09354
:10085E002B208F907F906F905F904F903F902F90B6
:02086E000895EB
:020000040000FA
:10F40E002F923F92B0910407BD7FB0930407B09145
:10F41E000007B260B0930007B0910407B061B093DB
:10F42E000407B0910007B061B0930007B0910407D4
:10F43E00B062B0930407B0910007B062B0930007BA
:10F44E00B0910007B460B0930007B0910007B860A8
:10F45E00B0930007B0910407B460B0930407B09165
:10F46E000407B860B09304070E940470B0910407BB
:10F47E00B260B09304070E9404700E94047033249B
:10F48E00BAEE2B2E0E942C6BB0E23B2EBBEE2B2E37
:10F49E000E942C6BBCE03B2EBCEE2B2E0E942C6BE4
:10F4AE00B4EC3B2EBDEE2B2E0E942C6BB0E43B2E0B
:10F4BE00B8EE2B2E0E942C6BB8E33B2EB9EE2B2E02
:10F4CE000E942C6BB1E03B2EB1EF2B2E0E942C6BC9
:10F4DE00B0E13B2EB2EF2B2E0E942C6BB3EA3B2EEB
:10F4EE00B7E22B2E0E942C6B3324B0E42B2E0E94FD
:10F4FE002C6B3324B1E42B2E0E942C6BB1E03B2EEF
:10F50E00B2E42B2E0E942C6BB3E13B2EB3E42B2ED8
:10F51E000E942C6BB0E13B2EB4E42B2E0E942C6B80
:10F52E00B6E23B2EB5E42B2E0E942C6BB8E03B2EA0
:10F53E00B6E42B2E0E942C6BB1E53B2EB7E42B2E9E
:10F54E000E942C6BB2E03B2EB8E42B2E0E942C6B4B
:10F55E00B2E13B2EB9E42B2E0E942C6BB8E13B2E70
:10F56E00BAE42B2E0E942C6BB9E13B2EBBE42B2E62
:10F57E000E942C6BB4E13B2EBCE42B2E0E942C6B14
:10F58E00B9E13B2EB0E52B2E0E942C6BBFE23B2E39
:10F59E00B1E52B2E0E942C6BBCE23B2EB2E52B2E3E
:10F5AE000E942C6BBEE33B2EB3E52B2E0E942C6BE0
:10F5BE00BFE33B2EB4E52B2E0E942C6BBFE33B2EFC
:10F5CE00B5E52B2E0E942C6BBEE23B2EB6E52B2E04
:10F5DE000E942C6BB7E73B2EB7E52B2E0E942C6BAF
:10F5EE00BBE03B2EB8E52B2E0E942C6BB6E03B2EDB
:10F5FE00B9E52B2E0E942C6BB7E03B2EBAE52B2ED5
:10F60E000E942C6BBDE03B2EBBE52B2E0E942C6B7B
:10F61E00BDE13B2EBCE52B2E0E942C6BBCEC3B2E91
:10F62E00BDE52B2E0E942C6B00911A200A35C1F4D9
:10F63E003324B4E02B2E0E942C6BBFEE3B2EB5E094
:10F64E002B2E0E942C6BB1E03B2EB8E02B2E0E948D
:10F65E002C6BBFE33B2EB9E02B2E0E942C6B17C0F8
:10F66E00B1E03B2EB4E02B2E0E942C6BBFE33B2E61
:10F67E00B5E02B2E0E942C6B3324B8E02B2E0E946B
:10F68E002C6BBFEE3B2EB9E02B2E0E942C6B009103
:10F69E001A200A3591F40E942F6E002339F0B8EC2F
:10F6AE003B2EB6E12B2E0E942C6B06C0B8E03B2EF3
:10F6BE00B6E12B2E0E942C6B11C00E942F6E0023E0
:10F6CE0039F0B8EA3B2EB6E12B2E0E942C6B06C009
:10F6DE00B8E63B2EB6E12B2E0E942C6BBBE13B2EE7
:10F6EE00BBE12B2E0E942C6BB1E03B2EBAE12B2EF0
:10F6FE000E942C6BBFE23B2EB4E22B2E0E942C6B91
:10F70E00B7E53B2EB5E22B2E0E942C6BBDE83B2EAF
:10F71E00B3E22B2E0E942C6BB6E33B2EB8E12B2EC0
:10F72E000E942C6BB1E03B2EB9E12B2E0E942C6B6C
:10F73E003324B1E02B2E0E942C6BB8E83B2EBFE198
:10F74E002B2E0E942C6BB0D9B0E83B2EBFE12B2E96
:10F75E000E942C6BA9D9B0E93B2EBFE12B2E0E9443
:10F76E002C6BA2D9B0ED3B2EBFE12B2E0E942C6B41
:10F77E009BD9B5E03B2EB7E12B2E0E942C6B332488
:10F78E00B6E32B2E0E942C6BB8E33B2EB8E22B2E49
:10F79E000E942C6B0E94D86D0E94D86D0E94D86D6D
:10F7AE000E94D86DBCE33B2EB8E22B2E0E942C6B30
:06F7BE003F902F9008951A
:10D658002F92B0910407BF7DB09304073F92E091E9
:10D668003C20F0913D2009953F90232CE0913A20F1
:10D67800F0913B200995B0910407B062B09304077C
:04D688002F90089542
:10DBB00022E010EA03E90A95F1F71A95E1F72A95B0
:06DBC000D1F700000895FA
:020000040001F9
:1005B8004F925F926F927F928F929F92B0910407B1
:1005C800BF7DB0930407FAD80023E1F020912F20D3
:1005D800309130202150304000912D2010912E2054
:1005E800015010403F922F9249013801442455246C
:1005F80022243324E0912820F091292009952F9076
:100608003F900DC03F922F92442455242224332436
:10061800E0912A20F0912B2009952F903F9020E01F
:1006280030E000912F20109130202017310728F555
:1006380000E010E0A80100912D2010912E20401715
:100648005107B0F43F932F935F934F933F922F92AC
:10065800E0912420F091252009952F903F904F910B
:100668005F912F913F918A010F5F1F4FA801E3CF40
:1006780089010F5F1F4F9801D4CFB0910407B06272
:10068800B09304079F908F907F906F905F904F90EA
:020698000895C3
:020000040000FA
:06F7C400009119200895D8
:10FE7000CF93DF93CDB7DEB72897CDBFDEBF2196F6
:10FE80002F923F9220912D2030912E2000EE11E0F4
:10FE90000217130750F020912F203091302000EEF0
:10FEA00011E00217130708F005C060E273E040EEAE
:10FEB00051E004C060EE71E040E151E000911A2091
:10FEC0000A3541F50E942F6E002391F09B012150CD
:10FED0003040890108191909088319838901041917
:10FEE00015090A831B832C823D826E827F8211C09A
:10FEF000488259828A829B829A012150304089012E
:10FF0000061917090C831D838901021913090E8331
:10FF10001F8327C00E942F6E0023D9F09B01215020
:10FF200030408901061917090883198389010219CC
:10FF300013090A831B839A01215030408901081953
:10FF400019090C831D838901041915090E831F8368
:10FF500008C0288239826A827B824C825D828E82CE
:10FF60009F82BAE22B2EE0913C20F0913D20099532
:10FF700008811981012F10E0202EE0913A20F091A4
:10FF80003B2009952880E0913A20F0913B2009958B
:10FF90000A811B81012F10E0202EE0913A20F09180
:10FFA0003B2009952A80E0913A20F0913B20099569
:10FFB000BBE22B2EE0913C20F0913D2009950C8175
:10FFC0001D81012F10E0202EE0913A20F0913B207E
:10FFD00009952C80E0913A20F0913B2009950E8103
:10FFE0001F81012F10E0202EE0913A20F0913B205C
:10FFF00009952E80E0913A20F0913B200995BCE2D2
:020000040001F9
:100000002B2EE0913C20F0913D2009953F902F90C0
:0C0010002796CDBFDEBFDF91CF91089591
:100224002F923F925F924F923F922F92B2E02B2EE9
:10023400E0913C20F0913D2009952F903F90032DB3
:1002440010E03F922F92202EE0913A20F0913B2033
:100254000995B3E02B2EE0913C20F0913D200995C7
:100264002F903F90E0913A20F0913B200995B6E021
:100274002B2EE0913C20F0913D2009954F905F900A
:10028400052D10E05F924F92202EE0913A20F091DC
:100294003B200995B7E02B2EE0913C20F0913D20C6
:1002A40009954F905F90242CE0913A20F0913B20E7
:1002B4000995B2E22B2EE0913C20F0913D20099566
:0602C4003F902F90089509
:1002CA00CF93DF93CDB7DEB72497CDBFDEBF21969C
:1002DA002F923F92288239824A825B82BAE22B2E7F
:1002EA00E0913C20F0913D2009958E01F80131966C
:1002FA000081202EE0913A20F0913B200995288038
:10030A00E0913A20F0913B200995BBE22B2EE09137
:10031A003C20F0913D2009958E010E5F1F4FF80198
:10032A0031960081202EE0913A20F0913B200995E8
:10033A002A80E0913A20F0913B200995BCE22B2ECD
:10034A00E0913C20F0913D2009953F902F90239613
:0A035A00CDBFDEBFDF91CF91089503
:1000A6002F923F925F924F923F922F92BAE22B2E5F
:1000B600E0913C20F0913D2009952F903F90032D33
:1000C60010E03F922F92202EE0913A20F0913B20B3
:1000D60009952F903F90E0913A20F0913B200995A9
:1000E600BBE22B2EE0913C20F0913D2009954F90EC
:1000F6005F90052D10E05F924F92202EE0913A20FE
:10010600F0913B2009954F905F90242CE0913A2086
:10011600F0913B200995BCE22B2EE0913C20F0911A
:0A0126003D2009953F902F900895A9
:10001C002F923F925F924F923F922F92BAE22B2EE9
:10002C00E0913C20F0913D2009952F903F90032DBD
:10003C0010E03F922F92202EE0913A20F0913B203D
:10004C0009952F903F90E0913A20F0913B20099533
:10005C00BBE22B2EE0913C20F0913D2009954F9076
:10006C005F90052D10E05F924F92202EE0913A2088
:10007C00F0913B2009954F905F90242CE0913A2011
:10008C00F0913B200995BCE22B2EE0913C20F091A5
:0A009C003D2009953F902F90089534
:10019A002F923F925F924F923F922F92BAE22B2E6A
:1001AA00E0913C20F0913D2009952F903F90032D3E
:1001BA0010E03F922F92202EE0913A20F0913B20BE
:1001CA0009952F903F90E0913A20F0913B200995B4
:1001DA00BBE22B2EE0913C20F0913D2009954F90F7
:1001EA005F90052D10E05F924F92202EE0913A2009
:1001FA00F0913B2009954F905F90242CE0913A2092
:10020A00F0913B200995BCE22B2EE0913C20F09125
:0A021A003D2009953F902F900895B4
:10013000CF93DF93CDB7DEB72297CDBFDEBF219639
:1001400028823982B0910407B061B09304078E0110
:10015000F8013196008100932407B0910407B77F1E
:10016000B09304070000B0910407B860B09304078F
:10017000FE01008100932407B0910407B77FB0937C
:1001800004070000B0910407B860B09304072196FB
:0A019000CDBFDEBFDF91CF910895CF
:020000040000FA
:10F35C002F923F92BBE0810116950795BA95E1F784
:10F36C00102F012F000F000F000F102FB7E0012FEF
:10F37C000695BA95E9F7013029F4012F095F102F92
:10F38C00012F01C0012F3F922F92202E69DB2F906D
:10F39C003F90B5E0810116950795BA95E1F7102FCE
:10F3AC00012F000F000F102FB7E0012F0695BA9513
:10F3BC00E9F7013029F4012F0D5F102F012F01C047
:10F3CC00012F3F922F92202E4BDB2F903F90022D3E
:10F3DC00000F000F000F102FB7E0012F0695BA9504
:10F3EC00E9F7013029F4012F095F102F012F01C01B
:0CF3FC00012F202E35DB3F902F9008954C
:020000040001F9
:10069A002F923F924F925F926F927F928F92F101C7
:1006AA0073960081013009F075C0F101719641918C
:1006BA005191F1013D9601911191219131913F9210
:1006CA002F9288243A01180129010E94FE752F9061
:1006DA003F90F101359641915191F1013396219163
:1006EA003191F1013B96019111913F922F923A017A
:1006FA00290118010E949B752F903F90F1013396B2
:10070A0021913191F1013796019111910090332392
:10071A00109034230019110915950795A801420F65
:10072A00531FBA01F101359621913191F1013996A0
:10073A000191119100908E2210908F2200191109B7
:10074A0015950795020F131F980100E010E0401756
:10075A0051077CF000E010E02017310754F0F10156
:10076A003B960191119139012B0118010E94497997
:10077A0011C0F101359641915191F10133962191C0
:10078A003191F1013B96019111913A012901180128
:10079A000E9449798F907F906F905F904F903F9021
:0407AA002F900895EF
:020000040000FA
:10EBFC002092362030923720409238205092392083
:10EC0C00810192010E5F1F4F2F4F3F4F2BBFF80119
:10EC1C004691810192010D5F1F4F2F4F3F4F2BBF2C
:10EC2C00F8010691102F0027040FB0E01B1F009372
:10EC3C00262010932720810192010C5F1F4F2F4F2C
:10EC4C003F4F2BBFF8014691810192010B5F1F4F83
:10EC5C002F4F3F4F2BBFF8010691102F0027040FA9
:10EC6C00B0E01B1F00934A2010934B2081019201AE
:10EC7C000A5F1F4F2F4F3F4F2BBFF8010691009398
:10EC8C004820B0E0B09349206092542070925520F7
:10EC9C0080925620B1E0B0931820B0E0B0933420AD
:02ECAC000895C9
:10EB360020E030E000912D2010912E204016510645
:10EB460008F058C000912F201091302060167106F1
:10EB560008F050C0B0E0B0933323B0933423B0E054
:10EB6600B0938E22B0938F22F10181010F5F1F4F68
:10EB760018010081102F002389F100913420002311
:10EB8600D1F03F932F937F926F925F924F923F9275
:10EB96002F92212EB0E03B2E13D82F903F904F900E
:10EBA6005F906F907F902F913F910F5F1F4F020FE5
:10EBB600131F980112C03F932F933F922F92212E3D
:10EBC600B0E03B2E0E94466B2F903F902F913F91D5
:10EBD6000F5F1F4F020F131F9801C6CF20933323D9
:10EBE60030933423009148201091492000938E22BF
:06EBF60010938F22089528
:10DBC6002F923F924F925F926F927F920091262002
:10DBD600109127202016310618F400E010E035C019
:10DBE60000914A2010914B200215130518F400E00D
:10DBF60010E02BC0009026201090272081010019EC
:10DC06001109A801440F551F440F551F00914C20C0
:10DC160010914D2020914E2030914F20085F1F4FCC
:10DC26002F4F3F4F040F151FB0E02B1F3B1FB4E0D3
:10DC36006B2EB0E07B2E180129010E9483621EE341
:10DC460020E2E12FF22F008110E07F906F905F902D
:08DC56004F903F902F900895BC
:10C50600CF93DF93CDB7DEB72497CDBFDEBF21969D
:10C516008F929F92BEE3BA83B0E2BB8300E010E045
:10C526000615170508F042C08E017F926F925F9242
:10C536004F923F922F924801E0915020F091512066
:10C5460009952F903F904F905F906F907F90B80124
:10C5560020E030E0AB010881198120173107A8F4EB
:10C56600FA010081EA81FB8100830A811B810F5F4A
:10C576001F4F0A831B838A010F5F1F4FB801890172
:10C586000F5F1F4FAB019801E6CF0880198083012A
:10C596000019110938010881198120E0322F020D96
:10C5A600131D241D351D18012901B8CF9F908F90AA
:0CC5B6002396CDBFDEBFDF91CF9108952A
:10D68C004F925F926F927F928F9200911820003090
:10D69C0091F404EF11E03F922F92882466247724B2
:10D6AC001801B0E04B2E542C0E94FE752F903F9029
:10D6BC00B1E0B0931820009126201091272020165D
:10D6CC00310618F400E010E02BC000914A201091B4
:10D6DC004B200215130518F400E010E021C0009057
:10D6EC00262010902720810100191109A801440F50
:10D6FC00551F440F551F0091362010913720209153
:10D70C00382030913920085F1F4F2F4F3F4F040FA7
:10D71C00151FB0E02B1F3B1F2BBFF801069110E02B
:0CD72C008F907F906F905F904F90089559
:10F292004F925F9200912D2010912E204016510620
:10F2A20008F058C000912F2010913020601671068E
:10F2B20008F050C020E030E03F922F92120123016B
:10F2C2008AD22F903F90F901E20DF31D00810023B5
:10F2D20009F440C0009134200023F1F0F901E20D5D
:10F2E200F31D00813F932F937F926F925F924F9213
:10F2F2003F922F92202EB0E03B2E0E949C6B2F90CB
:10F302003F904F905F906F907F902F913F91890136
:10F312000F5F1F4F98011DC0F901E20DF31D00811F
:10F322003F932F937F926F925F924F923F922F92D1
:10F33200202EB0E03B2E0E946E652F903F904F90A2
:10F342005F906F907F902F913F9189010F5F1F4FC8
:0AF352009801B9CF5F904F90089525
:10D73800CF93DF93CDB7DEB76797CDBFDEBF219616
:10D748002F923F924F925F926F927F928F929F9209
:10D75800B0E0BC8BBD8BB0E0BE8B00912620109151
:10D7680027202016310608F411C200914A20109192
:10D778004B200215130508F409C2009026201090CA
:10D788002720810100191109A801440F551F440FD2
:10D79800551F00914C2010914D2020914E20309122
:10D7A8004F20085F1F4F2F4F3F4F040F151FB0E04A
:10D7B8002B1F3B1FB4E06B2EB0E07B2E1801290114
:10D7C8000E948362BEE3B98BB0E2BA8BE989FA8919
:10D7D800A081AB8B89899A89FC0131960081402F01
:10D7E80050E0652F752FFC013296008110E0212F43
:10D7F800312F322F212F102F0027400F511F621F6A
:10D80800731FFC013396008110E0212F312F312F37
:10D81800202F00271127400F511F621F731F0091EF
:10D828004C2010914D2020914E2030914F20040F14
:10D83800151F261F371F0D831E832F8338870A2F36
:10D8480006950695069510E040914820509149208C
:10D858000E94E7620B871C870B890770002351F031
:10D868002B853C850091482010914920020F131FF9
:10D878000B871C870B851C850F87188B8E01075F0C
:10D888001F4F48016B847C842D803E804F805884D4
:10D89800E0915020F09151200995098B1A8B4D8108
:10D8A8005E816F81788509851A8520E0322F040F03
:10D8B800151F261F371F0D831E832F833887098462
:10D8C8001A840B851C85001911090B871C87B0E089
:10D8D800BD87BE8700915620003009F0ACC000918A
:10D8E8005720109158200A831B83B0E0B98309811F
:10D8F800209148203091492010E00217130708F0C2
:10D9080091C000915220109153200C8B1D8BB0E0D8
:10D91800BC83B0E0B88318810B89101708F078C071
:10D928000C81003009F055C00D851E850F5F1F4F13
:10D938000D871E8729853A850F8518892017310795
:10D94800E0F52D853E8509851A8502171307A8F588
:10D95800B1E0BD87B0E0BE878E01075F1F4F3F92E1
:10D968002F9248016B847C842D803E804F805884A0
:10D97800E0915020F091512009952F903F90098B0C
:10D988001A8B0B851C850F87188B4D815E816F81E3
:10D99800788509851A8520E0322F040F151F261F68
:10D9A800371F0D831E832F83388709841A840B85BC
:10D9B8001C85001911090B871C87E989FA890081E0
:10D9C8000E8B09891A890F5F1F4F098B1A8BB1E0DB
:10D9D800BC831E890C81012371F03F922F926090C5
:10D9E8005420709055204A805B802C883D880E9486
:10D9F80022642F903F900C891D890F5F1F4F0C8B5D
:10DA08001D8B0C81000F0C8308810F5F088383CF67
:10DA18000A811B810F5F1F4F0A831B8309810F5FD8
:10DA2800098365CF0C891D890F5F1F4F0093522012
:10DA380010935320ABC000915220109153200A83B9
:10DA48001B83B0E0B9830981209148203091492097
:10DA580010E00217130708F091C0009157201091A9
:10DA680058200C8B1D8BB0E0BC83B0E0B8831881C4
:10DA78000B89101708F078C00C81003009F055C0E8
:10DA88000D851E850F5F1F4F0D871E8729853A85D7
:10DA98000F85188920173107E0F52D853E85098502
:10DAA8001A8502171307A8F5B1E0BD87B0E0BE8755
:10DAB8008E01075F1F4F3F922F9248016B847C8431
:10DAC8002D803E804F805884E0915020F091512065
:10DAD80009952F903F90098B1A8B0B851C850F8712
:10DAE800188B4D815E816F81788509851A8520E0C4
:10DAF800322F040F151F261F371F0D831E832F83F8
:10DB0800388709841A840B851C85001911090B872D
:10DB18001C87E989FA8900810E8B09891A890F5FA8
:10DB28001F4F098B1A8BB1E0BC831E890C8101231E
:10DB380071F03F922F9260905420709055204C883D
:10DB48005D882A803B800E9422642F903F900C8938
:10DB58001D89015010400C8B1D8B0C81000F0C830C
:10DB680008810F5F088383CF0A811B810F5F1F4FD6
:10DB78000A831B8309810F5F098365CF0C891D897F
:10DB88000150104000935720109358209F908F9079
:10DB98007F906F905F904F903F902F906696CDBF8B
:08DBA800DEBFDF91CF9108956B
:10C844002F923F928F929F9200E010E020163106C3
:10C8540044F000912D2010912E202016310608F46A
:10C8640001C037C000E010E04016510644F00091CA
:10C874002F20109130204016510608F401C029C021
:10C88400B0910407BF7DB09304070E94E27B0023AC
:10C8940061F07F926F9242013101E0912820F09182
:10C8A400292009956F907F9009C07F926F92E09143
:10C8B4002A20F0912B2009956F907F901301E0912D
:10C8C4002420F09125200995B0910407B062B0931B
:0CC8D40004079F908F903F902F900895D4
:10C5CE009801249F8001259F100D349F100D089512
:00C5DE005D
:10CADC00CF93DF93CDB7DEB72B97CDBFDEBF2196BB
:10CAEC004F925F926F927F928F92B0E0B887B98726
:10CAFC00B0E0BA8700911820003091F404EF11E0F7
:10CB0C003F922F928824662477241801B0E04B2E94
:10CB1C00542C0E94FE752F903F90B1E0B0931820DA
:10CB2C0000912620109127202016310608F43DC1D3
:10CB3C0000914A2010914B200215130508F435C1C1
:10CB4C000090262010902720810100191109A801BE
:10CB5C00440F551F440F551F80903620909037205E
:10CB6C00A0903820B090392084019501085F1F4FA8
:10CB7C002F4F3F4F2A01B0E06B2E762C400E511EEA
:10CB8C00621E731E6BBEF20106910F83820193012C
:10CB9C000F5F1F4F2F4F3F4F2BBFF8010691402FB8
:10CBAC0050E0652F752F820193010E5F1F4F2F4FA1
:10CBBC003F4F2BBFF801069110E0212F312F322F60
:10CBCC00212F102F0027400F511F621F731F82014E
:10CBDC0093010D5F1F4F2F4F3F4F2BBFF801069155
:10CBEC0010E0212F312F312F202F00271127040F78
:10CBFC00151F261F371F080D191D2A1D3B1D0B83E2
:10CC0C001C832D833E8300915620003009F067C0B1
:10CC1C006091572070915820B0E0B9830981209120
:10CC2C0048203091492010E00217130708F04EC03D
:10CC3C00009152201091532008871987B0E0BA83D5
:10CC4C00B0E0B88318810F811017C0F50A8100304D
:10CC5C00A1F40D810BBFEB81FC8106910A870B813E
:10CC6C001C812D813E810F5F1F4F2F4F3F4F0B8338
:10CC7C001C832D833E83B1E0BA831A850A8101237C
:10CC8C0081F07F936F933F922F926090542070901D
:10CC9C0055202B0128843984CFDD2F903F906F9144
:10CCAC007F91088519850F5F1F4F088719870A81A7
:10CCBC00000F0A8308810F5F0883C4CF8B010F5FBD
:10CCCC001F4FB80109810F5F0983A8CF088519850B
:10CCDC000F5F1F4F009352201093532066C060913A
:10CCEC00522070915320B0E0B983098120914820E3
:10CCFC003091492010E00217130708F04EC0009144
:10CD0C0057201091582008871987B0E0BA83B0E0FB
:10CD1C00B88318810F811017C0F50A810030A1F477
:10CD2C000D810BBFEB81FC8106910A870B811C8165
:10CD3C002D813E810F5F1F4F2F4F3F4F0B831C8365
:10CD4C002D833E83B1E0BA831A850A81012381F0D9
:10CD5C007F936F933F922F92609054207090552048
:10CD6C00488459841B0168DD2F903F906F917F910F
:10CD7C000885198501501040088719870A81000F12
:10CD8C000A8308810F5F0883C4CF8B010F5F1F4F8D
:10CD9C00B80109810F5F0983A8CF08851985015057
:10CDAC00104000935720109358208F907F906F90D5
:10CDBC005F904F902A96CDBFDEBFDF91CF91089543
:00CDCC0067
:020000040001F9
:100496002F923F924F925F926F927F928F92F101CD
:1004A6003C960081013009F07CC000912C2001307F
:1004B60061F5B0E0B0932C20F101719671918191B4
:1004C600F101739651916191F10170964081F101AC
:1004D6003F963081F101759611912191F1013E9679
:1004E60000813F922F92752E862E642E532E312E2A
:1004F600422E202E8F937F939CDCADB7BEB712960B
:10050600ADBFBEBF2F903F9028C0F1017396719189
:100516008191F101719651916191F101709640813D
:10052600F1013F963081F101759611912191F1010A
:100536003E9600813F922F92752E862E642E532E64
:10054600312E422E202E8F937F9373DCADB7BEB72C
:100556001296ADBFBEBF2F903F90F1013996208114
:10056600F1013A96019111913F922F92422E180174
:1005760029D92F903F90F101379641915191F10180
:100586003596019111919A01200F311FF101339691
:1005960001911191040F151F3A01290118010E94BA
:1005A60057768F907F906F905F904F903F902F90EF
:0205B6000895A6
:020000040000FA
:10ECAE00CF93DF93CDB7DEB72B97CDBFDEBF2196C7
:10ECBE006F927F928F9200913520002381F07F9288
:10ECCE006F925F924F923F922F92B1E08B2E0E94E5
:10ECDE00E6662F903F904F905F906F907F900091DF
:10ECEE0031201091322008871987009133200A872E
:10ECFE0000911F201091202000933120109332207C
:10ED0E00B0E0B0933320162D272D110F221F009146
:10ED1E0021201017B0E02B076CF40091212010E099
:10ED2E00060D171D15950795B1E08B2E38010E9423
:10ED3E00E66649C2B0E0BC83BD83820102191309A5
:10ED4E000E831F836A827B828301000F111F0801CD
:10ED5E0003E010E000191109088319830A811B8151
:10ED6E0098012F5F3F4F0C811D81021713070CF086
:10ED7E002AC200912120003009F425C200912120E1
:10ED8E00013009F0E1C00A811B819801240D351D67
:10ED9E000C811D81020D131D7F926F925F924F9217
:10EDAE003F922F9260901F20709020202901180111
:10EDBE000E9422642F903F904F905F900A801B809C
:10EDCE009201201931090C811D81020D131D5F92D4
:10EDDE004F923F922F9260901F2070902020290119
:10EDEE0018010E9422642F903F904F905F900A81ED
:10EDFE001B819801240D351D0C801D808101001989
:10EE0E0011095F924F923F922F9260901F20709047
:10EE1E002020290118010E9422642F903F904F90CC
:10EE2E005F900A801B809201201931090C801D8091
:10EE3E008101001911095F924F923F922F926090BB
:10EE4E001F2070902020290118010E9422642F900B
:10EE5E003F904F905F900C811D819801240D351DC0
:10EE6E000A811B81040D151D0E801F8000191109CA
:10EE7E005F924F923F922F9260901F2070902020B1
:10EE8E00290118010E9422642F903F904F905F90AD
:10EE9E000C801D809201201931090A811B81040DFD
:10EEAE00151D0E801F80001911095F924F923F921F
:10EEBE002F9260901F2070902020290118010E942F
:10EECE0022642F903F904F905F900C811D8198018E
:10EEDE00240D351D0A801B808201001911090E8038
:10EEEE001F80001911095F924F923F922F926090EE
:10EEFE001F2070902020290118010E9422642F905B
:10EF0E003F904F905F900C801D8092012019310927
:10EF1E000A801B808201001911090E801F800019C2
:10EF2E0011095F924F923F922F9260901F20709026
:10EF3E002020290118010E9422642F903F904F90AB
:10EF4E005F906F907F9008C100912120402F4695D1
:10EF5E000A811B819801240D351D0C811D81020D26
:10EF6E00131D7F926F925F924F923F922F92B1E05C
:10EF7E008B2E642EB0E07B2E290118010E94E666CE
:10EF8E002F903F904F905F9000912120402F4695FB
:10EF9E000A801B809201201931090C811D81020DFE
:10EFAE00131D5F924F923F922F92B1E08B2E642EE3
:10EFBE00B0E07B2E290118010E94E6662F903F904B
:10EFCE004F905F9000912120402F46950A811B8122
:10EFDE009801240D351D0C801D8081010019110929
:10EFEE005F924F923F922F92B1E08B2E642EB0E043
:10EFFE007B2E290118010E94E6662F903F904F90BC
:10F00E005F9000912120402F46950A801B8092012F
:10F01E00201931090C801D808101001911095F92A0
:10F02E004F923F922F92B1E08B2E642EB0E07B2E4A
:10F03E00290118010E94E6662F903F904F905F9035
:10F04E0000912120402F46950C811D819801240DA1
:10F05E00351D0A811B81040D151D0E801F800019A0
:10F06E0011095F924F923F922F92B1E08B2E642E38
:10F07E00B0E07B2E290118010E94E6662F903F908A
:10F08E004F905F9000912120402F46950C801D805F
:10F09E009201201931090A811B81040D151D0E8064
:10F0AE001F80001911095F924F923F922F92B1E08B
:10F0BE008B2E642EB0E07B2E290118010E94E6668D
:10F0CE002F903F904F905F9000912120402F4695BA
:10F0DE000C811D819801240D351D0A801B80820133
:10F0EE00001911090E801F80001911095F924F92AD
:10F0FE003F922F92B1E08B2E642EB0E07B2E290131
:10F10E0018010E94E6662F903F904F905F900091FD
:10F11E002120402F46950C801D8092012019310927
:10F12E000A801B808201001911090E801F800019B0
:10F13E0011095F924F923F922F92B1E08B2E642E67
:10F14E00B0E07B2E290118010E94E6662F903F90B9
:10F15E004F905F906F907F902881398100E010E092
:10F16E002017310784F40C811D81000F111F000F31
:10F17E00111F98012A5F3F4F08811981020F131F3B
:10F18E000883198319C00A801B800C811D81001908
:10F19E001109000F111F000F111F9801265F3F4F1D
:10F1AE0008811981020F131F088319830A811B819D
:10F1BE00015010400A831B830C811D810F5F1F4F6E
:10F1CE000C831D83CBCD08851985009331201093B8
:10F1DE0032200A85009333208F907F906F902A966D
:0AF1EE00CDBFDEBFDF91CF91089581
:10CDCC00CF93DF93CDB7DEB76397CDBFDEBF219690
:10CDDC009F9200912120088B00911F201091202000
:10CDEC00098B1A8BB1E0B093212000913120109166
:10CDFC00322000931F20109320208101061917095F
:10CE0C000F5F1F4F088719878301020D131D0150F7
:10CE1C0010400A871B878201061917090F5F1F4FE5
:10CE2C000C871D878301040D151D015010400E87C2
:10CE3C001F87B0E0BC83BD838201021913090E83E6
:10CE4C001F836A827B828301000F111F080103E09C
:10CE5C0010E000191109088319830A811B819801BC
:10CE6C002F5F3F4F0C811D81021713070CF0DEC39F
:10CE7C0000913320002309F4A6C200911C2000303D
:10CE8C0009F053C10C841D842E853F85201931096E
:10CE9C000A811B81040D151D0C841D8400191109B8
:10CEAC008F927F926F925F924F923F922F92490195
:10CEBC003801409022205090232020901D2030904B
:10CECC001E2087DB2F903F904F905F906F907F904C
:10CEDC008F905F924F923F922F92B1E04B2E1801A0
:10CEEC000E94E57B2F903F904F905F900A811B81B1
:10CEFC00A801440D551D0C801D809101201931098C
:10CF0C000C811D81020D131D8F927F926F925F9287
:10CF1C004F923F922F923A0129011801DBDC2F909E
:10CF2C003F904F905F900C841D842E853F85201977
:10CF3C0031090A801B808201001911090C841D849F
:10CF4C00001911095F924F923F922F9249013801BB
:10CF5C00409022205090232020901D2030901E20A5
:10CF6C0038DB2F903F904F905F906F907F908F9019
:10CF7C005F924F923F922F92B1E04B2E18010E947C
:10CF8C00E57B2F903F904F905F900A801B80A20111
:10CF9C00401951090C801D809101201931090C8117
:10CFAC001D81020D131D8F927F926F925F924F9293
:10CFBC003F922F923A01290118018CDC2F903F905F
:10CFCC004F905F900C841D842E853F85201931096C
:10CFDC000C811D81040D151D0C841D840019110973
:10CFEC005F924F923F922F9249013801409022203C
:10CFFC005090232020901D2030901E20EADA2F9094
:10D00C003F904F905F906F907F908F905F924F9278
:10D01C003F922F92B1E04B2E18010E94E57B2F908E
:10D02C003F904F905F900C811D81A801440D551DC0
:10D03C000A801B808201001911090E801F80980143
:10D04C00201931090A811B81040D151D0E801F80CA
:10D05C00001911098F927F926F925F924F923F92BB
:10D06C002F923A012901180135DC2F903F904F90F7
:10D07C005F900C841D842E853F85201931090C800E
:10D08C001D808201001911090C841D8400191109DD
:10D09C005F924F923F922F9249013801409022208B
:10D0AC005090232020901D2030901E2092DA2F903B
:10D0BC003F904F905F906F907F908F905F924F92C8
:10D0CC003F922F92B1E04B2E18010E94E57B2F90DE
:10D0DC003F904F905F900C801D80A2014019510928
:10D0EC000A801B808201001911090E801F80980193
:10D0FC00201931090A811B81040D151D0E801F801A
:10D10C00001911098F927F926F925F924F923F920A
:10D11C002F923A0129011801DDDB2F903F904F909F
:10D12C005F906F907F908F904DC1088419842A85F1
:10D13C003B85201931090C811D81020D131D0884BA
:10D14C001984001911098F927F926F925F924F92FE
:10D15C003F922F9249013801409022205090232079
:10D16C0020901D2030901E2034DA2F903F904F904D
:10D17C005F906F907F908F905F924F923F922F9223
:10D18C00B1E04B2E18010E94E57B2F903F904F9001
:10D19C005F900C811D81A801420D531D0A801B80DC
:10D1AC009201201931090A811B81040D151D8F92E2
:10D1BC007F926F925F924F923F922F923A01290188
:10D1CC001801AADA2F903F90088419842A853B8590
:10D1DC00201931090C801D80810100191109088466
:10D1EC001984001911093F922F924901380140907E
:10D1FC0022205090232020901D2030901E20E9D911
:10D20C002F903F904F905F906F907F908F905F9298
:10D21C004F923F922F92B1E04B2E18010E94E57B6A
:10D22C002F903F904F905F900C801D80A101401972
:10D23C0051090A801B809201201931090A811B8136
:10D24C00040D151D8F927F926F925F924F923F92B9
:10D25C002F923A01290118015FDA2F903F904F90DD
:10D26C005F90088419842A853B85201931090A812D
:10D27C001B81040D151D0E801F80001911090884D7
:10D28C001984001911095F924F923F922F92490114
:10D29C003801409022205090232020901D20309067
:10D2AC001E2097D92F903F904F905F906F907F905A
:10D2BC008F905F924F923F922F92B1E04B2E1801BC
:10D2CC000E94E57B2F903F904F905F900A811B81CD
:10D2DC00040D151D0E801F80A801401951090C80EA
:10D2EC001D809201201931090C811D81040D151D21
:10D2FC008F927F926F925F924F923F922F923A0150
:10D30C002901180109DA2F903F904F905F90088403
:10D31C0019842A853B85201931090A801B808201DA
:10D32C00001911090E801F80001911090884198435
:10D33C00001911095F924F923F922F9249013801C7
:10D34C00409022205090232020901D2030901E20B1
:10D35C0040D92F903F904F905F906F907F908F901F
:10D36C005F924F923F922F92B1E04B2E18010E9488
:10D37C00E57B2F903F904F905F900A801B8082013D
:10D38C00001911090E801F80A801401951090C8049
:10D39C001D809201201931090C811D81040D151D70
:10D3AC008F927F926F925F924F923F922F923A019F
:10D3BC0029011801B1D92F903F904F905F906F9039
:10D3CC007F908F90FCC0B0E08B1609F078C00C8178
:10D3DC001D81A801420D531D0A801B80920120194A
:10D3EC0031090A811B81040D151D8F927F926F925A
:10D3FC005F924F923F922F923A01290118018CD9DA
:10D40C002F903F904F905F900C801D80A101401990
:10D41C0051090A801B809201201931090A811B8154
:10D42C00040D151D5F924F923F922F923A012901E4
:10D43C00180172D92F903F904F905F900A811B81F9
:10D44C00040D151D0E801F80A801401951090C8078
:10D45C001D809201201931090C811D81040D151DAF
:10D46C005F924F923F922F923A012901180154D9A1
:10D47C002F903F904F905F900A801B808201001983
:10D48C0011090E801F80A801401951090C801D80C4
:10D49C009201201931090C811D81040D151D5F921B
:10D4AC004F923F922F923A012901180135D92F90B2
:10D4BC003F904F905F906F907F908F9080C00A81CB
:10D4CC001B81A801440D551D0C801D809101201954
:10D4DC0031090C811D81020D131D8F927F926F9269
:10D4EC005F924F923F922F923A0129011801F2D983
:10D4FC002F903F904F905F900A801B80A2014019A3
:10D50C0051090C801D809101201931090C811D815C
:10D51C00020D131D5F924F923F922F923A012901F7
:10D52C001801D8D92F903F904F905F900C811D819E
:10D53C00A801440D551D0A801B8082010019110998
:10D54C000E801F809801201931090A811B81040D5E
:10D55C00151D0E801F80001911095F924F923F928A
:10D56C002F923A0129011801B5D92F903F904F9075
:10D57C005F900C801D80A201401951090A801B800C
:10D58C008201001911090E801F80980120193109A0
:10D59C000A811B81040D151D0E801F8000191109B5
:10D5AC005F924F923F922F923A012901180192D922
:10D5BC002F903F904F905F906F907F908F9028812D
:10D5CC00398100E010E02017310784F40C811D81B3
:10D5DC00000F111F000F111F98012A5F3F4F088188
:10D5EC001981020F131F0883198319C00A801B802D
:10D5FC000C811D8100191109000F111F000F111F43
:10D60C009801265F3F4F08811981020F131F088371
:10D61C0019830A811B81015010400A831B830C81E2
:10D62C001D810F5F1F4F0C831D8317CC088900933E
:10D63C00212009891A8900931F20109320209F9084
:0CD64C006296CDBFDEBFDF91CF91089544
:10C5DE00CF93DF93CDB7DEB72897CDBFDEBF2196C1
:10C5EE002F923F924F925F92B0E07B1611F4B0E023
:10C5FE006B1611F4810185C06814790411F482015F
:10C60E0080C0AE014A5F5F4F9E012D5F3F4F8E018E
:10C61E009F928F927F926F925F924F924A01390151
:10C62E0028012DDF4F905F90AE01495F5F4F9E0155
:10C63E002C5F3F4F8E010F5F1F4F4A0139011201D0
:10C64E0028011DDF6F907F908F909F90A30160E077
:10C65E00762F098110E00880B0E01B2E0019110919
:10C66E0020E017FD2FEF322FABDE9F928F927F923D
:10C67E006F92A40160E0762FC1DE89019A016F905E
:10C68E007F908F909F904881040F0A83A30160E0F2
:10C69E00762F0C8110E00B80B0E01B2E00191109D3
:10C6AE0020E017FD2FEF322F8BDE9F928F927F921D
:10C6BE006F92A40160E0762FA1DE89019A016F903E
:10C6CE007F908F909F904B81040F0D83A30160E0AC
:10C6DE00762F0F8110E00E80B0E01B2E001911098D
:10C6EE0020E017FD2FEF322F6BDEA40160E0762FD6
:10C6FE0085DE89019A014E81040F402E3D802A80ED
:10C70E00DADE5F904F903F902F902796CDBFDEBF21
:06C71E00DF91CF910895A8
:10C48C00BBE0810116950795BA95E1F7000F000FF7
:10C49C00000FF2010083B5E0810116950795BA955E
:10C4AC00E1F7000F000FF3010083022D000F000FC6
:08C4BC00000FF4010083089554
:10C4C400022D069506950695202EBBE0202F30E020
:10C4D400220F331FBA95E1F7032D06950695302EEA
:10C4E400B5E010E0000F111FBA95E1F7202B312BB6
:10C4F400042D069506950695402E10E0022B132B6D
:02C50400089598
:10C3CE00049FD001159FF001249FE00DF11D069FE3
:10C3DE00E00DF11D349FF00D259FF00D169FF00D11
:10C3EE00079FF00D3327149FB00DE11DF31F059F1E
:0CC3FE00B00DE11DF31F8D019F0108959B
:10C40A00C9019A01AB01B80197FB092E05260ED086
:10C41A0057FD04D014D00AD0001C38F4509540952A
:10C42A00309521953F4F4F4F5F4F0895F6F79095FE
:10C43A008095709561957F4F8F4F9F4F0895A1E228
:10C44A001A2EAA1BBB1BFD010DC0AA1FBB1FEE1F84
:10C45A00FF1FA217B307E407F50720F0A21BB30BCF
:10C46A00E40BF50B661F771F881F991F1A9469F74B
:10C47A0060957095809590959B01AC01BD01CF01A7
:02C48A00089513
:10C8E000CF93DF93CDB7DEB72197CDBFDEBF2196C3
:10C8F0008F929F92421453041CF48101120128016B
:10C9000000E010E0201631061CF42224332408C075
:10C9100000912D2010912E202016310608F0D7C04E
:10C9200000E010E0401651060CF4D1C000912D201B
:10C9300010912E204016510638F000912D201091B4
:10C940002E20015010402801B1E0B88318810091D9
:10C950002120011708F4BBC0288130E08901017053
:10C960001070103009F4003039F400E010E0021BC0
:10C97000130BA8019A0100C0890115950795A8011C
:10C980009801260D371D00E010E0201731075CF0FC
:10C990009A01260D371D00912F201091302020176D
:10C9A000310708F401C08FC000911520003009F054
:10C9B00064C0B0910407BF7DB09304070E94E27B7E
:10C9C0000023C1F08A01060D171D7F926F925F92BE
:10C9D0004F923F922F92480132012801E091282086
:10C9E000F091292009952F903F904F905F906F9084
:10C9F0007F9015C08A01060D171D7F926F925F927E
:10CA00004F923F922F922801E0912A20F0912B2003
:10CA100009952F903F904F905F906F907F90522D8F
:10CA2000632D252F362F4216530608F13F932F937F
:10CA30007F926F925F924F923F922F9220901F2091
:10CA400030902020E0912420F091252009952F900E
:10CA50003F904F905F906F907F902F913F91890111
:10CA60000F5F1F4F502F612F252F362FDCCFB09136
:10CA70000407B062B093040726C0522D632D252F02
:10CA8000362F42165306F8F03F932F937F926F9202
:10CA90005F924F923F922F92230160901F207090DF
:10CAA00020201901CFDE2F903F904F905F906F9024
:10CAB0007F902F913F9189010F5F1F4F502F612F62
:10CAC000252F362FDECF08810F5F08833FCF9F9041
:0CCAD0008F90CDBFDEBFDF91CF910895A5
:10C72400421453041CF481011201280100E010E0BA
:10C73400201631061CF42224332408C000912F2033
:10C74400109130202016310608F079C000E010E086
:10C75400401651060CF473C000912F201091302024
:10C764004016510638F000912F20109130200150CE
:10C774001040280141E000912120041708F45FC013
:10C78400242F30E0890101701070103009F400305A
:10C7940031F400E010E0021B130B980100C0890182
:10C7A40015950795502F612F9801260D371D00E030
:10C7B40010E02017310764F0252F362F260D371D82
:10C7C40000912D2010912E202017310708F402C06B
:10C7D400142F31C08101252F362F502F612F45167C
:10C7E400560640F18901060D171D4F933F932F9371
:10C7F4006F935F937F926F925F924F923F922F92CB
:10C8040060901F2070902020452E562E180118D0BD
:10C814002F903F904F905F906F907F905F916F91BA
:10C824002F913F914F91052F162F0F5F1F4F502FC0
:10C83400612FD5CF142F012F0F5F402F9CCF089568
:00C84400F4
:020000040001F9
:100430002F923F924F925F926F927F928F929F92F4
:10044000F1013F9600810023E9F0F101729680816D
:10045000F1013B964191519161917191F101359674
:1004600021913191F1013396019111913A014B01A2
:10047000290118018F930E94FC78ADB7BEB7119681
:10048000ADBFBEBF9F908F907F906F905F904F9059
:060490003F902F9008953B
:020000040000FA
:10F1F800CF93DF93CDB7DEB72696488100912D20B7
:10F2080010912E202016310608F03CC000912F20C6
:10F21800109130204016510608F034C08301940143
:10F228000F5F1F4F2F4F3F4F2BBFF801069122C092
:10F238004F930E94326EADB7BEB71196ADBFBEBF39
:10F2480021C04F9332DAADB7BEB71196ADBFBEBF7E
:10F2580019C04F9336D8ADB7BEB71196ADBFBEBF74
:10F2680011C04F930E940E70ADB7BEB71196ADBFD7
:10F27800BEBF08C00130E1F2043019F3083049F389
:0AF28800003179F3DF91CF91089572
:10DC6400CF93DF93CDB7DEB76D97CDBFDEBF2196DF
:10DC74000AA10AA3162D272D382D492D1E5F2F4FDB
:10DC84003F4F4F4F3BBFE12FF22F06910D83B0E082
:10DC9400BE83512F622F732F842F5F5F6F4F7F4F8F
:10DCA4008F4F7BBFE52FF62F0691302F22270D8152
:10DCB4001E81020F131F0D831E83152F262F372F4E
:10DCC400482F1F5F2F4F3F4F4F4F3BBFE12FF22F86
:10DCD40006910B83B0E0BC83512F622F732F842FE6
:10DCE4005F5F6F4F7F4F8F4F7BBFE52FF62F0691FE
:10DCF400302F22270B811C81020F131F0B831C83DF
:10DD0400052F162F272F382F0F5F1F4F2F4F3F4FF1
:10DD14000D8B1E8B2F8B388FAE014F5E5F4F2BBF49
:10DD2400F8010691FA010193B0E0B1930D891E89BF
:10DD34002F89388D0F5F1F4F2F4F3F4F0D8B1E8B39
:10DD44002F8B388FAE014F5E5F4F2BBFF8010691CA
:10DD5400302F2227FA0101911191020F131FFA01AA
:10DD6400019311930D891E892F89388DA801B9015A
:10DD74004F5F5F4F6F4F7F4F4D8B5E8B6F8B788FF5
:10DD84008E010F5E1F4F98012E5F3F4F6BBFFA014C
:10DD94000691F9010193B0E0B1930D891E892F8991
:10DDA400388DA801B9014F5F5F4F6F4F7F4F4D8B87
:10DDB4005E8B6F8B788F8E010F5E1F4FC8010296AA
:10DDC4006BBFFA010691302F2227FC0101911191BA
:10DDD400020F131FFC01019311930D891E892F89D2
:10DDE400388D0F5F1F4F2F4F3F4F0D8B1E8B2F8B87
:10DDF400388F00912D2010912E20021913090F83C2
:10DE0400188700912F2010913020041915090987D3
:10DE14001A87B0910407BF7DB0930407B0E0BD87B3
:10DE2400BE872D853E850D811E812017310708F0A0
:10DE3400DEC00D891E892F89388D098F1A8F2B8F8B
:10DE44003C8F2D853E8509851A850217130708F432
:10DE5400C7C000912F20109130204016510608F0C1
:10DE6400BFC0B0E0B88B18890AA1101708F0B8C079
:10DE7400098D1A8D2B8D3C8D0D8B1E8B2F8B388F1E
:10DE84000E94E27B002301F10B811C814AA150E036
:10DE94000E94E762020D131D9F928F927F926F92F0
:10DEA4005F924F923F922F9242013801E0912820D5
:10DEB400F091292009952F903F904F905F906F909B
:10DEC4007F908F909F9015C09F928F927F926F92B8
:10DED4005F924F923F922F92E0912A20F0912B2053
:10DEE40009952F903F904F905F906F907F908F9007
:10DEF4009F9040E0B0E0BB87BC872B853C850B81BD
:10DF04001C812017310708F063C04030A9F40F8941
:10DF14000BBFED89FE8906910A830D891E892F891D
:10DF2400388D0F5F1F4F2F4F3F4F0D8B1E8B2F8B45
:10DF3400388F30E8432F00C00A81042351F08E014A
:10DF44000F5E1F4FF80132960191119108831983D6
:10DF540006C0FE01719601911191088319832B85E6
:10DF64003C850F8118850217130730F1B0E0BF8795
:10DF7400242F1F850AA11017E8F42F939F928F92E4
:10DF84007F926F925F924F923F922F9228803980B6
:10DF9400E0912420F091252009952F903F904F90F7
:10DFA4005F906F907F908F909F902F910F850F5F60
:10DFB4000F87DFCF122F01C0142F012F0695202FBA
:10DFC4000B851C850F5F1F4F0B871C87422F95CF36
:10DFD40082010F5F1F4F280108890F5F088B43CF11
:10DFE4000D851E850F5F1F4F0D871E871ACFB091B9
:10DFF4000407B062B09304076C96CDBFDEBFDF9117
:04E00400CF9108951B
:10E6B200CF93DF93CDB7DEB7EB97CDBFDEBF219609
:10E6C200FE01E05CFF4F0081FE01E05CFF4F008332
:10E6D200162D272D382D492D1E5F2F4F3F4F4F4F9F
:10E6E2003BBFE12FF22F06910A83B0E0BB83512F8B
:10E6F200622F732F842F5F5F6F4F7F4F8F4F7BBFD0
:10E70200E52FF62F0691302F22270A811B81020F57
:10E71200131F0A831B83152F262F372F482F1F5FA6
:10E722002F4F3F4F4F4F3BBFE12FF22F06910883F0
:10E73200B0E0B983512F622F732F842F5F5F6F4F29
:10E742007F4F8F4F7BBFE52FF62F0691302F222769
:10E7520008811981020F131F08831983052F162FB1
:10E76200272F382F0F5F1F4F2F4F3F4F0BAB1CAB85
:10E772002DAB3EAB00912D2010912E2002191309D2
:10E782000A871B8700912F20109130200419150948
:10E792000C871D87B0E0B9ABBAAB09A91AA9103032
:10E7A20009F4003108F04AC09E012F5E3F4F09A9CB
:10E7B2001AA9000F111F200F311F0DA90BBFEBA9C2
:10E7C200FCA90691F9010193B0E0B1930BA91CA930
:10E7D2002DA93EA9B801C9016F5F7F4F8F4F9F4F8F
:10E7E2006BAB7CAB8DAB9EAB9E012F5E3F4F09A9FD
:10E7F2001AA9000F111FA801420F531F8BBFFB0163
:10E802000691302F2227FA0101911191020F131F55
:10E81200FA01019311930BA91CA92DA93EA90F5F1F
:10E822001F4F2F4F3F4F0BAB1CAB2DAB3EAB09A97C
:10E832001AA90F5F1F4F09AB1AABAFCFB0910407F4
:10E84200BF7DB0930407B0E0B887B98728853985C2
:10E852000A811B812017310708F0E9C00BA91CA906
:10E862002DA93EA90FAB18AF29AF3AAF288539853C
:10E872000C851D850217130708F4D2C000912F20C2
:10E88200109130204016510608F0CAC0B0E0B88B93
:10E892001889FE01E05CFF4F0081101708F0C0C02C
:10E8A2000FA918AD29AD3AAD0BAB1CAB2DAB3EABEE
:10E8B20088D7002319F108811981FE01E05CFF4F1E
:10E8C200419150E00E94E762020D131D9F928F92C8
:10E8D2007F926F925F924F923F922F924201380144
:10E8E200E0912820F091292009952F903F904F9098
:10E8F2005F906F907F908F909F9015C09F928F92A4
:10E902007F926F925F924F923F922F92E0912A20D4
:10E91200F0912B2009952F903F904F905F906F9030
:10E922007F908F909F90B0E0BE83BF832E813F8106
:10E93200088119812017310708F06AC00E811F81F2
:10E9420000FF10C00E850F709E012F5E3F4F10E03A
:10E95200000F111F020F131FF801019111910C8377
:10E962001D8324C00DA90BBFEBA9FCA946914E87BC
:10E972000BA91CA92DA93EA90F5F1F4F2F4F3F4F77
:10E982000BAB1CAB2DAB3EAB042F06950695069543
:10E9920006959E012F5E3F4F10E0000F111F020FE0
:10E9A200131FF801019111910C831D832E813F8168
:10E9B2000A851B850217130720F1B0E0BF871F8568
:10E9C200FE01E05CFF4F00811017D8F49F928F92F6
:10E9D2007F926F925F924F923F922F922C803D8056
:10E9E200E0912420F091252009952F903F904F909F
:10E9F2005F906F907F908F909F900F850F5F0F8732
:10EA0200DECF0E811F810F5F1F4F0E831F838ECFBC
:10EA120082010F5F1F4F280108890F5F088B38CFD3
:10EA2200088519850F5F1F4F088719870FCFB0918F
:10EA32000407B062B0930407EA96CDBFDEBFDF9150
:04EA4200CF910895D3
:10E2CA00CF93DF93CDB7DEB7CA51D240CDBFDEBF01
:10E2DA002196FE01E15EFD4F0081FE01E15EFD4FE8
:10E2EA000083162D272D382D492D1E5F2F4F3F4FA6
:10E2FA004F4F3BBFE12FF22F06910C83B0E0BD8355
:10E30A00512F622F732F842F5F5F6F4F7F4F8F4F75
:10E31A007BBFE52FF62F0691302F22270C811D8116
:10E32A00020F131F0C831D83152F262F372F482FFB
:10E33A001F5F2F4F3F4F4F4F3BBFE12FF22F0691E9
:10E34A000A83B0E0BB83512F622F732F842F5F5F44
:10E35A006F4F7F4F8F4F7BBFE52FF62F0691302FE0
:10E36A0022270A811B81020F131F0A831B83052F91
:10E37A00162F272F382F0F5F1F4F2F4F3F4FFE01AA
:10E38A00EE5EFD4F019311932193319300912D205D
:10E39A0010912E20021913090A871B8700912F203A
:10E3AA0010913020041915090C871D87FE01E05FC2
:10E3BA00FD4FB0E0B193B193FE01E05FFD4F0191D3
:10E3CA001191113009F4003008F069C09E01205FF4
:10E3DA003F4FFE01E05FFD4F01911191000F111FA8
:10E3EA00200F311FFE01EC5EFD4F00810BBFFE01C5
:10E3FA00EE5EFD4F01901190F0010691F901019333
:10E40A00B0E0B193FE01EE5EFD4F019111912191B1
:10E41A003191B801C9016F5F7F4F8F4F9F4FFE0146
:10E42A00EE5EFD4F61937193819391939E01205FFC
:10E43A003F4FFE01E05FFD4F01911191000F111F47
:10E44A00A801420F531F8BBFFB010691302F2227D1
:10E45A00FA0101911191020F131FFA01019311930D
:10E46A00FE01EE5EFD4F01911191219131910F5FF5
:10E47A001F4F2F4F3F4FFE01EE5EFD4F0193119349
:10E48A0021933193FE01E05FFD4F019111910F5FDE
:10E49A001F4FFE01E05FFD4F019311938DCFB091A5
:10E4AA000407BF7DB0930407B0E0B887B987288511
:10E4BA0039850C811D812017310708F0E9C0FE015A
:10E4CA00EE5EFD4F0191119121913191FE01EA5EBB
:10E4DA00FD4F0193119321933193288539850C853A
:10E4EA001D850217130708F4CCC000912F20109144
:10E4FA0030204016510608F0C4C0B0E0BF871F851F
:10E50A00FE01E15EFD4F0081101708F0BAC0FE015E
:10E51A00EA5EFD4F0191119121913191FE01EE5E6A
:10E52A00FD4F01931193219331930E94E27B0023C3
:10E53A0019F10A811B81FE01E15EFD4F419150E014
:10E54A000E94E762020D131D9F928F927F926F9233
:10E55A005F924F923F922F9242013801E091282018
:10E56A00F091292009952F903F904F905F906F90DE
:10E57A007F908F909F9015C09F928F927F926F92FB
:10E58A005F924F923F922F92E0912A20F0912B2096
:10E59A0009952F903F904F905F906F907F908F904A
:10E5AA009F90B0E0BE83BF832E813F810A811B8189
:10E5BA002017310708F05DC0FE01EC5EFD4F0081B7
:10E5CA000BBFFE01EE5EFD4F01901190F001069126
:10E5DA009E01205F3F4F10E0000F111F020F131F13
:10E5EA00F8010191119108831983FE01EE5EFD4F36
:10E5FA0001911191219131910F5F1F4F2F4F3F4F81
:10E60A00FE01EE5EFD4F01931193219331932E810A
:10E61A003F810A851B850217130720F1B0E0BE87E8
:10E62A001E85FE01E15EFD4F00811017D8F49F920E
:10E63A008F927F926F925F924F923F922F92288091
:10E64A003980E0912420F091252009952F903F9060
:10E65A004F905F906F907F908F909F900E850F5F85
:10E66A000E87DECF0E811F810F5F1F4F0E831F8320
:10E67A009BCF82010F5F1F4F28010F850F5F0F8706
:10E68A003ECF088519850F5F1F4F088719870FCF5F
:10E69A00B0910407B062B0930407C75EDD4FCDBFE7
:08E6AA00DEBFDF91CF9108955E
:10E01C00CF93DF93CDB7DEB76897CDBFDEBF219628
:10E02C000D8D0D8F162D272D382D492D1E5F2F4F41
:10E03C003F4F4F4F3BBFE12FF22F06910A83B0E0C9
:10E04C00BB83512F622F732F842F5F5F6F4F7F4FD6
:10E05C008F4F7BBFE52FF62F0691302F22270A8199
:10E06C001B81020F131F0A831B83152F262F372F9B
:10E07C00482F1F5F2F4F3F4F4F4F3BBFE12FF22FCA
:10E08C0006910883B0E0B983512F622F732F842F30
:10E09C005F5F6F4F7F4F8F4F7BBFE52FF62F069142
:10E0AC00302F222708811981020F131F088319832F
:10E0BC00052F162F272F382F0F5F1F4F2F4F3F4F36
:10E0CC00088B198B2A8B3B8B00912D2010912E20C5
:10E0DC00021913090C871D8700912F2010913020F5
:10E0EC00041915090E871F87B0910407BF7DB093E3
:10E0FC000407B0E0BE83BF832E813F810A811B8160
:10E10C002017310708F0D0C0088919892A893B8962
:10E11C000C8B1D8B2E8B3F8B2E813F810E851F858B
:10E12C000217130708F4B9C000912F20109130206A
:10E13C004016510608F0B1C0B0E0BB871B850D8DB1
:10E14C00101708F0AAC00C891D892E893F89088BED
:10E15C00198B2A8B3B8B0E94E27B002301F10881F7
:10E16C0019814D8D50E00E94E762020D131D9F92A4
:10E17C008F927F926F925F924F923F922F924201B9
:10E18C003801E0912820F091292009952F903F909B
:10E19C004F905F906F907F908F909F9015C09F9243
:10E1AC008F927F926F925F924F923F922F92E0915B
:10E1BC002A20F0912B2009952F903F904F905F9043
:10E1CC006F907F908F909F90B0E0BC83BD832C812B
:10E1DC003D81088119812017310708F056C00A8942
:10E1EC000BBFE889F98906910887B0E0B9870889DF
:10E1FC0019892A893B89A801B9014F5F5F4F6F4F7D
:10E20C007F4F6BBFFA010691302F222708851985A5
:10E21C00020F131F088719878A019B010F5F1F4F7D
:10E22C002F4F3F4F088B198B2A8B3B8B2C813D81B9
:10E23C000C851D850217130708F1B0E0BA871A8503
:10E24C000D8D1017D8F49F928F927F926F925F92E0
:10E25C004F923F922F9228843984E0912420F091A0
:10E26C00252009952F903F904F905F906F907F9055
:10E27C008F909F900A850F5F0A87E1CF0C811D81DB
:10E28C000F5F1F4F0C831D83A2CF82010F5F1F4FA7
:10E29C0028010B850F5F0B8751CF0E811F810F5FFC
:10E2AC001F4F0E831F8328CFB0910407B062B09329
:0EE2BC0004076796CDBFDEBFDF91CF910895B6
:020000040001F9
:0A1BF20005900D920197E1F70895A8
:101C5000A0E0B0E2ECE6FAE08CE190E00E94F98DC1
:021C60000895E5
:020000040000FA
:040A8800C821E5217B
:020A8C008B21BC
:100A8E00A621462268220222242269219D20BF200F
:100A9E0059207B2025214721E1200321EF22CD2261
:060AAE00AB2235231123E9
:100AB4000008A900F000000020002100610842089D
:100AC40044102820C830CB382D418C490D522F6A50
:100AD400306AD06AD372357BB58B1594569CD89BFB
:100AE400578BB68231725572F15970594F699169B9
:100AF400AF6AEF72928B9383B27BF38BF383B283EF
:100B0400717BEF6AAD626D5A6C5A6B5AAC62EE62DD
:100B14008E62AD5AAE5AEF62738AF382117B2A5207
:100B24002952294AE841A841E949C9512A5ACA51D6
:100B3400A8494741455908726B62CD728E6A4C626E
:100B44002108A5182C38ED59D072527B938BB26AC8
:100B5400D8A4307BB18370732B52317347390B5A4D
:100B6400306BC8596C7A6E404B395083148B137AAE
:100B74003073159C2F73F2836C52AB52A9497048A1
:100B84004E5A8F622F6B6B52E628EE6A4E51717388
:100B94007594707B0C52A31020081494B69C338C6B
:100BA400E9414839CA490C4A0C5AD7A4348C526BCF
:100BB400A941A43038ADD792405081792F7A54A3FB
:100BC400D47191816D520251688AAF9A7882D17042
:100BD4006B69758C4841B17B6118E538E581C29A2F
:100BE400AE60C4A206A3C5BAEB58A7A21A938E811D
:100BF400126A2B4A45BBA5715CAC45C32792A499E4
:100C04002492A9BB46C3E370759CEA9AA5CBA7C3FB
:100C140046AAF29BC7BAE4BB66CCEEA304AA620060
:100C2400019AC0BA61CB2D8B293AC1D464CB21B2CD
:100C3400403044B2C4D394610DBC62B35AB542206F
:100C440026E5F0CC91B476C53ACEFFF745DCC4C2B4
:100C5400DBBDBFFFFFFFBFF7BFEFFEDE7DCEF9EECA
:100C640057DE3BF7749CBEF7BABD7FF714A43DE78B
:100C7400BBD660A180785EE7BDF7F3DD2D6BF28B08
:100C8400DCE6FEFFB79DBEFF9AF7B594B19B201832
:100C94006A5A5678AF7B9458EAD47494BB88F8693E
:100CA400C6ED6A5229EE00000000000000000000BA
:100CB4000000000000000000000000000000000030
:100CC4000000000000000000000000000000000020
:100CD4000000000000000000000000000000000010
:100CE4000000000000000000000000000000000000
:100CF40000000000000000000000000000000000F0
:100D040000000000000000000000000000000000DF
:100D140000000000000000000000000000000000CF
:100D240000000000000000000000000000000000BF
:100D340000000000000000000000000000000000AF
:100D4400000000000000000000000000000000009F
:100D5400000000000000000000000000000000008F
:100D6400000000000000000000000000000000007F
:100D7400000000000000000000000000000000006F
:100D8400000000000000000000000000000000005F
:100D9400000000000000000000000000000000004F
:100DA400000000000000000000000000000000003F
:100DB400000000000000000000000000000000002F
:100DC400000000000000000000000000000000001F
:100DD400000000000000000000000000000000000F
:100DE40000000000000000000000000000000000FF
:100DF40000000000000000000000000000000000EF
:100E040000000000000000000000000000000000DE
:100E140000000000000000000000000000000000CE
:100E240000000000000000000000000000000000BE
:100E340000000000000000000000000000000000AE
:100E4400000000000000000000000000000000009E
:100E5400000000000000000000000000000000008E
:100E6400000000000000000000000000000000007E
:100E7400000000000000000000000000000000006E
:100E8400000000000000000000000000000000005E
:100E9400000000000000000000000000000000004E
:100EA400000000000000000000000000000000003E
:100EB400000000000000000000000000000000002E
:100EC400000000000000000000000000000000001E
:100ED400000000000000000000000000000000000E
:100EE40000000000000000000000000000000000FE
:100EF40000000000000000000000000000000000EE
:100F040000000000000000000000000000000000DD
:100F140000000000000000000000000000000000CD
:100F240000000000000000000000000000000000BD
:100F340000000000000000000000000000000000AD
:100F4400000000000000000000000000000000009D
:100F5400000000000000000000000000000000008D
:100F6400000000000000000000000000000000007D
:100F7400000000000000000000000000000000006D
:100F8400000000000000000000000000000000005D
:100F9400000000000000000000000000000000004D
:100FA400000000000000000000000000000000003D
:100FB400000000000000000000000000000000002D
:100FC400000000000000000000000000000000001D
:100FD400000000000000000000000000000000000D
:100FE40000000000000000000000000000000000FD
:100FF40000000000000000000000000000000000ED
:1010040000000000000000000000000000000000DC
:1010140000000000000000000000000000000000CC
:1010240000000000000000000000000000000000BC
:1010340000000000000000000000000000000000AC
:10104400000000000000000000000000000000009C
:10105400000000000000000000000000000000008C
:10106400000000000000000000000000000000007C
:10107400000000000000000000000000000000006C
:10108400000000000000000000000000000000005C
:10109400000000000000000000000000000000004C
:1010A400000000000000000000000000000000003C
:1010B400000000000000000000000000000000002C
:1010C400000000000000000000000000000000001C
:1010D400000000000000000000000000000000000C
:1010E40000000000000000000000000000000000FC
:1010F40000000000000000000000000000000000EC
:1011040000000000000000000000000000000000DB
:1011140000000000000000000000000000000000CB
:1011240000000000000000000000000000000000BB
:1011340000000000000000000000000000000000AB
:10114400000000000000000000000000000000009B
:10115400000000000000000000000000000000008B
:10116400000000000000000000000000000000007B
:10117400000000000000000000000000000000006B
:10118400000000000000000000000000000000005B
:10119400000000000000000000000000000000004B
:1011A400000000000000000000000000000000003B
:1011B4000000010000000001000000000000000029
:1011C400000000000000000000000000000000001B
:1011D400000000000000000000000000000000000B
:1011E40000000000000000000000000000000000FB
:1011F40000000000000000000000000000000000EB
:1012040000000000000000000000000000000000DA
:1012140000000000000000000000000000000000CA
:1012240000000000000000000000000000000000BA
:1012340000000000000000000000000000000000AA
:10124400000000000000000000000000000000009A
:10125400000000000000000000000000000000008A
:10126400000000000000000000000000000000007A
:10127400000000000000000000000000000000006A
:10128400000000000000000000000000000000005A
:101294000000000001010000000000000000000048
:1012A400010101020101010202010000000000002D
:1012B400000001010101000101010101000101001F
:1012C4000000010000000000000000000000000019
:1012D400000000000000000000000000000000000A
:1012E40000000000000000000000000000000000FA
:1012F40000000000000000000000000000000000EA
:1013040000000000000000000000000000000000D9
:1013140000000000000000000000000000000000C9
:1013240000000000000000000000000000000000B9
:1013340000000000000000000000000000000000A9
:101344000000000000000000000000000000000099
:101354000000000000000000000000000000000089
:101364000000000000000000000000000000000079
:101374000000000000000000000000010001010165
:10138400010101010202010000000000000000014F
:1013940002024545450245450404020000000000E0
:1013A4000001020202010201020202010201010122
:1013B4000101010101010101000000000000000021
:1013C4000000000000000000000000000000000019
:1013D4000000000000000000000000000000000009
:1013E40000000000000000000000000000000000F9
:1013F40000000000000000000000000000000000E9
:1014040000000000000000000000000000000000D8
:1014140000000000000000000000000000000000C8
:1014240000000000000000000000000000000000B8
:1014340000000000000000000000000000000000A8
:101444000000000000000000000000000000000098
:101454000000000000000000000000000000000088
:10146400000000000101010101010101010101016C
:101474000202020303030301000000000000000253
:10148400040404040504040404040401000000002A
:101494000001040303454503030345454502450292
:1014A4000202010201020101010101000000000029
:1014B4000000000000000000000000000000000028
:1014C4000000000000000000000000000000000018
:1014D4000000000000000000000000000000000008
:1014E40000000000000000000000000000000000F8
:1014F40000000000000000000000000000000000E8
:1015040000000000000000000000000000000000D7
:1015140000000000000000000000000000000000C7
:1015240000000000000000000000000000000000B7
:1015340000000000000000000000000000000000A7
:101544000000000000000000000000000000000097
:101554000101010101010201020202450202030329
:101564000404030470707002010000000000000411
:1015740005050505050505050505460501000201E6
:1015840000017070040404040470040404040404DA
:1015940003030303034503450102010101010101A2
:1015A4000000000000000000000000000000000037
:1015B4000000000000000000000000000000000027
:1015C4000000000000000000000000000000000017
:1015D4000000000000000000000000000000000007
:1015E40000000000000000000000000000000000F7
:1015F40000000000000000000000000000000000E7
:1016040000000000000000000000000000000000D6
:1016140000000000000000000000000000000000C6
:1016240000000000000000000000000000000000B6
:1016340000000000000000000000000000000001A5
:1016440002020202B4454545030304040404047081
:1016540004040405707046700201000000000005D7
:1016640046050505064646464646466946704646CC
:101674000504694670707070704670700505054603
:1016840070047004700404030404040202020201DE
:101694000101010000000000000000000000000043
:1016A4000000000000000000000000000000000036
:1016B4000000000000000000000000000000000026
:1016C4000000000000000000000000000000000016
:1016D4000000000000000000000000000000000006
:1016E40000000000000000000000000000000000F6
:1016F40000000000000000000000000000000000E6
:1017040000000000000000000000000000000000D5
:1017140000000000000000000000000000000000C5
:1017240000010001010102020100000000000001AB
:101734000303030304040470047004704670460534
:1017440005050546466969690401000000000005B5
:1017540006060606470606064669690707696969B3
:101764000776536946696946696946464646464668
:101774006946467070707005050404040404454508
:10178400020202010101000100000000000000004B
:101794000000000000000000000000000000000045
:1017A4000000000000000000000000000000000035
:1017B4000000000000000000000000000000000025
:1017C4000000000000000000000000000000000015
:1017D4000000000000000000000000000000000005
:1017E40000000000000000000000000000000000F5
:1017F40000000000000000000000000000000000E5
:1018040000000000000000000000000000000001D3
:101814000101010101020245020200000000000171
:101824007070707070707070464646464646464604
:10183400464646696969766946010000000000056C
:1018440007060606584706690706070759080808E1
:1018540059597653696969696953696969466906B9
:1018640007696969696946064605050505040404AE
:10187400040345020201010101010001000000000E
:101884000000000000000000000000000000000054
:101894000000000000000000000000000000000044
:1018A4000000000000000000000000000000000034
:1018B4000000000000000000000000000000000024
:1018C4000000000000000000000000000000000014
:1018D4000000000000000000000000000000000004
:1018E40000000000000000000000000000000000F4
:1018F40000000000000000000000000000010101E1
:1019040002020202024545040570B4000000000111
:10191400464670466969466969696969690746079F
:1019240007690607077676B969B400000000000469
:10193400070847475858080707070759590807076A
:10194400590B7D7653535353537D766953070707D9
:101954007676537653690606060646464646707002
:1019640070040403450102010101010100000000AB
:101974000000000000000000000000000000000063
:101984000000000000000000000000000000000053
:101994000000000000000000000000000000000043
:1019A4000000000000000000000000000000000033
:1019B4000000000000000000000000000000000023
:1019C4000000000000000000000000000000000013
:1019D4000000000000000000000000000000000003
:1019E40000000000000000000000010101020203E9
:1019F400034545454504040405464604000000012A
:101A04006969696953765369695376697676595970
:101A1400090A0707767676767670000000000004DF
:101A240007084747476447080808070908070808DC
:101A3400080A783776387638767538767676765931
:101A4400095975B976074747470606694646694600
:101A5400467070700345454503020202010101010D
:101A64000000000000000000000000000000000072
:101A74000000000000000000000000000000000062
:101A84000000000000000000000000000000000052
:101A94000000000000000000000000000000000042
:101AA4000000000000000000000000000000000032
:101AB4000000000000000000000000000000000022
:101AC4000000000000000000000000000000000012
:101AD4000000000000000000010102024503037041
:101AE400040404040405050505466946040000B41D
:101AF4006953535376B97676595959597D5908081B
:101B0400096B1A087659B959B94601000000000555
:101B14000707080809646B080808596B08080808CF
:101B2400596B0B75387D757D759E7D7D7D59595931
:101B34000A787777594747474747696969696969FF
:101B44006946467004040403030303454502020185
:101B5400010101010000000000000000000000007D
:101B64000000000000000000000000000000000071
:101B74000000000000000000000000000000000061
:101B84000000000000000000000000000000000051
:101B94000000000000000000000000000000000041
:101BA4000000000000000000000000000000000031
:101BB4000000000000000000000000000000000021
:101BC4000000000000000001010245040470707070
:101BD40070040404050505060606077669700446C4
:101BE40053B976B9B99E75590947070709590708C2
:101BF4000808091A766959B9787604010000024682
:101C040007070808096B1A0908080A6B0808080876
:101C1400096B0B7775757575755177777D77770BCC
:101C24000B787759084758645847075369537653D4
:101C340053694670707070700470700404454545B3
:101C44000202020102010001000000000000000085
:101C54000000000000000000000000000000000080
:101C64000000000000000000000000000000000070
:101C74000000000000000000000000000000000060
:101C84000000000000000000000000000000000050
:101C94000000000000000000000000000000000040
:101CA4000000000000000000000000000000000030
:101CB40000000000000001024504047070466946FB
:101CC40070700404050506050606065976767669DD
:101CD40076B9B97D9E7887094747470609090807F9
:101CE4000859096B1A767659789E690404047007BA
:101CF400768F8F59596B9D6B0A096B1A090909096B
:101D0400096B487777777777776151777777788733
:101D1400650B0A7D0858646458088F7653767D7D78
:101D240076536946464670467070460505050404B8
:101D34000404450202020201010101010000000045
:101D4400000000000000000000000000000000008F
:101D5400000000000000000000000000000000007F
:101D6400000000000000000000000000000000006F
:101D7400000000000000000000000000000000005F
:101D8400000000000000000000000000000000004F
:101D9400000000000000000000000000000000003F
:101DA4000000000000010203047070466969536971
:101DB40046040202040506060606060859B97653C7
:101DC400769E77B99E876B474747470608090859A7
:101DD40008090909C06B76597887B9690759590BFD
:101DE400597659590A0A0D0D6B0A6BC01A6B6B09A7
:101DF4006B6B0A9E779E36779E28515151516F2FF7
:101E040065780A0909586458580A7D7D7D779E775C
:101E14007D535369697E6969464669064605050529
:101E2400050504454545454502020101010101013D
:101E3400000000000000000000000000000000009E
:101E4400000000000000000000000000000000008E
:101E5400000000000000000000000000000000007E
:101E6400000000000000000000000000000000006E
:101E7400000000000000000000000000000000005E
:101E8400000000000000000000000000000000004E
:101E940000000001010145047046696953767669C2
:101EA400700201020205460708474747087876761C
:101EB400B9789E9E78876B4747474706476B090961
:101EC4005909096B6B1909767578870B0A09091981
:101ED400197D77630A77659D480A1A851C1AC01A0A
:101EE4006B1A656F349E519E9E2961515151873002
:101EF400650A0A0A096B6458993C7D77779E619E4E
:101F0400757D535353696938696976070606460631
:101F14000505050504040404044502020201010147
:101F240001010101010100000000000000000000A7
:101F3400000000000000000000000000000000009D
:101F4400000000000000000000000000000000008D
:101F5400000000000000000000000000000000007D
:101F6400000000000000000000000000000000006D
:101F7400000000000000000000000000000000005D
:101F84000001010245020404464669767DB97D6973
:101F94007002020202460758090947474709787642
:101FA400769E9E9E787809090947474708096B0978
:101FB4006B6B6B096B1A197D7D78661A096B096B5B
:101FC400190A6377773C6F0D486B191C1C1A1C188F
:101FD400190A0C6534519E51512929515161300E11
:101FE40048480A6B6B1AC01A9D0B0A7751616F9EA1
:101FF400777538535353539E767D5959070707060F
:102004000605050505050505050403034502450206
:1020140002020201020101000000000000000000B1
:1020240000000000000000000000000000000000AC
:10203400000000000000000000000000000000009C
:10204400000000000000000000000000000000008C
:10205400000000000000000000000000000000007C
:10206400000000000000000000000000000000006C
:10207400010102450405050546060607599E7576C5
:10208400B4000000020506065858094747476B7814
:10209400759E789E78780A0A0A58474709590B1999
:1020A400191A1A6B6B6B19197D75196B09090909D2
:1020B4006B4877777851770D656B191B1B1B1AC01A
:1020C400180A4865519E5151612E2951612D30667F
:1020D4004848480B19C01A6B1A9D0D9E6F616151D7
:1020E4005138383853387561876F775959595906BB
:1020F4000606694646050546467070040303030355
:102104000303034503020101010000000000000075
:1021140000000000000000000000000000000000BB
:1021240000000000000000000000000000000000AB
:10213400000000000000000000000000000000009B
:10214400000000000000000000000000000000008B
:10215400000000000000000000000000000000007B
:10216400010202040505464606060647580A9E690A
:102174000400000002050647474764094747580B17
:10218400779E619E780B77770A585864998F7819EF
:102194009D19196B6B6B6B19787819090909090971
:1021A4006B6B7777515177660C651C6B1A956B1CBA
:1021B40085480A2851515161512E2E612930666596
:1021C4000C65480D1C6B6B6B6B6B9D6561286129FD
:1021D40051397D383875612F2F61787878770A08FE
:1021E40007070769066969466946707004707004D8
:1021F400700404030403450101010101000000000F
:1022040000000000000000000000000000000000CA
:1022140000000000000000000000000000000000BA
:1022240000000000000000000000000000000000AA
:10223400000000000000000000000000000000009A
:102244000000000000000000000000000000010188
:10225400020204050506690606064747470978761B
:1022640004000000010506064747580909584709B4
:10227400789E9E780B6F6F6F0A586495088F634839
:102284009D9D191A196B0B0B65656B0909090909E1
:102294000A0A777751517D280E0C0A6B1B1B1A1AF8
:1022A400181B776F519E515151292C2E300E660DFB
:1022B4000D65650D1A6B6B6B096B9D0D2E2D2C270F
:1022C4007739773951282C302828872F51780A59A3
:1022D4000807070707070707076946467070707005
:1022E400707070707070030202010101010101013C
:1022F40000000000000000000000000000000000DA
:1023040000000000000000000000000000000000C9
:1023140000000000000000000000000000000000B9
:1023240000000000000000000000000000000000A9
:102334000000000000000000000000000001010295
:102344004504040505060606064747585858097605
:102354000402000000040506474747581959475826
:102364000B7878876F6F6F0A6B6B646B8F637D7705
:102374000D0D196548480B0B659D6B6B58090908D1
:102384006B0A7777515163870E650A996B6B6B1AE9
:102394009D6B636F519E9E519E612C2C550E4C4C2F
:1023A4000D660E0F6B6B6B6B6B1A194C30675027F5
:1023B400393434512F6750262F30302E616F650920
:1023C4005959595907070759597669697046694631
:1023D40069466946467003037145020245020201DB
:1023E40001010000000000000000000000000000E7
:1023F40000000000000000000000000000000000D9
:1024040000000000000000000000000000000000C8
:1024140000000000000000000000000000000000B8
:10242400000000000000000000000000010202455E
:1024340004050506060606084747475858586B0919
:102444007002010000020506474747581A19094758
:10245400090B8728286F6F6F0A6B6B0A8F6363639E
:102464003C170D0C1965480B0B4C1A646464640921
:10247400090A639E51777D5155480A0A956B1B1AC8
:102484009D487D0B3439397734512C6C520D85F4C9
:1024940016107C0F1A6B6B6B6B1A1918305067513E
:1024A40077346F2F2C506C265555262E2E28196BF9
:1024B40009095959095909095975536969696969B2
:1024C40069760769694604030303030404044502A7
:1024D40001010101000000000000000000000000F4
:1024E40000000000000000000000000000000000E8
:1024F40000000000000000000000000000000000D8
:1025040000000000000000000000000000000000C7
:1025140000000000000000000000000101020402AD
:1025240005050505060608074747585864646458B6
:1025340007020200000205064747475858196B472F
:10254400586B652F28286F6F0B0A0A3C6338637D2C
:102554007D650F0D0C6565280B0F1A6BF0F064F0A8
:102564001A6375776F5138770E0D0A996B1B6B1AC6
:102574009D48776F777D39393977266C0E1B6B8CC4
:10258400F4104A101C6B6B6B6B1A1A4C0E552739DE
:1025940034512C55266C506C256C2C2C2D2D4C1A3A
:1025A400096B0A090909096B0A0776536953767698
:1025B40008070707590770700470704670700404A8
:1025C40002020201010000000000000000000000FF
:1025D40000000000000000000000000000000000F7
:1025E40000000000000000000000000000000000E7
:1025F40000000000000000000000000000000000D7
:1026040000000000000000000000010202040405B4
:10261400050506060647090847585858586464646F
:10262400590402020000020547584758096B19096A
:102634004709662D2828286F6F6F48633D387D63EE
:1026440063770F0E662D650B650F1A1AF0649558A3
:102654001A48779E51513875260D6B6B1B6B1B19ED
:102664000D487751633838387D9E67550C6B1B6B6A
:10267400C0166C101C6B6B6B6B6B19180E672938CA
:102684005129556C50215D212155676730660F191A
:102694006B0A6B6B78090A191907077653537D097E
:1026A400080807595959467070464669467005042A
:1026B4000404020101010000000000000000000009
:1026C4000000000000000000000000000000000006
:1026D40000000000000000000000000000000000F6
:1026E40000000000000000000000000000000000E6
:1026F400000000000000000001010202450405057D
:10270400050606060647095909585858646464645E
:1027140058690202000101040647580909096B19A6
:102724005809652D28286F6F6F0B0A633838636367
:1027340075380E3265656528650F19C08C95585833
:102744006B0D5177515138382D0D0A1B1A1B1A0C79
:102754000D48777738383838382E2C66486B1B1A72
:10276400C0850F169D6B6B6B6B091A9D66673C38B1
:1027740051296C6021256C2150675D5555260F9DAC
:102784006B196B0B6B6B0B191907697676760A0953
:102794005959590808595970466976696946460570
:1027A4007004450201010101000000000000000066
:1027B4000000000000000000000000000000000015
:1027C4000000000000000000000000000000000005
:1027D40000000000000000000000000000000000F5
:1027E4000000000000000101010245450405054602
:1027F40006060606470809080958585858646458D4
:102804006408050202000102050809090A590A0BB5
:102814006B09652D28286F6F0B6F3C633D38637718
:10282400633851100E662828650F0D851A586B6B96
:102834006B19799E513463386F171B1B1A1A190CC4
:102844000D547763383838387727292D1C6B1C854D
:102854001C1A1C18181A6B6B096B199D4C306338C1
:1028640029276C21255025215D5D505D5D5210C0E6
:102874001919196B196B6B9D9D760759387D0809D9
:102884006B09095959090969697575766969464673
:1028940046704545450201010000000000000000AB
:1028A4000000000000000000000000000000000024
:1028B4000000000000000000000000000000000014
:1028C4000000000000000000000000000000000004
:1028D400000000000000010202450404050546064C
:1028E400460606474747090A590958585864645820
:1028F4006458060402020002020559590A0A0A0A27
:102904000B652D2D2829286F280B633838637751E0
:1029140039383852200E2D282D0F0F851B6B6B6B09
:102924001A193C773434383887490C0C0D1C0C0CBC
:10293400663C7763383E3838515134290D1BC01C2E
:102944001A1A1A1A180D6B6B6B0A1A9D0E6738380F
:102954002F6755906C502150505D6C6C5252151875
:10296400191919196B19199D4C0876597D8F080985
:1029740019196B09090A0B69539E9EB976070769F1
:102984006970040403450202010000000000000015
:102994000000000000000000000000000000000033
:1029A4000000000000000000000000000000000023
:1029B4000000000000000000000000000000000013
:1029C400000000000000024545450405054669076E
:1029D40007064708586B6B0B0B6B6B5864586464A1
:1029E4006464084604020200010246590A780A781F
:1029F4000B2F2D2729296F286F516338387D6F2FAE
:102A040039383E8713526528660E0F5C1A1A6B1A02
:102A1400190C3C3939773D38650D0C0D1C0D0C66CD
:102A24000D63397738533E7D393939510D19851B7A
:102A34001B1A1A1A851819196B6B19184C67383E2A
:102A4400676C67216C25905F5D6C4A52527C15F46B
:102A5400C09D1919190B199D4C5959777D08086B9C
:102A640019190B6B0B6B1976B92F789E5959597636
:102A740069707070700403450100000000000000DC
:102A84000000000000000000000000000000000042
:102A94000000000000000000000000000000000032
:102AA4000000000000000000000000000000000022
:102AB40000000000000003040404050546066976CE
:102AC40076080808096B1A190D0B6B64586458646E
:102AD4006458580605020200000045077778770A13
:102AE400282627292928296F6F518F3E3877282CCB
:102AF400393853757B4A2D6F660E0F1C1C1C1C9DA8
:102B04001C48636339393D63660C0C17170C0C665B
:102B1400433D6377385338383D3D393C0D9D856BD3
:102B24001A1A1C1A9D189D0D190D4C187C26385321
:102B340055236C2150905D5D5D524A4A4A0F8BF4D7
:102B4400189D1919196B194C4C0A59777D8F086B0C
:102B540019196B196B19197D2E2F617809584708BB
:102B640059467070707004040200000000000000F8
:102B74000000000000000000000000000000000051
:102B84000000000000000000000000000000000041
:102B94000000000000000000000000000000000031
:102BA4000000000000000404040505460669697677
:102BB400595959096B1A194C4C0C196B64646458B3
:102BC400646458470504020000000270596F777767
:102BD4002D262E292929286F6F3C38537D776128AB
:102BE40075697E696C4A2F8766660F0D1C1C9D9D56
:102BF4000D3C637D3D39387749170D170E1D1D0EA9
:102C04000C3838396353387D383D39770D0D856B71
:102C14001A1A1A1C9D169D0D0D4C4C0F0F3038536B
:102C2400502360505050675D524A0F9D9D5C8BF459
:102C3400184C9D6619194C4C0F0A0A788F080A6BB8
:102C4400191919191919192F2F61781A6458474736
:102C54000859694646707004030000000000000033
:102C64000000000000000000000000000000000060
:102C74000000000000000000000000000000000050
:102C84000000000000000000000000000000000040
:102C940000000000000005464605460669760776F2
:102CA4007859096B6B1A194C0F6665196B6B6B1AA3
:102CB4006B6464580604020000000002690B6F6F25
:102CC40030272968292929296F393E76777778783A
:102CD4007E03030446782F6F65660F0D0D0D9D0D61
:102CE4000C3C376338393851491D1D171D1D1D52C1
:102CF40044383D7D63383838383839770D9D851A26
:102D04001C1C19199D180F0D0D4C4C4C0F283838EC
:102D14005023505D25265F5D4A9D1A1A6B648B8B88
:102D2400189D4C0D0D0D4C4A7C0A0B778F8F0A1998
:102D340019191919191919876161196464585847BF
:102D44004759766969464670040100000000000096
:102D5400000000000000000000000000000000006F
:102D6400000000000000000000000000000000005F
:102D7400000000000000000000000000000000004F
:102D8400000000000000050606060669075976766D
:102D94000B0A0B1919199D0F100E66191919190D23
:102DA400191A6B64470502000000000270772F3087
:102DB40052295151296F2929296338757853464678
:102DC40045020202000259786565490C0C0C0D0C91
:102DD400483C63383838382F521D1D491D260E4A89
:102DE400543E383D39383838383863390E4C181C5D
:102DF40019199D9D9D1818660E0E0E4C7C283838A6
:102E040055506A5D5F2667529D6B6B1A95589B8B74
:102E14009D4C4C4C0D660E4A52780B7D7D8F0A0DED
:102E24009D4C194C9D4C0D87616119646464645810
:102E340058085953536969467001000000000000A6
:102E4400000000000000000000000000000000007E
:102E5400000000000000000000000000000000006E
:102E6400000000000000000000000000000000005E
:102E740000000000000005060647070776597D7D1F
:102E8400650B65199D9D4C0F15200E4C0E0E0E52B0
:102E94006666196B090601000000000202762F55D0
:102EA4005D282968292929295163386F770402C4C8
:102EB400450201000000027665280D650C66656513
:102EC4000C3C3838383D635249431D26262652218E
:102ED4003B3E3D387739383E383839773016161C42
:102EE4009D9D9D199D0F0F660E4C0E0E4A273E3870
:102EF400266A6A506A675D0F6B6B6B6B6B959B10F0
:102F04004C4C4C4C660E0E234A65657D6359489DB6
:102F14004C0D0D9D194C0D8761659DF0F0F06458C2
:102F240058090A76536969697001000000000000BD
:102F3400000000000000000000000000000000008D
:102F4400000000000000000000000000000000007D
:102F5400000000000000000000000000000000006D
:102F64000000000000000606474747085978517DD5
:102F740066660C4C4C0F0F1014134A524952520EF1
:102F84000E66666B580602000000000245692E6C4E
:102F9400672729292929292851387761764692817A
:102FA400C4C4EC71000100027D650C4828654848E2
:102FB400483C3838383E9E211E261E261E5D52206F
:102FC4003C383D3D633C3838386339340E15160DB2
:102FD4009D9D9D9D0D0F0F1D0E0E520E6C283E7D66
:102FE40027275D5F6A5F0F1C6B6B1B6B6B1A9B1053
:102FF4004C4C4C0E4C0E7C7B200E2D7D8F630B0DA8
:103004004C4C4C4C4C4C0D61616618F0C0F0F064B3
:10301400641A6B757676536946010000000000005F
:10302400000000000000000100000000000000009B
:10303400000000000000000000000000000000008C
:10304400000000000000000000000000000000007C
:1030540000000000000006064758580877780B7DEA
:1030640066520E4C0F101011144D4A0E0E520E0ED5
:10307400520E66650906040200000000B44661555C
:103084002C2E29292A6129293A3861618F3E3F3F34
:10309400888181C403020100050B666F4828482813
:1030A4004863383E3E3828256A262626265D522067
:1030B4003B3E630B6528383E3863775155150F0D39
:1030C4009D9D9D9D9D10102626555D5525275339A0
:1030D400446A506A26264C1A1A1A6B1A1AC015101A
:1030E4004A0F4C4C0E524A2320522C8F7D77656632
:1030F4000D4C4C9D4C4C6687874CF4C0C0F0F0647A
:10310400641A1A7D767D76534602000000000000A2
:1031140000000000000001010100000000000000A8
:10312400000000000000000000000000000000009B
:10313400000000000000000000000000000000008B
:1031440000000000000006064747640978652D6307
:1031540066200F4A1010101011132026554A550EE0
:1031640052520E2F6B470502000000010269872CA2
:1031740029516851515129293D7D872A5656A03F2E
:103184003F3F887E7EBD4501717665796F796F79A1
:10319400796338535338552543261E261E266C2042
:1031A4003C63191C8518483E3838779E52110F4CE1
:1031B4000F0F0F4C4C0F115D26555D6C242D533CA5
:1031C400275D5F265F529D6B1A1A1C1A1A1C8E10FB
:1031D4000F4A52526C4A212323202C766377664C83
:1031E4007C4C4C4C4C4C662E2F1018C0C0F0F0F0A8
:1031F400C0C019596B6B6B784601000000000000D9
:1032040000000000000001020101010100000000B3
:1032140000000000000000000000000000000000AA
:10322400000000000000000000000000000000009A
:103234000000000000000647475864580B662663E8
:1032440087114A4A4A1020101113201D0E52260ECF
:103254005555552F6B5846020201000045762F61E3
:10326400777777779E9E513438758734404040563F
:10327400A03F3F3F88A8C40445C4630B796F6F6FB8
:103284007963383E5375255D6A6A6A2626262520A9
:103294003B48851B1B1A18773838395152120F0EC8
:1032A4000F0F0F0F4A4A11525D6C2020235D3854D2
:1032B4006A6E5F5F264A0D1C1C9DC09D950D137C94
:1032C4004A4A4A4A21212120237B2F8F636F0E52C1
:1032D4004A7C7C4C7C4C2F2F30109D1AC0F0C0C00F
:1032E400C0C00A1A640908090705040400000000A4
:1032F40000000000000003030202010101010000BC
:1033040000000000000000000000000000000000B9
:1033140000000000000000000000000000000000A9
:1033240000000000000007474764646479665D3A62
:103334007811204A102020202011232D55552626AF
:10334400555530660B640604020200010475617D64
:103354003838383D633A3A3D3E393C40408993A081
:10336400A0A03F3FA03F927EC4457E6F6F513C6F4B
:10337400796353385351905D266A6A6A2626502031
:10338400799D1B1A1B1A85798F77779E4A114A52A9
:103394004A4A4A4A4A20124A25237B232220394496
:1033A4005F5D5F1E5F0F0D191C9D851C9926134AD6
:1033B400204A214A2121212323232F637728554A98
:1033C4004A4A4A10207C2F284A0F196B6B1AF0C006
:1033D400F4C06B644708080909590706460200004F
:1033E4000000000000000304034502010101010183
:1033F40000000000000000000000000000000000C9
:1034040000000000000000000000000000000000B8
:1034140000000000000008475864641A650E523426
:10342400778E114A4A4A4A214A21206A3055263069
:1034340026303066656407020202007053533D3E35
:103444003F3FA0A09393934093409393A3A5A3934A
:103454009393A0A0A0A0A83F7E04C4776F3C516FB3
:10346400513D5353532F905D6A6A436A6A265D2423
:10347400485C8C1A8C1C851C0D18161015124A52A7
:103484004A4A204A20111425257B8E237B122927A2
:103494005F5F5F5F5D109D0D9D9D5C1B8F6C6D215B
:1034A400212020214A21212023232C773C666C21D2
:1034B400217C4A23115228554A6665196B1919F45F
:1034C400C00B0A58470808095809070706460200AE
:1034D40000000000000270700303030202010101F6
:1034E40001000000000000000000000000000000D7
:1034F40000000000000000000000000000000000C8
:1035040000000000000009085858641A4855255462
:103514007D2311254A254A4A6C7C21262D302630EC
:10352400302C302D650B599E9E62E3E7B83FA0A86E
:10353400A093939393A3A3A5A3A5A3A3A5A5A5A58E
:10354400ADA593A393A0A0A092C405536F51516F4E
:103554003C3953535326905D6A6A6A6A6A265D2031
:1035640044851B1A8CF4F41C9D9D5C161514204A8A
:103574002020202023111352267B127B7B735D6A4B
:103584001E1E5D5F2510179D9D5C5C3C3C6D6D218E
:10359400202323232121212323212F3C51302121A6
:1035A400214A212323552F520E66650B0B19199DB1
:1035B40019770899470809086B09080807070200E2
:1035C40000000446464646707004040403450201A4
:1035D40001010000000000000000000000000000E5
:1035E40000000000000000000000000000000000D7
:1035F4000000000000000A090858091A0C7C204445
:103604007D7C7B525D5D552626554A5D2E30302CDF
:103614002C2F28308ED9D2E0D1D8CACF97A8939333
:10362400A493A493A593A5A5A5A5B3A5B3B3B3AD3E
:10363400A5A5ADADA393A0A0A83FC4C47D5151548A
:103644003C3953533855256E266A6A266A265D240A
:103654000C851C8CC0F4851C9D1C9D9D9D10142004
:103664002022117B111213526A226D7B127A7B1E67
:10367400425F5D5F11110F0F0F160C3A5D4D13225F
:1036840022227B22202021217B212E34296C2123FC
:10369400216C21238E552F2887876F0B0B651965A5
:1036A400777D0A0899080809646B08760807020000
:1036B4000046070607464646467070040404450261
:1036C40002010100000000000000000000000000F2
:1036D40000000000000000000000000000000000E6
:1036E4000000000000000B0959096B1A0C52232733
:1036F4006366125D26262D2D2F2D555D292C2C2F2A
:10370400282A28CDCACACFCFCFCFCFCFC6A893A45B
:1037140093A493A4A4A5A4A4A4A4A5A4B3A5B3B357
:10372400B3B396ADA5A393A0A0A87E45533C3C514A
:103734003C393E533955255D6A6A6A2626675D24FD
:103744001D5C8C8C8CF41C1C1C1C9D1C9D18141161
:10375400117B121213134D256A226D121213131EBC
:10376400425D4E211310334C0F0F54446D7A737B1A
:1037740012127B7B23202121236C2951286C2323C3
:1037840020214A2111552F29876F516F870B0B7701
:103794008F87486B099909096B6B595959050200C0
:1037A400060808070706464669467046700404453D
:1037B40002020101010000000000000000000000FE
:1037C40000000000000000000000000000000000F5
:1037D4000000000000000C0A0A0A0A190D0E7B6A98
:1037E40063877B52262D286151612F552A282F2962
:1037F40040A31ED2CFCFCFCFCFCFCFCFD493A4A5CA
:10380400A4A5A5A5A5A4A4A5A4A4A4A4A4B3A4B351
:10381400B3B3B3A5ADADA593A0A87EC4697777343F
:103824003C3953539E676C5F6A6A6A6A6A5F6C20AC
:1038340049858C8C858B1B1A1C1C1C9D9D169BA179
:10384400121313137A13C3246A226D6D6D6D731EE4
:103854002B1E5D7313204A4A33333C217B7373124E
:103864006D6D127B222320217B5529542E21232385
:1038740023212121236C2E2E6161516F6F6F777D7F
:10388400512F0B1A6B6B09091A6B8F590804020527
:10389400090808070707066969696946707005041D
:1038A40004450202010000000000000000000000C6
:1038B4000000000000000000000000000000000004
:1038C4000000000000000D480A0A6B480D2D214E2F
:1038D40039772025262E619E77776F2F51773B937A
:1038E400939357D2CFCFCFCFCFCFCFCFCF97A4AD56
:1038F400A5ADB3A4A5A5A5A4A4A5A4A4B3A4B5B338
:10390400B3B3B3BEBE96A5A593A0A87E8F3C637740
:10391400633938925167505F6A6A6A6A265D6C201F
:103924000F8B851C858B1C1A1C191C9D858B9BA1D8
:10393400A1134D7A134DC322432272222222135F14
:103944002B2622C3112020204B4E548E24737372D5
:103954006D12127B222420217B67292A2D217B8E44
:10396400232323218E6C2E87616F61616F517777DA
:103974002E616F0D19196B6BC06B59785902B459CC
:103984000A595908080707070776536969464670B4
:1039940005050445010101010100000000000000CB
:1039A4000000000000000000000000000000000013
:1039B4000000000000000E48484848650D44265F9A
:1039C4003C7D7C252D296F9E7D777787513F93948D
:1039D400BBB7AAD3CFCFCFCFCFCFCFCFCFC1A4AD9B
:1039E400ADADB396B3B3B3B3B3B5B3B5A4B5B3A4E4
:1039F400B3B3B3B396B3ADADA59388880A8F7D8F67
:103A04003E633E69612C25506A436A265F5F5D1000
:103A14009B9BF38B5C8B851C1A191C9D188B9B9BA1
:103A2400A1A14D134D4DCD226A24242525257B4E7D
:103A34002B1E4D7323212023111E676D257A4D7291
:103A44006D136D7B222324238E6754292C237B7BC7
:103A54007B2323238E212F28616129286177512F0D
:103A64006151650E66191919F4C09D4C6659767832
:103A74007809595959070708597D76765369694673
:103A8400464603020102010101000000000000009B
:103A94000000000000000000000000000000000022
:103AA4000000000000000F0C486548651D0C282626
:103AB4003C7D55212D29619E757D7D7D3F82BCB75E
:103AC400BAC5C5D3CFCFCFCFCFCFCFCFCFE2A49876
:103AD400BE96BEAD96BEB3B3B3B3B3B3B3A4B3B3E0
:103AE400B3B3B3BEBEBEADADA5A4A856E763073E4F
:103AF40053383E6929276C6E6A6A6A265F434A31E5
:103B04008586858B9B8B8B1C1C199D85188B9B9B99
:103B1400A1A14DC34DC3CD72434F251E1E5F246E1C
:103B2400445F7F232521237B6D6A247B257A7A7B5E
:103B34006D13137B222321236D2C542926236D8E90
:103B44007B23237B7B6C2E2861516128617729615B
:103B5400512D52302F876618F4C0C0190B6630619E
:103B64000B0B090959090959779EB97676767607B8
:103B740046040303030302010101010101000000E3
:103B84000000000000000000000000000000000031
:103B9400000000000000101D0C0C2D0C6643282DA5
:103BA400348F2F232C2E6F51757D7656B5B6B78280
:103BB400C2C5C5D4CFCFCFCFCFCFCFCFCFD4B5BE53
:103BC400BEBE96BEBE9896B3B3B3B3B3B3B3B3B3EA
:103BD400B3B3B3B3BEAD98ADADADA87BE07A4392B9
:103BE400697653696129905D27276A6A6A5D5B1C5F
:103BF4008C8586859B9B8B9D1C1C9D18168B9B8B93
:103C0400A1A1A1C3C3C3D3721E254E42426A4E6E04
:103C140041254D242525207B226A7B24507A4D7230
:103C240013131372222321217B282A2B677B6D6DAA
:103C34008E7B7B7B8E5529616161616187616151F6
:103C44006126302F872F7C18C0C0C01A0B657C6595
:103C54000B196B6B6B096B0B61789E75B97D76697B
:103C640046030404040303450201010100010000AA
:103C74000000000000000000000000000000000040
:103C8400000000000000101D1D661D660E1D442767
:103C940054388723262E2861777D5693B6B6710053
:103CA4000094CBD5CFCFCFCFCFCFCFCFCFE1A5B35C
:103CB400BEBEBEBE96BEBE98989896BEB3B3B3B30E
:103CC400B3B3B3BE9698AD9AADA441E0D2C954053E
:103CD400C4073E4651616C67276A266A27525B1BFC
:103CE4005C8685858B809B189D9D1818169B9B8BE5
:103CF400A1A1C3C3C3C3D2D71E251E6A42435F5DBD
:103D04002A217F746C252160905D7B245D737A6D1C
:103D1400A973137B222324242361442E5D7B6D131A
:103D24006D8E7B7B8E55618728616161282E515190
:103D34002D2C2F2F2E2F4CC0C0F0C01A1A199D4CB9
:103D4400660D9D191919652F8761619E78B976539F
:103D54004604707070700403034502010101010000
:103D6400000000000000000000000000000000004F
:103D740000000000000011490D1D1D1D0E492728DB
:103D8400298F7823262D2E617739A3A5B7B7BD00D7
:103D94000088BAC7DACFCFCFCFCFCFCFCFE697B394
:103DA400BE98ADBE9898989F989898989898BEBEDB
:103DB400ADADB3ADADADADA4891FD2CAE0DCE7288B
:103DC400077E07C47787302D2D30265D26523217A3
:103DD400865C5C16311C80169D9D181816159B1563
:103DE4009BA1A1C3CDCDD3A91E6E1E4227276A5D18
:103DF4002A247F8E609090906E6E7B90256D7A72EF
:103E040013A96D7B2260212123512744507B137316
:103E14006D138E7B6D306129286161872F6151613B
:103E24002C672C2C2F304C19C0C0C0C0C01AC09DA8
:103E34004C4C0F662F2F2F2F2F2E61619E7D76768F
:103E44007070707070707004040303020201010149
:103E5400010000000000000000000000000000005D
:103E6400000000000000114949490E1D0E5243286C
:103E740029637D215D2C2861774096A594BABA8286
:103E840088B0BFAAD2CFCFCFCFCFCFCFCFCFA6B31B
:103E9400AF9898989898989898989898AF98989672
:103EA400BE96B3B3B3A440AED3CFCFD8D1DCE0DD5C
:103EB400615977782138467EC4693A2826493217F1
:103EC400175C15310C0C80169D9D0F1615159B8BD8
:103ED4009BA1A1C3CDCDD27A4E4E1E6A42276A5F02
:103EE4002A23737421902590902423255DF27F72F8
:103EF400126D727B2324212160512727257B1373A4
:103F0400736D8E8E133061296161612F2F51512E93
:103F140067552C2F2E0E9D1AC0C0C0C0C01AC09D5C
:103F24004C104A302F2C2C2C2E2E872E77B9B97694
:103F34004670466946707070700303040302010101
:103F4400010100000000000000000000000000006B
:103F540000000000000011334949490E495243440E
:103F640029637D2125302F6140A396B3B3BBBABA30
:103F7400B7BBCCAFD9CFCFCFCFCFCFCFCFCFC6B3B7
:103F8400AFA7A7AFA2CC989898989898989898BEFD
:103F9400BEB3B3DFA849D3CFCFD8D0D1D8D1D1E0E5
:103FA400DDD3D9D1EFECBD7EBDC4ECC463264A0F8A
:103FB4003310320C0C0C1518179D180F1616159B80
:103FC40014A1A1A1CDCDD2C35D6E1E424242435F76
:103FD400447BF22390505090237421505D727F7281
:103FE400F21272222324249021296A27908E73735B
:103FF40073736D6D732C2E2861612E302E9E292CC7
:1040040067555567307C1919C0C09DC0C0C01919C7
:104014001011552C2C2F2F2F2F2F2F9E7D7DB95310
:1040240070695369694646707070700404034502F0
:104034000101010000000000000000000000000079
:10404400000000000000124A49525D4949522729E4
:1040540044397D7C90262F299A97969696A5ABABEA
:10406400989FCCAFDBCFCFCFCFCFCFCFCFCFE2B3E3
:10407400A7A7A7A7A7A7A7989898989898ADBEB3FD
:10408400A4DFA883D3CFCFD0D0D0D0D0D0D0D8E0A5
:10409400E0CACAC7BD7E88A88282C445EC7E493284
:1040A4000F3249494983140F5C4C0F4C180F1615F5
:1040B4009BA1A1CDCDD3D2C94E4E1E42272B271E84
:1040C40026236024902550217B7B90505DF27F72E3
:1040D4006D727B222324219021296A27216D737319
:1040E400737313736D2C282E61612E679E51272CD8
:1040F4002C67556C214A6519C09DC09DC0C0191913
:104104001312552C2C2C272F2C2C2E75759E9E5358
:10411400693853536969694646704670700403717F
:104124000201010100000000000000000000000086
:104134000000000000001232335249495D25275423
:104144002963765521262F2E9A96AF969898969F96
:104154009F98A2CCB2DACFCFCFCFCFCFCFCFC1AD44
:10416400A7A7ACACACACA2A2989898BEA4A4A8A8EB
:10417400994E7FCACFD0D0D0CACAD0D8D0D8D1D146
:10418400CFD4AA888888A882A0A08288EC716949C3
:104194004A334949490C155B0F0F4C0F0F0F161585
:1041A40015A1A1CDCDCDD2D3336E1E6A422B271ECD
:1041B4005F902550256C9060F274505D5F6D7F12A6
:1041C4006D6D7B7B2324212121276A6A231373735A
:1041D4007A736DEA132C612961292C2E77512E2EC6
:1041E4002E2E2E2F6C4A6519199DC01CC019190E4C
:1041F4004D2130302C2C2F2C2C2C77779E9E7569DA
:10420400763776535369696969696970707004B463
:104214000302010101010100000000000000000090
:104224000000000000001320334A5D49524A2B5419
:104234002928775523672D2B9A979F9896989FAF97
:10424400A7A7AFAF8AE0CFCFCFCFCFCFCFE982AD93
:10425400A7A7ACACACA7A7CC98A4DFA083A9CDC971
:10426400E0CFCFCAD0D1CAD8CECACFCAD0D0D0CF4F
:10427400E2A0A093A093A0A082A5A5A58145710763
:1042840033333333498310140F0F0F0F0F101615E8
:104294001514A1C3CDCDD2D3224E1E42272B446A7E
:1042A4005D5F5F50509090216D21505F67737F6D0B
:1042B4006D727B742360909090275F6A22737A7A80
:1042C400737373738E2C2E61612E3051772A616162
:1042D400616129672121650C0D1919191919190F23
:1042E4008E5567302C2C2C302C9E77759E777D381C
:1042F40075387576535369535353696970707004F4
:104304000403034502010101000000000000000055
:1043140000000000000012244A33525D522542344A
:104324002966662123262F27AA9F9F9F9F9F9FA7C9
:10433400A7A7A798A6D2CFCFCFCFCFCFCFD588AFBF
:10434400A7A2A7ACACACCCA4938A7AD3CFCFCFCF5F
:10435400CFCFCACECAD0D0CAD0D0D0CFCAD0CAD478
:1043640093A596A5A5A482A4939393A5A5C400455B
:10437400654A333349493314320F0F0F0F0F0F10AF
:104384001514A1C3CDCDD2D2724E42422B442B6A16
:104394001E6A6A5D9021902374905D5F267A7AA9E3
:1043A4006DF27B226021242125271E676D7A4D7AC8
:1043B4004D7373737B2E2E2E292F2C779E296861C3
:1043C4006861556C216C65664C9D9D190D0D1952E3
:1043D4006C2C2C2C2F2F672C6F757D7D7D76387D72
:1043E40075757575B9B976B9B95369696946704611
:1043F400707004037102010100000000000000005D
:10440400000000000000134B4A25335D524A423C31
:104414002929286C235D2C2EAAA7B0AC9F9FA7AC9A
:10442400ACACA7A6C7D2CFCFCFCFCFCFCFC6A8AF84
:10443400A7A7A7ABAC98AADBD3CFCFCFCFCFCFCA98
:10444400CFCACECACEE6CACAD0CECACAD0CAE6AA93
:1044540093ADADBEB3A4A5A49382A4A5A58845003D
:104464008F334A334949491414100F0F0F0F321078
:10447400114DC3CDD9CDD3D2225F1E272B41442762
:104484006A27276A5D50506060675D5D5F7F7A6D63
:10449400EA6D7B2260242124506A5F5F737F7F7FF3
:1044A4004D7A734D7B292E2E2E2661395168685121
:1044B4002E6C6C6721522D660E0D0D0D0D190D0E0F
:1044C400262C302C30262C9E7D7D7638767675759C
:1044D40075779E9E9E9E9E9E75B9535369695369D6
:1044E4004670700403030201010100000000000093
:1044F4000000000000001320334A525D5D25423C59
:1045040029297730235F2C2842A6ACACACACABA7EE
:10451400ACA7C1C7C8DACFCFCFCFCFCFCFB2A8A770
:10452400A7A7A2ACCC8AE0CFCFCFCFCFCFCECACE75
:10453400CACECFCACFCACECFCACAD8CECACFC6A8CF
:10454400B3B3B3B3B3B3A5A5A4A59393A5B3EC0038
:10455400694A4A333332174B4D1032334A4A4A4B75
:104564001213CDCDC3CDD3D21F1E422B2B444127D2
:10457400272B276A675F672390675F5D6E7F6D6D8A
:10458400A96D742260604F215D6A6A6E7A7FC37F71
:104594004D7A734D23612E2E672C75345168512E3C
:1045A40050505567216C66660E66660D0D0D0D0E36
:1045B400262C2667672E757D76387676533877777E
:1045C40077780B872F2F2F2E9E75B9B9B9B95369F8
:1045D40069467070040345020101000000000000F8
:1045E400000000000000134B4A25525D5D4A1E3B4B
:1045F4006F273C2F235D6A2741AAB1ACACAB9FACBB
:104604009FC1C6C7D3CECFCFCFCFCFCFCFC7DEA723
:10461400A7A2A7CCA6D2CFCFCFCFCFCECACFCFCF52
:10462400CFCFCFCECFCFCACECFCACAD0CFE1A0A4EE
:10463400DEB5BCBCB3B3B3B3A5A4A5A5A5B3BD00F7
:10464400692033333332334B4D122020324A242035
:104654002213CDCDC3D9D3D2E4426A2B444144279B
:104664002B2A272767675F74905D5F5D907FF26DEB
:10467400736D7B2223606060676A6A25737FC37FE2
:104684007F73737A21682E2C5534399E34512E55FC
:10469400502667267B522626300E0E0E0E0D0D5523
:1046A400302667266F7D767D7D7638533839777767
:1046B400780B0D4C4C30302E9E6161619EB9B9531C
:1046C40053694670700403450201010000000000B4
:1046D400000000000000134B214A335D5D251E3BA2
:1046E4006F2C546F23502C2C2E57A6ACACAC9F9F30
:1046F400A6C6C8C8DACFCFD5C8DDD5E5CFD5B3A215
:10470400A2A298CCC7CFCFCFCFCFCFCACFCFCFCF56
:10471400CFCACFCFCFCFCFCACECFCECACFB2A8DEEB
:10472400DEDEDEBCBCBCB3B3B3A5A5A5A5B38100D6
:104734007720334932335A22C313122223202020F4
:104744001113CDCDCDCDD3E01F27272B412B4127EE
:104754002B2A2927266A5074905F5D5FE47F7B6D66
:1047640073A9F27B226024606A6A6A24737A7F7A6E
:104774007373EA7A90612E67277D773634292C503B
:10478400672C67678E6C302655260E0E0E660E2635
:1047940026672C63538F387638765376664A7C6561
:1047A40065C0F4F4C04C302C2C2C2E61689EB9B931
:1047B400B95369467070040303020000000000004E
:1047C4000000000000001320202525525D254E3BEB
:1047D4006F262B6F23256A2C272A97ACAC9F9F98B2
:1047E400C1C7C8C9D4B2357100047169D9E59898B4
:1047F400AC9FA298B2CFCFCFCFCFCFCFCFCFCFCF99
:10480400CFCFCFCFCFCFCACECFCAD0CFD4A0DEDECA
:10481400DEDEDEDEBCBCBEB3ADADB3A5A5B58201A4
:1048240065324E3333334F13C37A7212222222225B
:104834007213C3CDD3D3D3E07244272B412A442728
:10484400412A276A266A902390505050F27A746D58
:104854006DEA6D7B7B602160275F5F74737A7F7A7A
:104864007A73EA7A6C6127559E393939512E276754
:104874002C6767508E6C2655555D5D520E0E66266C
:10488400672D63699253767676538F7C15101815CD
:10489400F4F3F0F0F0187C552C2C2E2E61619E75EB
:1048A400B953696946707070B400000000000000DC
:1048B4000000000000001220244A33525D6C6E3B5D
:1048C40051305D292190262C2C2E419AA79898A727
:1048D400B2C7CDD6930000000000000004EAA7A2EE
:1048E400ABAB9F988AD0CFCFCFCFCFCFCFCFCFCFC7
:1048F400CFCFCFCFCFCFCFCFCACECACFB282DEDE1B
:10490400DEDEDEDEB3BEBE9896ADADB3B3B38102D8
:10491400304E4932335A72C3CD4D72722222222252
:104924001273C3CDD3D2D3E0A9412B2B4141292704
:10493400442A276A6A2C23749025906E737A7474BF
:10494400F26D6DF274602423445F256D7A7F7F7A63
:104954007AEA8E7350682C303963395168612E2C91
:104964002C5550216D6C555D5D5D52555D30302682
:10497400276353535353535353537C1515F4F4186B
:10498400F4F0F0F0F0F44C672C2C2C2C2E2E619EBD
:104994007576536969467004000000000000000049
:1049A400000000000000124B25336C5D5D2524419E
:1049B4003C2D6C275224672C2C2751899A9F96C131
:1049C400C1B2C7409100007104928102000597BBF7
:1049D400ABABA2A2A3CDCFCFCACFCFCFCFCFCFCABD
:1049E400CFCFCFCFCFCFCACFCFCACFD4A8B3BCDE1F
:1049F400DEDEBCBCBEBE98BEBE96ADADA5BCBD469B
:104A0400524933335A724DD9C9CD131272227212DC
:104A140013734DC3CDD3D3D27A2B2B44412A416A8D
:104A2400412A27276A67F223909090507AEA2274E9
:104A3400726D6D727B236023275F90737A7F7F731F
:104A44007373EA736761672E753934512A292E2CE2
:104A54006755507B7B6C526C5D55525D550E262715
:104A6400633E3E8F8F5353535352158B8BF44CF448
:104A7400F4F0F0F0F0F0192C5550672C2E2E619EB6
:104A84009EB97653696970000000000000000000C0
:104A940000000000000014224A2525525D522342E2
:104AA4003C28525F50235F262D2C61359AAFBEB24D
:104AB400C3C89300000004A393AFADA081B4A3B610
:104AC400ABABABA2988AD0CFCFCECFCFCFCFCFCF07
:104AD400CFCFCFCFCFCFCFCECFCFCFC7A8BCDEDE07
:104AE400DEDEDEB3BEBE989898BEADADB3BEBD07E4
:104AF4005D33335A22737AC3D9D97FA9721212A9AA
:104B0400A9137A4DC3CDD3E07F442B2B4141416A95
:104B14002A54292727506D60256E6E257FF2742252
:104B2400F26D6DF274232324275F60737F7F7A7A9A
:104B34007373EAEA2C2E2C51393934516861272CCD
:104B4400675550EA7B50526C526C5252520E286395
:104B5400637D7D63766953692F157C1010F4C0F46E
:104B6400F4F0F064F0F0192C505055672F2E619E2C
:104B74009E75B9B953460000000000000001010011
:104B8400000000000000154B2533525D5D52206E7D
:104B94003C29552555235D262C272E34569AAF9A49
:104BA400A6C7A9D75F3E3FADADADADBEB37E89B755
:104BB400BBABA2A2ABA47ACFCFCACFCFCFCFCFCF3C
:104BC400CFCFCFCFCFCFCECACFCFCF89A4DEDEDE3B
:104BD400DEDEBCBEBE989898BE9898ADB3BCBD78D6
:104BE400491E4E226D6D7A7FD9C3C37A13A96D1302
:104BF40013A9134D4DC3D3D2D9412B444154446A14
:104C04002A3B29442E246D24256E50247A7B747407
:104C140072F2F2727B2260246A5FF27A7F7F7A7387
:104C2400EAEAEA8E2C2C2C393939343468292C6779
:104C340067675D73215D6C256C256C255255776320
:104C44007777777D5353693A11104C8BF4F418F449
:104C5400F4F0F064F0F09D2E5055672C2E2E616810
:104C64009E9E757669B400000000000102020101F5
:104C7400000000000000154B4A52525D5D5D212288
:104C8400412926215D245D6A2C6A27293940AAAF6F
:104C9400ADB2CECFCFE1E29AA3A4A4A4DE3F93CCDD
:104CA400BBBFBFABA298A8C3CFCFCFCFCFCFCFCFFF
:104CB400CFCACFCFCACFCACFCACFD5A8B3DEDEDE24
:104CC400DEBCB3BE9898989898BEADBEBEBCC46511
:104CD400431E226D726D6D6D7FCD7F4D7A13A95E7B
:104CE400A96D1313A94DC9D2CD2B4441412A441EA9
:104CF4002A542A29297BF290252550747A7B747BC7
:104D04007B727B7B742374241E6E737A7F7F7A7329
:104D1400EAEA737B2C672E39343477345129272CF3
:104D240067309073216C256C526C256C6C0E775136
:104D34005177635353693E23204C10F418188B1099
:104D4400F4F464F064C01961306730662F876161E0
:104D5400619E766946010000010203040403020116
:104D640001010000000016155A52525D5D5D2524B4
:104D7400426F2625212225676A2C2C29513989A6C0
:104D84009AC9CFD0CFCECEDAE2A3A4A4A49CBCCC43
:104D9400A2ABABBBA2CCDE40D2CFCFCFCFCFCFCA5A
:104DA400CFCFCFCFCFCECFCFCECFB2A4DEBCDEDE3F
:104DB400DEBCBE9898CC98989898BEBEBEDE697941
:104DC4004324727B7B747B726DD97FC37A4D7313DA
:104DD400135EA913134DCDD3CD42412B4141276717
:104DE4002A542A2A27EA7B21909050F27374747B08
:104DF400747B727B7B747B4F5F4F737A7F7F7AEA1D
:104E0400736DEA742C5568393939343451292E2C90
:104E14002C6A6D7B256C2521252525254A266F9E28
:104E240077395353695321237C4C0F181818188B66
:104E3400F4C01A64F0C06B51650B6B0909656161BC
:104E44009E53464670B40370464646467004450277
:104E54000100010000000F15325D5D5D5D265D21DE
:104E64004E292C6C217B2567266A2C272934774010
:104E74007ACAD0D8CACFCFCED493BEA4A3B3BECC63
:104E8400CCABABBBC2B6BCDF3ED2CFCFCFCFCFCF44
:104E9400CFCFCFCFCFCFCFCACFE1A0DEDEDEDEDEF5
:104EA400BCB3BE98AFAFAF98CC98AF9898DE078FDD
:104EB4005DEAF27B74747B6DF2A97A7A7F4D7A1382
:104EC400A91313A9A94DCDC3D35A41444141445F09
:104ED4002A34512A5D736024249025EA6D74747415
:104EE40072747B727B747B245F22737A7F7A73EA99
:104EF400EAEA73212C5539393939393451292927AA
:104F04002C6773239021214A25254A252528777764
:104F14006338767D77607B52520F18189D181810ED
:104F24004C1A6B1AC0C06B0B09080808086B657D26
:104F3400536953537676767607694605040402026C
:104F44000101000000000D165B495D265D5D5D52A8
:104F54004F272D522123245F6A6A27272E2A345192
:104F64007FCAD1D0D0D0CFCFC699A4A48AA4B3BECF
:104F7400BEA2ABA2B7B6B6BCDF63D1CFCACFCFCF88
:104F8400CFCECFCACECFD0CFCFD5A8DEBCDEDEBC4D
:104F9400BCBE98AFA7CC9898989898BEBEA8077E38
:104FA4007B7A7B7B742222F2EA737A7A7F7F4D7A52
:104FB400735E5E12134DC3C3CD7F4144412A441E28
:104FC4002A342A54246D2424249090737B747B7493
:104FD4007B7B7B727B7B7B4F5F72737A7F7AEA6D1C
:104FE4006DEAEA506727633939393934512A292758
:104FF4002E90EA9021212421252125254A873977DD
:10500400349E3429747B6C5552499D5C8518187CF8
:10501400196B990964196B090809080808091978B2
:105024009E617878757D766969467005040404028A
:10503400010100000000170F1033265D26265D6C69
:10504400211E2C522123235D266A2C2727292A512D
:105054002CC9D1D1D8D0CAD6403FA89CA4BEBEBECC
:10506400BEAF98A2B6B6B6BCDE8173CFCFCFCFCADF
:10507400CFCACFCFCFCACFD0CFC8DFBCDEDEBCDE35
:10508400B3BE98A7A7AFAF98BECC9898BC88C4927B
:105094004D7A7B22236023746D7F7A327A4D7A4D68
:1050A40013A97212734D4D4DC3D35A412B41446A17
:1050B4002A3C292A227B9024219024737474727BC5
:1050C4007B747B747B74724F6E6D73737A736D6DC6
:1050D4006DEAEA50679E38393939393951682E27D3
:1050E4002A74742121212421242124201111282A05
:1050F400516351237B6C5D5D0E4C5C1C85184C4CDC
:10510400780A0A096B196B080808080808090B874C
:10511400789E9E757D765369694646460606050562
:105124000402000000000F4C10101E2626675D5D6F
:10513400216E2D5525232250676A2C272727292ADB
:10514400512CC9D1D0CACAC8428357A3B3B3BEBE77
:10515400BEBE98C2B6B6B6BCBCDE3FD2CFCFCFCFB0
:10516400CFCFCFCECFCECFE8CFB2DFDEDEBCDEBC3A
:10517400BEBE98AFA7A79898BE98CCBEDE7EC4C426
:105184004DEA236024602460236D33485E7F7A4DAA
:105194007A5E1272137A7A4DC3CD7A4144412B1E42
:1051A4002A3A51276D7424242490607A60747B74A5
:1051B4007B74747B727B745A4FEA6D7373EA6DF27D
:1051C4006DEAF2672C393D393939773651292E2960
:1051D4006AEA2190242024242323232314A1117771
:1051E40038347B7B505D550E491717861C9D4C65E2
:1051F4003C3C633C0B1909080808085908091A784B
:105204007577757D767676696969074706060505BB
:105214000402010000000F0F0F10336A2626265DDA
:10522400254F272652212225266A2C2C272E272A71
:105234002A512ED9DCDCDDAE2B41A3ADADBEA4BE1C
:10524400BEB3B3B6B6B6B6B6BCBCDF24CFCFCFCFF1
:10525400CFCFCFCACFCACFD0CFAADFBCDEDEBCB39C
:10526400BEBEAFA7A7A79898BEBECCBEDE0571ECA4
:105274007BF2602424606060604B834849C37A7A7F
:105284007A131212A913137A4DC3CD424141445FDC
:105294002A3C51267A23606060907473602274748F
:1052A400742274727472726E74A9EAA9736DF2F244
:1052B4006DEA742C2E38393977393939516151688E
:1052C400907B90212160242322127B124DA1A1877F
:1052D40039747B5055675D1D0C831B1B1C180D48CE
:1052E400296F7777656B070808080808096B0B9E18
:1052F40077777775757676537D5908060606050522
:105304000445020000000F33494A201E6A26265D28
:105314006C211E2D55212225676A6A2D2C272729E9
:105324002A29677ADDC31F1D0AA0BEADADADBEBE7E
:10533400B3A4DEBCB6B6B6B6B6BCDEA8D2CFCFCF69
:10534400CACFCFCFCECFCECACF89DEDEBCBCBEBEE5
:10535400BE98AFA7A7A798BEBE9898BCA8057171C0
:105364000E74259090904F246020480C83A94D130F
:105374007A73131272126D134D4DC36D27542B1E85
:105384002A3A3C90732324602425F2EA602374743F
:10539400222274727BF2745A7BEA6DEAF27B7BF20E
:1053A4006DEA602C29383939393939513439396839
:1053B4007B60252124212122236D6D110F5B1511A2
:1053C400237B505D6726264383441B1B174C4327CE
:1053D400292A51280B590807080708086B6B0B9EEC
:1053E4009E9E77777D767678775907470606060579
:1053F4000504020100000F4A495210252D266A2691
:105404005D904E2826552324676A2C2C27272E29A5
:105414002A2E60734B330F32155BA3ADADA4BEBE11
:10542400B3A4DFDEB6B6B6BCB6BCBCDE32CFCFCFDB
:10543400CFCFCFCACFD0CACEE693DEDEBCB3BEB3E5
:10544400BEBEAFA7A7AFAFBE98B3A4DE92450171AD
:1054540079255F6E6E6E90904F2017830C5AC3A906
:10546400A97A5E72727212A9737AC37F135D54268D
:105474002A39347B6D6090249090EAF224602323CF
:1054840023747B727272744FF26D6D6DF274746D6D
:10549400EA6D902C513939393977347738383927CE
:1054A400F26C2590212424227B131333170C4973A7
:1054B4007B50505D676A4343448D8D83491D432768
:1054C4002E2929660A760808070808086B6B789E57
:1054D400777777757D7D65785959084747060605BE
:1054E4000505020101010F4A52524A20262C266A60
:1054F400266C25272D302124262C2D27272E2E29D6
:105504002951304A4917170C17165BA3B3ADADB335
:10551400A4DFDFDEB6B6B6BCBCB6B6BC40D2CFCFD5
:10552400CFCFCFCECFCFCACFE982DEBCBCBEBEBE0A
:10553400BEAFAFAFA7AFAFB3A4AADB899245717179
:1055440063266A1E675F5F6E6E9032170C485EA911
:105554005E1313722272721213137A4D137F7B2718
:10556400443C51EA7490902490217AF2246023E41C
:105574002374727BF2F2E4E46D6D6D6D7274747B6E
:10558400EA6D502C773939633977393E3E386350A8
:10559400745025902124237B6D73130D0C49737B68
:1055A4009050505D266A27444454441D491D6A277F
:1055B40044290E0B59080808080808096B0B786180
:1055C4009E777777776665787759094747060606A1
:1055D400050502020101184A4A5D5220252D6A6A16
:1055E400265F256A282D6C216A2D2E6129292929F7
:1055F40029340E171717170C1B9D1680A3B3BEADC5
:10560400A4A8DFDEB6B6B6B6B6BCB6B6A4A9CFCFEC
:10561400CFCFCFCACECACECAD4DFDEBCBCBCBEBEDE
:10562400BEBEAFA7A7AFA48AC9D0CFE0C93E007859
:1056340025542B6A6A6A6A6A5F5D3333170C335EDA
:1056440072125E727222727272137A7F137BC37A41
:10565400293944EA2325252590907A74606074746E
:105664002274F2F272F2E472736D6DF27B74237B36
:10567400F27B672E39393939393953533E3834F28C
:10568400215090212124227B734D110C4973EA90FF
:105694009025505F6A43274454441D5D266A6A2757
:1056A4002E1D6677595959590859596B6B786F28CB
:1056B400619E9E610E6678787859094747470606C9
:1056C400460504450201183220255D4A201E2C6A35
:1056D4002626255F2928306C0E4C4C0E0C51515156
:1056E40068510E0C17179C1B1B1C18801484A3A450
:1056F400A8A882DEBCB6B6B6B6B6B6B6B68ACFCF62
:10570400CFCFCFCECFCFD0CAE2DFB3BCBEBEBEBEFA
:10571400BEBEAFAFAFADAECACFD0D1D0CFC8EF7F92
:105724001D3A2A2B27272B27276A5F1D480C257231
:1057340072727212722222727272137A7A247BCD7E
:105744007A6327EA6025902550247323606023231D
:1057540023747B72F26DE46D73A96DF27B74607BCC
:10576400F2236761383839773853533E3E382C7BFF
:10577400505090902424237273735B324D73212113
:1057840090905D5F266A2744416A5D5F67266A27B9
:10579400260E780A0A0A09085909096B6B66282C2F
:1057A400288787650B0B0B0B787859094747060642
:1057B400467004030201191820205D5220256A2630
:1057C4006A265D6E546F2E7C0D0C1A9D185C7977D9
:1057D400519E650C1B1B1C1B1C1C5C181614C3DB84
:1057E40093A8A4B5BCB6B6B6B6BCB6B6B657D2CFB7
:1057F400CFCFCACFCAE8D0CFB2DFDEBEBEBEBEBEF8
:10580400BEBEAFAFAFDBCFCFD0D8D1D1D1CFD61EB4
:10581400433D3B2B2B2B2B2B2B27272C2851227240
:10582400727272727272727B72726D137372246D01
:10583400C3EA2CF2252525505D60EA60606023E40C
:10584400237BF2726DD7E473EAEA6DF2746074F24A
:10585400EA602C773D3939383E923E5338636023F1
:105864005025902124242372132583C3732421906B
:105874002525505D1E6A27416A255D5F26266A6AD2
:1058840052653C0A0A09090959090A090A652D5F82
:105894002E77778F77780B87785959595907076985
:1058A4006946700403021A0D102225254A241E2C71
:1058B4006A26676C2B77650D1B1B1B6B199D18489B
:1058C400639E77481C1C1C858585855C0F1513C356
:1058D400CDC7A3DE94B6B6B6B6B6BCB6B6A3D2CF21
:1058E400CFCFCECFCECAD0CFAADFBCBEBEBECCBE39
:1058F400BECCBEAFAAE0CFD0D0D0D0D1D1CFC16F73
:10590400793E34542A2B2B2B2B2B2B29777572722F
:105914001272127212727222727272127373247B76
:105924006DC37A60505050505D606D60606060235C
:10593400747B72F2A9F2F273A9EAEA727B7474F2CC
:10594400EA6C2C3839393853533E533E3E2AEA9098
:10595400502590902423237B6D257F7A2324249043
:1059640025256E5D5F6A271E255D5F5F5F26262104
:10597400666F6F0B0A0A0A090A0A0A0A59775F6EE8
:1059840078690707596F0B0B780A59595959070752
:105994006970707004451A194C1222255D20256A1D
:1059A4002D6A265D6A9E66190C1A1B1B6B199D8550
:1059B4000D3C63536B1C86858585865C315B155E67
:1059C40013CDD9C79FC2B7B6B6B6BCB6B6A4D9CFA5
:1059D400CFCFCACFCAD8D0E689DFB3BCBEBEBEBE65
:1059E400BEBEAFBEB2CFD0D0D8D0D1D0CAD4A30B14
:1059F4003C923934ED2A292B41442A347D5324A97D
:105A04007212721272727222227B7272137A2423BD
:105A14007B8EC37B675F5D505F74F260246060605F
:105A2400747B7BF2A9D7A97A7373736DF27BF26DE1
:105A3400F2506139393E3E533E533E533E907B50C3
:105A4400509021242423727B73C34D7B2260242431
:105A5400256E4E5D1E6A5F255F5F265F265F2352BB
:105A640028280B6F790A0A0A0A0A098F07544E423A
:105A74008F776F8F07590B780A5959595959766995
:105A84006969467005041B195C106D24254A235F5F
:105A9400276A6A262651650C1B1B1B1B6B1A1C9D4F
:105AA400855C793E53951C853131855C31168411B2
:105AB4005E7A7FC37FC6ABB6B6B6BCBCB6DE5ECF7D
:105AC400CFCFCFCFCED0D0CF89DFBEBEBEBEBEBE7D
:105AD400BECCBEB3C8CFD0D8D0D0D0D0CAC19359D1
:105AE40028923D3A3A2A4141442A3B3C757026A902
:105AF40012725E725E1272727272227272132225B6
:105B040074226D7F6E265F5F5D7474602160602314
:105B1400747BF26D6DA97A4D7A73736DF274F273BE
:105B24007467517D3E5353533E533D261173905039
:105B34002525902423726D13C37A7B7423602490EB
:105B440025256E5D676E255D5F1E5F265D224A66B4
:105B54002828286F6F3C77770A0A5976592B57B84B
:105B6400C8DCD0D26D65590A595909595976695317
:105B74005353694605041C0D0D1013722525232467
:105B84006A2C6A6A6729870C1B1B6B1B1B1A1C1C5B
:105B94001C18168D9259863116315C1731325B848C
:105BA4005E5EA9A97FCDD9A6B6BCBCBCBCDE8ACF3B
:105BB400CFCFCECACAD8D8CFAADEBEBEBE98BEBE8C
:105BC400BEBEAFBEC8CED0D0D8D8D1CFC8A39369FB
:105BD4006592533D3A342A292B2A3B343970757225
:105BE40072726D5E6D721272722222727B6D726EAF
:105BF4002222237A7A6A6A675F7423606060606035
:105C04002374726DA9A9C34D737AA96D7B7B737FCD
:105C14009030393E533E3E3E533D4A10137B506C08
:105C240050252424236D6D7F737B72222223242428
:105C340025256E6E25905D505F67265D7B210E667F
:105C44002D28286F6F6F780A0A7D7D7D8F8DB2E1D4
:105C5400CFCFE0E5D6DD8E080808080859767675BA
:105C64005976076946050D175C0F11132425212267
:105C74005D6A262D2627510D0C1B1B6B1B1B1B1A43
:105C84001C9D18808D920A5C5B31311733325B8422
:105C9400AEDB5EA9A97FD9D9A6B6BCDEBCBCA8D2AE
:105CA400CFCACFCECED0D0E689DFBEBE98BEBEBEB0
:105CB400BEBEBEADC9CFD8D8D0D0CAE089AF934656
:105CC4000B92923E3D3A3B2A2A2A34396370462489
:105CD400F2725E725E7272727222227B72726D6EE8
:105CE4009060237B7F74276A5F7B602460246060FC
:105CF4006074726DA97ACD7F7A7A736DF2737F7A4C
:105D0400672C38535353533E53262152EA21506E85
:105D140025902460226D13737B7B7B722260242484
:105D240090259024244E5D5D5D5F6E6D2055262682
:105D34002D2D28280B6F6F770B6F7D0707B8E1D1E6
:105D4400C8AA94B5B594AA3D060606077675787870
:105D54007859070646050D0E490F10737224252045
:105D64004F432D2C6A6A39780D170C1C1B1A1B190A
:105D74001C5C18165B8D920A315B5B32325BAE841D
:105D8400AEDBDBDBDBA97A7FCDC1BCDEDEBCDEC3F0
:105D9400CFD0D0CAD8D0D0E6A0DFBEBEBEAFBEBE84
:105DA400BEADBEA4C9CFD0D1D8D1CFC8A3AFA404AF
:105DB400598F92533D393A542A5435393D46032775
:105DC400A972F212F2127222222222227B726D4FE7
:105DD4005D2424238E7A67275D746060606024608C
:105DE4002374726DD77FCDC3C37F7A73737AC3EA8A
:105DF400672992533E3E3E533D245560F25025257B
:105E0400259024237B7B73F27B227422E422244F8B
:105E1400244F22606E5F5F5D5D4F13205D5D5D26E4
:105E2400302D2828286F0A0A7876690553D4C7A02C
:105E3400DF82B582B5B58282DF887E7687878778F0
:105E44005959076946051D49490F4A1373222420ED
:105E54007B5F2D6A2C262A776F0C1C830C0C0C1C80
:105E64000D9D5C0F163157926317325B5B5E5E5E6D
:105E7400DBDBAEAEAEDBA9A973C3C7DEDEDEDE5A62
:105E8400CFD0D0D0D0D8D0CA93DEBEBEBEBEBEBEA8
:105E9400ADBEAFADC8CFD8D8D0D0CFB8ADAFB304B6
:105EA400690753923E3D3A343B3B34393D460053F7
:105EB4007472F25E727272E422222222227213221D
:105EC4005F259024246D742950F224606060606022
:105ED40022747B6DA9D9CD7FC37F7F7A737FC3F290
:105EE4003034533E53533E532A2167EA21502590C0
:105EF400902460237B6D6D2272222222222222248E
:105F04002474225D5D5F5D5D2473235D505D5526C1
:105F1400302D28280B7777778F070545B88A81DFDE
:105F2400DF82B5B594B5B5B5DFDFDF8F65870B7854
:105F34007859760769461D49493333117A72232407
:105F44007B24272D2D262B6361674817170D0C0C16
:105F54000C0D4C0D5C0F4940927D0F805B115EDB94
:105F6400AEAEDBEBEBAEDBDBDBA9C3C7DFDFDEA46E
:105F7400D2CFD1D0D8D0D8CF89DFBCBEBEADBEADD4
:105F8400BEADBEBEEBCFD8D0D8D0E189ADAFADC4E5
:105F94000507539292383D3A343B343D3D46000365
:105FA40067F272727222244F24E4222222226D723A
:105FB4006A5F25509021F2676E7B4F6060236024F6
:105FC400237472F2A9C9D9C3D9C37F7A7F7FD9F266
:105FD4002C39533E533E5353E36C606D6C259090C3
:105FE400246023227B137B747B72727B7422747B08
:105FF400F27B6E5F2521257473235D5D555D552607
:106004002D2D28286F0A777D7646047EEBDF81DE0E
:10601400DEB5BCB6B6B6B694B58181C478780B0B40
:106024000A59590769461D0E5233524A13732223E3
:10603400237B1E272C266A39776C27481D171D0CD5
:106044000D0C0C0C0C0E0E44839D171C1C3111DB23
:10605400AEAEAEEBEBAEAEDBDBDB5ED960EC81DF8C
:1060640083D1CAD1D8D1D8CAC7DFDEBEBEBEBEBEB8
:10607400BEBEADBEAAE0D0D1D0CADD93AF9AAD8882
:1060840004690769923E3D393A343A3D3869000063
:10609400757474722290256E2524244F242272F282
:1060A4006A6A5D505D5D2160607490602360606029
:1060B40023747BF27AD3D9C3D9C3C37F4D7FC3F290
:1060C4002C3853533E533E386E506D605025902407
:1060D40024237B726D6D7422227B726D6D6D6D73E2
:1060E4006D6E6E2460246D73216C5D5D5D67262D7D
:1060F4002D2D286F0A77777D07050089B9BDDEB697
:1061040094B694C2C2C2C2B6B6DFBDEC7678780B40
:10611400780A597607071E26495D494A137A72227E
:10612400237B4F272D2C263B7D67672E790C0C4350
:1061340043447979480C1D0E491B951B1B1B0F5EAC
:10614400AEAEAEEBEBEBEBAEAEAEAE72D9EFECBDFA
:10615400EC51C9D1CAD0D1D1D4DFDEB3B3B3BEB30D
:10616400ADBEADBEA3C9CFD8D1CAD5A4AFADBEA470
:10617400040407467E533E3D393A3A383D690000EF
:10618400696E246E6E5D5F5D5F254F259024227BD2
:106194006A2B5F5D5F5F6760F26024606023236049
:1061A40023747B727AD2CDC3D9D9C37A7A7A7F7BAE
:1061B4002E3E3E53533E53349060F2502590242497
:1061C40060237B6D6D7B222222726DA973737AA981
:1061D4002590232323737360256C505D67262C2C34
:1061E4002D28286F6F3C778F050288C70271DEB7B0
:1061F400B7C2C2B7B7B7B7C2C2B5EC000778780B5D
:106204000B787D5976691F1D5D5D3325234D737BA6
:10621400237B726A272C262B7D2F50272929834420
:1062240044447979442D264A830A1B1B1C1B1732CC
:10623400A9AEAEEBEBEBAEEBEBEBEB1F22D9898116
:10624400EC45C42BEAD2CFD1D189DFDEDEB3B3A4CF
:10625400B3A4BEADA4A9CFD1D8CAC8A3AFADA4A4DA
:10626400C4010507C47E923E3D3A393D38530100CE
:10627400032E255F5F5F5F5F5F5F256E2525242307
:106284005F446A5F676767507B609024606060600A
:10629400227472F27FD2D9C3D9C37F7A7A737360BE
:1062A4002E5353533E3E532B21EA21502590242450
:1062B400237B6D6D6D23232274726D13737A7323A4
:1062C4007B7B22F27A73232550255D676A2D2C2D62
:1062D4002D280B29515163690500C1D971BDB5B78A
:1062E400C2B7B7BABABABAB7B7B5710007787828DF
:1062F4008778787D7669123326524E3320734D6D3C
:1063040022228E5A272D6A276361502C296829443A
:1063140043442727274355110C1B1B95958D1B4977
:1063240072DBAEE4EBEBEBEBEBEB5A4E5A127AA8D2
:10633400BDC4C445454690C9CAC781DEDEDEDEB3AE
:10634400A4B3A4ADBE8AE0D8D1CFC7A4AFADB3A4E3
:10635400DFEC010469077E92533D3D38383E03006B
:1063640001385F6E5D5F5F67675F5F5D50509024CB
:106374005F412767266A2667607490246024606002
:1063840023227B72D9D3C3C3D9C34D7A73737321C8
:10639400683E3E533E533E5FEA7B252590212423ED
:1063A40022F26D137B23E4237B6D73737A7AA973D2
:1063B4006D7B73C3EA239025255067262C2C2D2D45
:1063C4002828285151517607057ED4C8B5DFB6B7C1
:1063D400B7BABABABABABABAC29481467778872F2A
:1063E4002F87787D536914134E5D524E52127F7A73
:1063F40072227B7B6A2D2C263477556A2E2A5144CF
:106404004344431D265F264B171B999599991B0CF2
:106414001FE4E4EB5AEBEBEB5AB8B84E1E4E7BD7B5
:106424008845C4C4C47100042ED193DFDFDEDEDEF0
:10643400B3A4A4A4A4A4C9CFD1CFB2ADAFADA4A436
:10644400DF8101000046788F3E3E383D38387000C9
:10645400017029505F67676A266A5F5F5D5D50253A
:106464005DED2B6A6A6A26676C7B90902424246015
:1064740023747B72D9D3C3C3C37F7F7A7373EA6CEB
:1064840034533E38533838607390502525242323E1
:106494007B6D6D6D2222227B6D137A4D7A7A4D735A
:1064A4006D7FC36D23902525505D672626262C2DF0
:1064B4002D272A51517D7D070642E6B8DF82B7BAFF
:1064C400BABABAF5F7F7F7F5BAB0B53A7887652EE0
:1064D400658778765369104D5E5D522525234D4DB1
:1064E4006D22226D6E276A67417D676727612A5195
:1064F400295727436A265D11311B999999991B8D58
:1065040044EB4F5A5A5A5A5A5A5A1E421E1E5D6D2D
:10651400D77E467E46EC0000002FC8DFDEDEDEDEDE
:10652400B3BEBEBEA4A48AD1D8CAB2ADAFAD3F7EBD
:1065340081EC01010100057659633E63383D460054
:10654400710238675F676A6A67675F675F675F6E74
:106554005D2A2A6A6A6A6A6767247B11122490603A
:1065640060227472D9D37F4D7F7F4D7A7A7AEA5D47
:10657400395353533E53ED732350259090242322D3
:106584006D6D73727B7B726D734D4D7FC37F73131F
:10659400C37F7B2390259025505D672667262D2C8D
:1065A4002729292A7777767676C7CAA582B6B7B718
:1065B400BAF5F7F7C6F7C5F1F1B1963A872F2F2D43
:1065C4002F617538535320114D1F5D526E4A137F4E
:1065D4007372237B74272C2627632E502E29686818
:1065E4005144442B27432514171B1B9599958D8DD6
:1065F4003E514FEB5A5A5A5AB84EB84243421D259F
:106604006DDB3E7E69C40001000021A3DFDFDEDE16
:10661400B3BEBEBEAFBEA4EBE0CAB29AA6A4C40485
:106624000202010101000271455363383D385301F0
:10663400000146275F5F5F5F5F67676A6A675D5057
:106644005F2B2A276A6A266A6A507B49101322251F
:1066540024607472D9D34D7A4D7F4D7A737A6D2646
:1066640037533E3E3E925F73256C6C252160237B3D
:106674006D1373126D6D13734D7F7FD97F7A7FC352
:106684007A7B2324252525505D5F5D6767263027A7
:106694002A2951613C7777593AD5E594DEB6B7BAE1
:1066A400BAF5F7F7F7F7F7F7F1F1A63B6630662F7F
:1066B400517538385369202011134E5D2525207AF1
:1066C4007A7222206D4E2726673C9E50272929681E
:1066D40051512B2B43272014311B1B9595951B8D52
:1066E4003E92515A4F5AEF5A6E4E1E1E42271E5D5D
:1066F400257B223D927E710001000107DFDEDEDE94
:10670400DEBEBEADBEAFAFA44EC9B8A3A47E457174
:106714000101010000010205C4696338637D7671DB
:106724000000709E675F675F266A266A675F505D38
:1067340067272A2767676A6A6A5F232126204D7BB9
:1067440025242274C9CD7A7A7A4D7A7A7A7F7B2C81
:10675400383E5353533A1311101020202460226DF5
:1067640013736D6D13734D7F4D7FCDC34DC3C36DD7
:106774007B232424252550505D5D676755262E54C0
:1067840029292A516F77777940D4E5B6BCB6B7BAD0
:10679400C5F7F5F7F7F7F7F7F1F1A6412C2F517D7F
:1067A4003E535369696921202013221E5D25257BF0
:1067B4007A6D224F7B226A6A264477676729292AE1
:1067C4005151291E1E27221449178C1B8C951B8D91
:1067D4003E9292344FEB4F5A5A4E1E6A43426A1EFF
:1067E4005D5024243D7EC471014500B492DEDEDE9A
:1067F400DEB3BEBEBEADAFAD92C405054571450165
:1068040001010101010101466953633939397D7080
:10681400007171692C2667676A676A67675F5F67DB
:10682400676A4127676A6A6A6A6750742525247F04
:10683400229060E4D9CD7A7A7A7A7A7A4DC3232D7C
:10684400383E3E533E6D14185C18168014127B6D4E
:10685400736D6D737A7F7F7FD9CDD9C3C37A8E224E
:1068640022232490255050505D6767266A295129B8
:10687400292961616F6F2854B8E1E5B6B6B7BAC586
:10688400C5F7F7F7F7F7F7F7F7F1B0416F63533E42
:10689400383E3839F62E20202023135A5D25252032
:1068A40073732324247B4E2C6727632F5F2729616E
:1068B4006851515D6E26115E1717868C9C1B1B5701
:1068C40056539292774FE44F5A5F1E1E6A1E6A6AAD
:1068D4006A2626246E92C4C405C4050270A8DEDEAE
:1068E400DEBCBEBEADBEBEA07E03710201010101CD
:1068F4000101010201014569633E3D77397734693D
:1069040000024570612C6A675F5F5F67675F676756
:10691400505F2A2767676A6A6A6A6723606E5060F5
:10692400732560E4D9C313A9137A7A7A7AC3232E20
:106934003E533E922214851C1C1C85169BA14D13AC
:106944006D1213734D7F4DC3D3CDCDC3737B222200
:1069540023242190252550505D67672D51515151B5
:106964006F612E282E2D2741B8E9DAB0C2B0BAC51E
:10697400F5F5F7F7F7F7F7F7F1B1ACA0533E3D396A
:10698400342E2C672C612020212012745D252525AE
:1069940022737424217B746A266A3C61502C292A50
:1069A4002A51342E255F221133175C869C1B9C448C
:1069B400413D929292511FE4906E5F1E6A1E6A439B
:1069C40027276A67602B7E7E699246C4020582DEB1
:1069D400DEDEB3BEADBEA4C4450101010101010167
:1069E40001017103C4C4709256405654513451533A
:1069F40001714503762C6A67675F6A6A6A676A672A
:106A040050502A275F672C2727272C6C745F5F5F01
:106A1400F27B9024D97FF26DA91373734DC323289D
:106A24003E3892254D851C1C1B1C18855C80A17367
:106A34007B6D734D4D4DD9D3CDCD4D6D7B7B2223D5
:106A4400242124255050505D5D672D2A5151515108
:106A5400515161282F1D4257B2E1D0ACC2BFCBC502
:106A6400F5F7F7F7F7F7F7F7C5B09F5677542755BB
:106A7400524A6C7C662F202421201113255D5D254C
:106A8400217B726024246D6E6A674177506A2E6898
:106A940051515134296A20113217315C1B9C8D3BB2
:106AA40041413E929292294F4F6E4E5F1E6A6A2771
:106AB4002727276A2660ED7E5353927EC445EC82D5
:106AC400DEDEB5B3B3A37E01010101010145ECC4CF
:106AD400914503C488A092923F8940402B51687D20
:106AE400047145457061272C67676A676A6A675F46
:106AF4005F9027345F2C2E29292E2767236E6A671F
:106B040025EA244F7F7F72726D13A9737AD92329E2
:106B140038925FC39B1C1B1B1B85855C865C14140D
:106B24007B737A7A7AD9D3CDC3736D122222236010
:106B340024259025256C5050262E296F286F7777B1
:106B4400516F28282D6A4257C7E1D0C6B0ABBAC5E9
:106B5400F5F5F7F7F7F7F5F5F1B097407C4A4A4CAD
:106B64000E4C6666650B222020212012225D5D5D9D
:106B740025236D7B24217B746A266A77675F2E291F
:106B8400686851513429234B3233315C1783573BA6
:106B94003A41413E929253285A6E6E5F676A2727A4
:106BA4002B4427276A2560353E388F53537E04ECE7
:106BB400B5DEDEA4B3A845010101010101037E880D
:106BC4008888C4923F40893F3F4089AA5742285150
:106BD40053709170C4752F2D67676A676A6A676717
:106BE4005090673D2C5F292A2A29272C90236A6A12
:106BF4005F2374907F7A7B74726D12137AD9232980
:106C0400531EC313161C1C1B1C85855C5C5C801204
:106C14006D731373CDD3CD4D7312127B7B2222245B
:106C24009025256C9025506A2828296F6F282F6F8E
:106C34007861872E2C1E42B8D5E1CFE2B0B1B1C540
:106C4400F5F5F7F7F7F5F7F5B1C2943B65652F65F0
:106C54002F65650B78772020202020227B6E5D5DD8
:106C640025257B72244F247B90265F3C2F502729B7
:106C7400295168515151227233493331491D1E4102
:106C84003A3A3BED53929253274E5F5F5F6A6A270D
:106C9400272B27276A6750902A38388F53077E049A
:106CA400BDDEDEDEA4A8EC010101010291C4883F2F
:106CB400A040563F56899789A09389AAAAAA5757F4
:106CC40040563E3F3F563B57424E4E1E1E5F9090ED
:106CD4006E9050396330619E5168292C67746E6AD6
:106CE4005F507B4F7F737B237B72F21373CD233C06
:106CF4005FD973148B1C1B1B1B1C9D1C5C315B110B
:106D0400136D73CDCDC34D6D126D12727B22232191
:106D140090259090905D2D2E6F516F6F7869077656
:106D2400078F5487301E57B2C9D8CFD4B1CBB1BA6C
:106D3400F5F5F7F7F5F5F5C5B094A5542F652D2DA8
:106D440065650B7878782220202420237B245F5DDE
:106D54005025237B2425217B225F5D2A615027292E
:106D640068685151519E8E724E493333494E3357A0
:106D74003D3A3A3B3592929253275F5F5D266A6AA9
:106D840027274427276A265D6E2A633D383E6976A5
:106D940005BDDFDEA4DF71000101C4BD92883FA000
:106DA400A0408940A0409A9A89A3A3A38989AAAA4A
:106DB4008940A0A03FA040898AAAB27AC9E5D8D860
:106DC400DCDCDCDDC87F742C345129276790746ABD
:106DD4006A6760607A732260227B126D7ACD2374B5
:106DE400CD4D7B14161C1C1B1B1C1C855C1616111C
:106DF4007B73CDCD7F137B7B6D7B727B7B222421C8
:106E040021212190672D2729296F7777690001BDFA
:106E14003FA0A3AA422741C7DDE1CFCEF1BAB1C555
:106E2400F5F5F5F7F7C5C5B1C2949721872D2D2D3A
:106E340065280B787777232020202420227B255D6A
:106E440025252523222490217B6E26277755672923
:106E540029685151346113224E5D3333331E254268
:106E64003D3A3A393B3D53927E386A5D255F676A05
:106E7400272B2E2B2727276A50502A396338536C27
:106E84006302049281EC010171037E3FA893A0A0E8
:106E9400A09389A389A3979A9AA3A3A389AAA38950
:106EA400A3A340939389A3AAAAEBE5CFE6CFCFCFC0
:106EB400CFCFCFCFCFCFCFD0C94F2B4326552390A1
:106EC4002B672574EA6D236022747B6D7AD9D9CD42
:106ED4004D6D6D149B851C1C1C1A1C8518163120C5
:106EE40073CDC3737B7B126D126D727B7B23232462
:106EF40060606C6A2D272828286F6F78700288825A
:106F0400938293969A8989C8C9D6CFCFD4B1CBC579
:106F1400BAF5F5F7F5F5F1B1C2B5C18E7865870B11
:106F24006F7878775978202024242421207B226EBE
:106F340025255021749025252322266A3A2F5F2E79
:106F440029685168348773251E1E1E5D1E261E4245
:106F54003D3D393A343B3E927E53346A5F5D1E6A4E
:106F64002727442727272E272C5050295163612592
:106F74005169050502014503047E92A0939389405B
:106F840093899A979A9A9A9AA3A3A3A3A3A3A3A330
:106F9400A3A3A3A3A3A3AA9AC7DACFCFCFCFCFCF5C
:106FA400CFCFCFCFCFE0C8B2C1C1C1B2B24E257BE3
:106FB4006A275D7B747B232423237B7B7ACDCD4D91
:106FC400EA6D6D149B165C1C1C1C9D1818310F1364
:106FD400D94D6D23227B6D126D12127B7B7B232393
:106FE400235D272C2D27286F77777777B4C4969461
:106FF4009393A0A0A4AD9AB2C1E9CACFCFE2B1C520
:10700400C5F5F5F5C5F5C5B09497DD8E3D63767687
:10701400767D5369464622202421252420227B4F55
:107024005D2525252323256E6C746E673B9E5027B2
:10703400292A51513630734E6A27442727271E2B9D
:107044005639393A343435537E5363396A6A6A2778
:107054002727272E44292727272650502751905089
:10706400876369020103707E3E3FA0A0A09393A3AF
:10707400A3A39A9A9AA3ADA3A3A3A3A3A3A3A3A3ED
:10708400A3A3A4A3A3ADA3B2E0CFCFCFCFCFCFCF41
:10709400CFCFCFD0C889ADAFAFA6A6C1C1C1C1B251
:1070A400B2B8262374602324E423236DCDD94D7311
:1070B400136D134D15808B181C1C181831185B4D5B
:1070C4004D6D1373136D12126D6D6D6D6D7B7B6061
:1070D40067272C2C2C2D2D28876F0B78028897A5D9
:1070E4009794A5A58293A5AD9FD4CAD0CFCAE2BA7E
:1070F400C5C5F5F5C5C5B1B094D5E05AA0A0889230
:10710400887E888888012222242525212424227B24
:1071140025252550602290505D2123672B77672C0D
:10712400292951516F521510105B4B324E1E4241AA
:107134003D3939393434ED3D7E533D383A6A6A6A13
:1071440027272E272B2E2B2E272C6A505D677B6733
:10715400287876690570923F409389404093939ACA
:10716400979A9A9AADADA3A3A3A5A3A5A3ADA39AF9
:10717400ADADADADADAD89E5CFCFCFCFCFCFCFCF17
:10718400CFCFE5AA82B3BEAFA7A6A6A6A6A6C1C1C5
:10719400C1A6B821F29023246024F2D9D94D7A7380
:1071A4007373134D15161616855C16851831118EDA
:1071B4007B8E137A4D7F7F7A13136D6D7B7B256AEB
:1071C4002D2C2C26262626302D65654645A5979719
:1071D4009797A5949694A596BCE2CAD0CACFD1E25B
:1071E400C5BAC5BABAC5B0C2C1D2D35793A03F88F5
:1071F4008888888282712220242525252524207BC5
:10720400226E256E252360505D50219027632F67E1
:10721400292951280F5C9D199D1815141414125A0C
:10722400543D3D393934543B9253393D3E516A6A99
:107234006A2727272E44442E2B27272C6774606740
:107244005DE4286F69925689898989A3A3A3A39AC7
:10725400ADADADADA3A3A3A5A5A3B3A5ADA5ADAD9C
:10726400ADADADB3ADB3C7CFCFCFCFCFCFCFCFCFF2
:10727400CFDD9382A4A4A4ADA7ACACA6A6A6A6A673
:10728400C1B2C15A6D90602323EAD9C34D7A7A7A88
:107294007A73734D115B31165C1C5C5C315B122399
:1072A400237B7B8E8E734DC3C34D6D7B245D2C2D50
:1072B400272C675D5D6C555566657602BD9697977C
:1072C40094A594A59496969696ACE1CAD0CACFCAD2
:1072D400E5E2E2D4D4E9E2C8D2D1C3A0A088888888
:1072E4007E888882917022242525254E255D2123C0
:1072F4007B255D5D6C6022905D5F50605F349E5FB6
:107304002E68280F0D1B6B6B0A6B19181010154D86
:107314004D5E1E54393951293E9239383D382A1E62
:107324006A6A272727442E272E272727268E906729
:10733400217F7F7A273D8989A3A3A3A3979AADAD23
:107344009AADA3A5ADA5ADADADADADADB3ADADAD90
:107354009A98969898A3E5CFCFCFCFCFCFCFCFCF62
:10736400E089B3CCCCB69F9F9AACCBCBACACA7A6F0
:10737400A6C1C1C7A9744F747AD9C37F7F4D7F4D0D
:107384007A7FC34D12101031315C5C3332111223F9
:1073940023237B7B7B7B8E734DC37F222727272769
:1073A40026509021906C5D66287805018894979703
:1073B4009797A59794969498C2B3C1CFCFCAD0CFCC
:1073C400CFE6E6E1D5CACAD1E0D224A8883F8888AE
:1073D400888888887007242525254E5D4E5D2524E0
:1073E40023245F5D5D2123605067676C9044753092
:1073F40027680E17486B0A9909096B199D0F3215F6
:107404001214137AAE6A3429ED92383D383D382788
:10741400676A6A27272E4429442E2929677B502628
:107424002D2874D3C84089899A9A9A9AADADADAD86
:10743400A3A3ADADADADADADADADADADADAD9898B6
:107444009898989898B2CACFCFCFCFCFCFCFCFCF7D
:10745400B2B3CCBBCBC5CBC5ACA7ACC5CBACACA78E
:10746400A6C1C1C1C6A9237FC9C37F7F7F7F7F4DCA
:10747400D9CDD9C3134B32101010323220227B7B6A
:107484007B7B7B227B7B7B8E8E13734D6D2C2D6AD5
:107494006023232121556628778F05008894A594BD
:1074A400949694949494C29496CC94C1D5CACFCF14
:1074B400CFCFCAE2B1D5D1D1D2733F8888887E7E3E
:1074C4008888829105761F4E5D4E5D5D5D5D252544
:1074D4002524255F5D502123905F2C26905F382E54
:1074E400272E0F0C1B0A996B096B1AC09D9D16154C
:1074F40011111211127A726A273D382A393E3E3828
:107504002B6A2C272E2B29292929295190602524DF
:1075140050218ED9E0EFA39A9A9A9AADADADA3A368
:10752400ADAD9AAD9AAD9AADAD98ADBEAD98989803
:107534009898989898D5CFCFCFCFCFCFCFCFCFD95A
:10754400A4CCBBBA82B5F5C5F1ACACC5CBCBCBA64C
:10755400ACA6F1C1C6C6C8CDC37F7F7F7F7FC3C938
:10756400CDC34DC31320202211204A524A20227B2E
:107574008E8E7B7B7B237B7B7B7B128E736D60EAA1
:107584006D2324216C2C293C8F53040088949497F8
:1075940094A5A5949494C2C2C29FA294C2C1E2E2EB
:1075A400D5E2C6B1B1B0C1C7B8A088888888BD8803
:1075B400888803050707234F5F5F5F1E5F5F5D5089
:1075C4002525246E5F5D9021215D6A2C30903B77E8
:1075D4002C2E101C1B0A990A996B1A9D5C181615FF
:1075E4001514112020117B22215D2C2626272A3DEB
:1075F4006327272E29292A2A5151516123507BD9E7
:10760400DDC9D9C9D1C7A39A9A9AADA5A3AD9AAD3C
:107614009A9AAD9A98ADAF9898AD9898989898988A
:10762400989898989AE5CFCFCFCFCFCFCFCFDAA382
:10763400BEAD988801017EBAF1B1ACC5C5C5ACF147
:10764400F1CBF1F1C6C6C6C8C3C37FC37FC3D3CDD4
:10765400C37373CD7A72221122224B242525726DB5
:10766400736D7B7B7B7B7B22232023237B116D1318
:107674007B232321215F543A3E92450081829394D7
:10768400949494949494C294A2C29F9F9FC2C2B0B3
:10769400B0B1B1C5B1B0949482A888887EBD888801
:1076A4008291700707762523251E265F261E5F5DBF
:1076B4005D4E25255F5F555090502C2E27555F3821
:1076C4002C290F5C1B1B0A1B481B1C9D5C181615E0
:1076D4001515115B201020202024256C5D55505079
:1076E400266726272A34513C7777632D212D286C71
:1076F400CDD2DDD2CAC7939AA3ADA3ADADA39AAD43
:107704009AADAFADAF98AF98AF98AF98AF9898983F
:107714009898B69889D0CFCFCFCFCFCFCFCFC7BE91
:107724009893BCBD01000082C5F1CBC5C5C5CBF1A2
:10773400CBF1F1F1F1F1F1C6C3D9C37FD9D3CDC3F4
:107744004D737FD3C36D72227B7220252520237352
:107754007F73136D8E7B7B2323232021214A2011E9
:1077640011232323215D54563F8845008894949423
:1077740094A594A594C294C2C2A2B09F9F9FB0B096
:10778400B0B1B1B1B09F9794938888888888888273
:10779400887046077676262424251E261E26265F14
:1077A4005F675F255D6767675D556A2E2E2F502BD7
:1077B400612E2F31170C1B481B0C0D5C5C10161529
:1077C400151515101010324A104A20202125555540
:1077D400556F2F5530287763385376557450607F32
:1077E400DDD2D2E0CAE2A8A3A3A4A4A3AD9A9A9A34
:1077F400AFAF9898989F9F9898989898989FCC988E
:10780400CCB6CCBCB8CFCFCFCFCFCFCFCFE0A3CCEB
:1078140098A4BBC29101BDABC5B1CBC5C5C5C5CB91
:10782400C5C5C5C5F1F1F1C6C67F7FD9D2CD7F4D9F
:107834007A73C9CDC3A9127212127B24241F247334
:10784400C37F4D736D7B7B227B23214A4A7C1011BD
:107854001411204A2125433A3D8F7E00EC82B5A5C0
:107864009494B594949494C2B0C29F9FC29FC2C290
:10787400B0B0B0B0B0C294A5A0A88888888882921D
:1078840046060707768F275060255F6A6A26266AB0
:107894002626675D5D5F6A2C262C2C2E29612F50CD
:1078A4002E2851650D170C0D174917490F32105B1F
:1078B400105B103210100F1010100E6577694669B6
:1078C400050405693E4144777D530787EAC9DDD243
:1078D400DCD1D8D8D0E13FA8A4A4A4ADAD9AAFAF71
:1078E40098989FAF989898989FA2A2CC98A2CCA25F
:1078F400C2CCC2B57ACFCFCFCFCFCFCFCFC8B3CC46
:10790400BB96A7C5F5BAC5C5F1CBC5C5C5C5C5C523
:10791400C5C5C5F1C5F1F1F1C6C6D9D3CDC34D7AFC
:1079240073C3D3CD7FA9A96DA913124B24241FA916
:107934007F7F7F7F736D7B2323204A4A0F4A0F107A
:10794400151515104A216A3B3F3FA8EC0181949418
:1079540094A59494949494C2C2B0B09F9F9FC2C2C1
:10796400C2B0B0B0B09797A03E929288883F534679
:10797400690776767D7D282D24255F1E266A266A72
:107984002667265F5D55262C2D2F2F2E519E6F2C9A
:107994005527513977480C17491749494949334AFA
:1079A400324A3210104A104A0A0705040404047EBD
:1079B4003F883F93A5A5A3404AC3D97FC9D2D1D15B
:1079C400D0CACAD0D0CFB88193A4A4ADAD9FAF988C
:1079D400989898989F9F98A2A29898A2A2ABA2BBAD
:1079E400BBB6B793DCCFCFCFCFCFCFCFCA8ACCCC67
:1079F400BBCCABACB1F5F5B1ACC5C5C5C5C5C5C54A
:107A0400C5C5C5F5C5C5F1C6C6C1C8D97F4D7A7A05
:107A14007ACDD3D3C3A9137A135E122224722225FA
:107A24004F236D7A7F736D7B23214A4A4A101015C8
:107A34009B9B151052262B56A0A0A87E009182B5C0
:107A4400949494949494C294C2C29F97B0C2C2C2B4
:107A54009FB0B09F97949437533853536953690731
:107A6400077676777787292950245D67675D5F6796
:107A74002626262630262C2C2F2D2E28617777615A
:107A84002C672A773955435479790C1D831D1D4978
:107A9400494A4A2011490A46024545057EA8A09351
:107AA400A59796969696A5A5A03B7ACAD0E0D8D07D
:107AB400CACECFCFD0CFE93FA8A4B3B398AD9896A0
:107AC400BE989898CC98A7A2A7A2A298CCA2BBBB18
:107AD400BBBBB68ACFCFCFCFCFCFCFCFE5ADBBCC5B
:107AE400BBBFCBCBACC5C5CBCBC5C5F5C5C5F5C5F3
:107AF400C5F5F5F5F7F1F1ACF1C1A94D737A7F4DF8
:107B04007FCDCDCDC37A735E137313727213244485
:107B14004141276E6D7F736D234A4A0F4A10141535
:107B2400159B8B189D0D0C8DA0A0A03FEC00ECB50F
:107B34009494949494949494C29494A596C2B0C248
:107B4400C2B0C2C29494563E53535353076953531D
:107B5400767D7777282D2A512E256E256C5D5D67FD
:107B640026262C2C30302F2828282F2F282E7777C4
:107B7400782C27397D50901D4444440C43430C1DFC
:107B84001D492022280502010204C4A8B596969630
:107B940096A3A5A397A59696A5DF816ECAE6D0D035
:107BA400CFCFCACFCFCACFC78193B3B3B3B3BCB31C
:107BB400B3B698989FA298A2A7A2A7A2A2A2A2BB7A
:107BC400BBB7B6C7CFCFCFCFCFCFCFCFC8BEBFBF46
:107BD400CCBFCBCBCBCBCBCBC5C5C5F5C5C5C5C5FC
:107BE400F5F5F5F1ACA7ACF1C1C6C6736D737F7F33
:107BF400D9CDCDCD4DA9A922727A7A4D7A7225427A
:107C0400412A3B2A276073EA215D0E527C11151527
:107C140016168BF4C0C0C09D1BA0A882A87EC4BD4C
:107C24008894949494949494949493A0A596B0B0C6
:107C3400C2C2C294C2943E538F8F53535376768FED
:107C44007D776F2F650B2B3451672125505D672697
:107C5400262D2C302887658787872F2F2F2F2F518C
:107C64007D512F777630506A2727444444440C438F
:107C74002D491D6902020245C488A494B396B3A594
:107C8400A59696979A97ADB3A5B5DF8123CFD0E893
:107C9400CFCACFCFCFCFCFCFEB81A4B3BCBCB3BCC3
:107CA400BCBCBCCC98CCA2A2A7ACABA2A7ABABBFCC
:107CB400BFB6A8E5CFCFCFCFCFCFCFCEC6CCBBBF3B
:107CC400BFBFBFCBCBCBCBC5C5C5F5C5C5C5C5F5FA
:107CD400F5F5F1F1F1F1F1F1F1F1C1DB73737AC36F
:107CE400D9C3CDCD7F736DAEA97A4D13721F2221F6
:107CF4005F27412A2A2B6E7B9026260E101016161B
:107D04008B8B18C01A6B6B1A9D1BA8A8A893823F73
:107D1400683E82B59494949694403FA882A5B0B0EE
:107D2400C2969494943F53383E53075307768F7703
:107D340051292F656F6F272A612C6C6C505567266B
:107D44002C2D2F2F2F7878787887872F2F2F2F8718
:107D54007776785153285D2C2929296F6F28282894
:107D64001D4870000245457E93A5A5A5A5A5969638
:107D740096A5969F98989A9F94DEDEDF3FE0CFCA3F
:107D8400CFCFCFCFCFCFCFCFE1AA81A8A4B3BCBCF4
:107D9400BCBE98B6CCA2A2A7ABABACABABABBFBFDF
:107DA400BF8243CFCFCFCFCFCFCFCFCFC6CCBBBFF8
:107DB400CBCBCBCBCBC5C5C5C5C5C5C5C5C5F5F5F1
:107DC400F5F7F7F7F5F5F5F5C5F1C1DB737A7AC385
:107DD4007F7FD9D97F7AA972A9135E221F1F22201F
:107DE40020215F272B27276750266A491010158BFF
:107DF4009B8B851A956B586B6B9D40A0A88282570C
:107E040073D9213DB582A5A5A03A3D888282B0B13F
:107E1400C2A594A5C2A0535353535353768F77618D
:107E24002F2D656F6F6F272C2E2E26506C5D5555A8
:107E3400262F2C6161787D9E782F2E2F552C2E2F86
:107E440061757677537730296F6F34513C516F6F7A
:107E540079C40001020288A5A5A5A594A5A5A5B38A
:107E640096B396989F9FAF9FB6BCBCDEDFC9CFCABE
:107E7400CFCFCFCFCFCFCFCFCFE6D74088A8A8A83A
:107E8400DFDFDF82B5A4A4B3ADA7A2ABBFCBBFBF76
:107E9400BFDFAECFCFCFCFCFCFCFCFCFC6BBBFBB50
:107EA400BFCBCBC5C5CBC5C5C5F5F5C5C5F5F5F582
:107EB400F5F7F5F5F7F5F7C5F1F1A6DB7A7F7FC3A2
:107EC4007F7FC37F7F4D725E5E72227222222060AA
:107ED400232323215D6A2C6A6A6A265D2015159B7B
:107EE4009BF41C1A951A9509091A1B9382A882A05F
:107EF400D9C9734493A09393A03F5688A882CBB06A
:107F040094828282C2B05369530769537677612D94
:107F14002D28286F6F6F2C2C2D2F2C556C505567E6
:107F2400552D2F2F619E696953767D9E67302C2CC9
:107F34002F61766976762E51777777777777786FB2
:107F4400460001014588A5A5A5A5A5A59696A5A5C4
:107F5400B396B396969FA298B6BCDEDE818ECFCE42
:107F6400CFCFCFCFCFCFCFCFCFCFCFCED5EBAA5799
:107F74004142AA5756405740A8A4A2ABBFCBBFCB9F
:107F8400BFDFF2CFCFCFCFCFCFCFCFCFE2BBBFBBFF
:107F9400BBCBCBCBC5C5C5C5F5C5F5F5F5F5F5F535
:107FA400F7F7F7F5F5F5F5C5C5F1A67B737FC37F44
:107FB4007A7F4D13A9A9E4E472722272226023230A
:107FC4002323237423501E6A6A6A6A5D2014159B56
:107FD4009BF41A951B955895996B1BA3A48293A89F
:107FE400D7C37340829393A440A83B568894BA9411
:107FF40082A0A0A094B056696969537677612F2D49
:1080040028286F6F6F772D2C2C2E2F3055555255F5
:1080140055552E2E9E040101000000B470047069B1
:108024006969B9766953687538768F7D77598F6930
:108034000001010388A5A5A5A5A59496B396BC94B3
:10804400B3B5BC98B6CCC2B6BCBCB5DEDF50CFCF9E
:10805400CFCFCFCFCFCFCFCFCFCFCFCFCFCFCFCF2C
:10806400CFCFCFCFCFCFCFCFE5C1B3BFBFCBBFCB68
:10807400BFDFD7CFCFCFCFCFCFCFCFCFE1BBBBBF2A
:10808400BBCBCBCBC5C5C5C5C5F5F5C5F5F5F5F574
:10809400F5F5F5F5F5F5F5F5F1F1A67B737F7F7A46
:1080A4007A4D73F2F2221F1F2222221F6E227B229C
:1080B400222222246C6A29512A276A1E241215803E
:1080C4009B8B1B9599099599996B8D89A5A3B5826D
:1080D400B8D9C340A4939382A0A8A01E40B0B09482
:1080E400B83637A094C294695369767D6F282D2DD4
:1080F4002D2D28286F6F2E2F2C2D2E2C5567676C55
:108104006C2F537002000101010102010001000003
:1081140000007076757562365353767659777645D6
:1081240000019182A5A5B5A5A5A5A5B394B3B3B542
:10813400BCBCBCBCB6C2BCBCBEBCBEBCDF44CACFAB
:10814400CFCFCFCFCFCFCFCFCFCFCFCFCFCFCFCF3B
:10815400CFCFCFCFCFCFCFCFCFE197A2BFBFCBBFB2
:10816400BFDFAECFCFCFCFCFCFCFCFCFCEA6CCBB7D
:10817400BFBFCBC5C5F1C5F5F5F5F5F5F5F5F5F5D5
:10818400F5F5F5F5F5F5F5C5F1ACB813737F7F7327
:108194007A736D7222241F24221F4F5F5A127B7B35
:1081A4007423902C516338383E39276A275D321086
:1081B4009B8B8C9595959995956B8DAAAA9AA5A557
:1081C400AA7FC974A0A888A8A4A8A842EBF1C2C732
:1081D40055373756A094C237697676694653766325
:1081E40063773C773C0A2F272F2F2F2F306C2F7863
:1081F40076020000000101010100000201010101F9
:1082040001010000699E689E3853535376597E00DD
:10821400014582A5A5A5A5A5A5B396A5B3B5BCBCE6
:10822400BCBCB6B6B6BEBEBE96989898DE3FD2CF5A
:10823400CFCFCFCFCFCFCFCFCFCFCFCFCFCFCFCF4A
:10824400CFCFCFCFCFCFCFCFCFCFC6A2CBBFCBCB8C
:10825400BFDEEBCFCFCFCFCFCFCFCFCFCFC1CCBB34
:10826400BFBFCBCBC5C5C5C5F5C5F5F5F5F5F5F56A
:10827400F5F5F5F5F5F5F7C5F1AC747A7FD97AEA39
:1082840073EA72F2E4E4242424255F1E74136D7BE4
:10829400902C51773963383E383D356A2727274972
:1082A40031809D1A9595956B95995442B8AAAA89DF
:1082B40089F27F236F5392A58282A840DBB1B22357
:1082C400533863363594949407690545C4C47E696C
:1082D4009253539253532D2F2C2C2E2F307D040167
:1082E400000202020101000000917E927E0400015E
:1082F4000201020370762E627D537D8F8F76050016
:108304000188A5A5A5A4A5A5B5A5B3BCB5B5B5BC5F
:10831400B6B6B6BCB6BC98BE98A29898B681CDCF76
:10832400CFCFCFCFCFCFCFCFCFCFCFCFCFCFCFCF59
:10833400CFCFCFCFCFCFCFCFCFCFC8ABCBCBCBBA95
:10834400BBBCAACACFCFCFCFCFCFCFCFCEC8CCBFA5
:10835400BFCBCBCBCBC5C5C5C5F5C5F5F5F5F5F597
:10836400F5F5F5F5F5F5C5F1B1B27AD9D9D973EAD0
:108374006D72F2742222E4254E1E424E73EAF250CC
:10838400513A34513439383D3839512A2727444138
:108394007983181C1C1C1A1B998D8D790C552C2E55
:1083A4002E51778F537E92A5B582A8A8C1B0EF76DF
:1083B400383D393461F69494920445050546699232
:1083C4005353539253922C2C2D2F2C61760200017F
:1083D40001020102010071917EA089A040403E7E0D
:1083E400C4C47E3E4041282F77387D7D7D077101CE
:1083F4009182A5A5B5A5A5B5B3B3B5B5DEBCBCBC86
:10840400BCB6BCBCBE9898C29898B6B6BCDFD9CFEF
:10841400CFCFCFCFCFCFCFCFCFCFCFCFCFCFCFCF68
:10842400CFCFCFCFCFCFCFCFCFCFC69FC5CBC5CBAD
:10843400BFBBDFD9CFCFCFCFCFCFCFCFCFDAAFBF77
:10844400BFCBC5CBC5C5C5F5C5C5F5F5F5F5F5F582
:10845400F5F5F5F5F5C5B1B0A6D7D9C9C97FEAF2E6
:108464007B7B7B22222224251E5F42E47A7B262901
:108474006A556C52302D617739513C39416A2B4130
:108484004454481B1C1B1B99993A638D8D486F2AD1
:108494002A3A3D3E53925393B582DF82C297753890
:1084A40036622B2EE36A35948204050505690707B5
:1084B40053535353535330302C2C2E690000010175
:1084C4000102020200913FA0A0A09389A58997937D
:1084D40040939389AA57436C517777777753000079
:1084E4007EA5A5A4A4A5B3A5B5B5DEB3BCBCBCBC90
:1084F400B6BEBE989898A7A7A2C2C2B6DEDFD9CFEF
:10850400CFCFCFCFCFCFCFCFCFCFCFCFCFCFCFCF77
:10851400CFCFCFCFCFCFCFCFCFCAC7A7B1B1C5C5EC
:10852400CBB7DE40DCCFCFCFCFCFCFCFCFCFD5CCE3
:10853400BFBFCBC5C5C5C5F5C5F5C5C5F5F5F5F5CD
:10854400F5F5F5C5C5B1ACA74E23EA7FD97FEA7B23
:108554007B7260244F90255F1E1E1EA9F290608ED0
:108564007B7B236C55302C2D516338633944272B86
:1085740044543B3B3A8D8D8D3A99995699835B339C
:108584002C2E2A2A3C7D7640B582DF82C25675F6AF
:10859400E3E327E367503482947E05050692073EA1
:1085A4008F8F8F8F768F0E52525D3901000100013B
:1085B400010101017EA09393939394A597979797B4
:1085C40097899789AAAA420E5051349E7792000245
:1085D400A8A5A5A5A5B5B5B3B3A4B5B3B3BE98BEB8
:1085E4009898BE989FA7A2A7A2CCB6B6BCDFC3CF6B
:1085F400CFCFCFCFCFCFCFCFCFCFCFCFCFCFCFCF87
:10860400CFCFCFCFCFCFCFCFCFCFDAD4F1C5B1C576
:10861400C5BFB7DF4ECFCFCFCFCFCFCFCFCFCFC810
:10862400CCBFBFC5C5F5C5F5C5C5F5F5F5F5F5F57B
:10863400F5C5C5B1ABAB9FAA2E2726507B6DF2744E
:1086440022746024906E5F1E5FE3E4C3746D6D7BDF
:1086540023216C5526676C50293B39388F776A5F24
:108664001E44548D3A633D63999999998D1B0D1756
:108674000F676A272E51757D82DFDFDF8237626ADA
:1086840067E32CEF4F679E5382BD070753768F59DC
:108694007D7D7D7D7D7D0F17170E54040001000143
:1086A4000100023F979794A594A5A5A5979797973E
:1086B4009797899789AAAA418E6E77516F7E004554
:1086C400A0A5A4A4A4A5B3A4B5B3B3B398BE989825
:1086D400BE989898A29FA2ACA2A2B7B6BCDFD9CF8D
:1086E400CFCFCFCFCFCFCFCFCFCFCFCFCFCFCFCF96
:1086F400CFCFCFCFCFCFCFCFDD735D4A72F1C5C51A
:10870400CBCBBBBCA4DDCFCFCFCFCFCFCFCFCFCEC2
:10871400E2CCBBBFCBC5F5C5F5F5F5F5F5F5F5C56B
:10872400BAC5CBB19F9F89342A2944272650237B7D
:10873400236090256E5F1E6A1E1EE4F224255D6789
:108744002627275F902374227474235D6863511E67
:10875400214E543C3A8D3A8D99993F991B0A0A99B6
:108764000C522C2C2E689E7D92DF81BD882A67EFE7
:108774005FE35060EF297D7D929169590A0A0A7876
:1087840077777D7D53381717170C0C5301000101BF
:108794000091939797979797A5A5979696979F97E4
:1087A40097979A979AAAB840237A277851C400C415
:1087B40093A5A5B5A5A4A4B3B3B3BEBEBE9898981B
:1087C40098A29FA298A2A7A7ABABB7B6B6DF7FCFFC
:1087D400CFCFCFCFCFCFCFCFCFCFCFCFCFCFCFCFA5
:1087E400CFCFCFCFCFCFE55F53467E883F42C1C5C1
:1087F400C5CBBFB7B69ADCCFCFCFCFCFCFCFCFCFFC
:10880400CED5A2BBCBC5C5F5C5F5C5F5F5F5F5C502
:10881400CBCBBF9F9F973BED2A412927276A6A5DEF
:108824009023724F4E1E6A42425F4F4F6E6E5D261A
:108834006A6A90232360212121202213736C7763B9
:108844006A2033448D6356993F99959599999999DE
:108854001B5C67E36A2E689E7D3E8837E367EF5FA3
:10886400EFEF9090505530308770047776767653DA
:108874005353535337341717171C48360300010159
:108884000092969797979797979696979697A79FFC
:108894009A9A979AAAAAAA4023DDE4772992457E58
:1088A40093A5A4A5A5B3B3B3B3B3BE989898989869
:1088B400A7A798A2A2A7A2ABABABB7B7B6DE13CF5C
:1088C400CFCFCFCFCFCFCFCFCFCFCFCFCFCFCFCFB4
:1088D400CFCFCFCFDC7A390569A0AFACCCAFAAA695
:1088E400CBBFBFBABBB68ACACFCFCFCFCFCFCFCF44
:1088F400CFCFD6F1BFBFC5C5C5C5C5F5F5C5C5CB79
:10890400CBB1B09F9F40343B2A2A2B2B442A2727E4
:108914001E724D1414144D145A1E902525505F6A6E
:108924005F24742124216C256C6C6C211113107943
:108934008F4433320E8D8D999995959599589999BF
:108944001B5C5D5050672C2E675F67675090EF503B
:1089540090EFE32C2C2C2F282F7870632F61347523
:1089640038533662615117171C0C6F757000010182
:108974000088979797979F9F9F9F9F969F9F97A6E3
:108984009FA697A69AA6AA8973DCC8262F3E0092B2
:10899400A5A4A5A5A5B3B3B3B3BE989898AFA7A251
:1089A400A2A29FA29FA2A7ABABABB7B7B6DF8ECFF5
:1089B400CFCFCFCFCFCFCFCFCFCFCFCFCFCFCFCFC3
:1089C400CFCFCFD97D69467E93CCCCA2A2A2989A70
:1089D400ACBBBBBBBABBBED5CFCFCFCFCFCFCFCF36
:1089E400CFCFCFCFE2CBCBCBCBC5C5C5C5C5CBCBCA
:1089F400B1B1989F40343B3B412B442A412B271E65
:108A04004B1414149B14A1A1CD5E5F6E505F6A1EBB
:108A1400607B23212125506C5D5D52520F1015148B
:108A240010483E480F0D8D1B85851A959999991B01
:108A3400865C49904F905FEF50E3EF904F90EFEFDB
:108A4400E33636519E777D7D767D767D2F2F2E2CD5
:108A540062E36761770A17170C2D62530300010064
:108A64007193969697979F979F9F9F9F9F9F9F977E
:108A7400A697A797A6A69740CDD1E57A263E00886B
:108A8400A5A5A4A5A5B3B3BEBE98BE98A7A2A29F50
:108A9400A2A2A2A2ABA2A2ABABBFBBB7B7DF6CCF03
:108AA400CFCFCFCFCFCFCFCFCFCFCFCFCFCFCFCFD2
:108AB400CFCFDD38694692B3B7B6B6B6A2A2A2CC80
:108AC400AFA7CCCCBBBABBA3D9CFCFCFCFCFCFCF5F
:108AD400CFCFCFCFCFE9F7F1CBC5C5C5C5CBB1B1AA
:108AE400B19F9F89353BEDED41412A412B2742330C
:108AF40011149B9B8B9B9BA1A1CD4B1E5F6A6A604B
:108B04007B746024216C255052524A0F9D5C1816C8
:108B14009B9B5C638D0C0C318B851C589595958CB7
:108B24001C1C25746090EF5F50EF90EF90605F68BD
:108B3400383E387777777D8F768F7D637D397537CB
:108B4400F6502E0A0958171C0C2936690001010039
:108B54007E94969696979F9F9F9F9F9F9F9F9FAC63
:108B6400A6AC9FA6A6A69657D1D1D1DCAE69008843
:108B7400A593A5A5B3AD989898BE9898A2A7A2A7C7
:108B8400A2ABA2A2A2ABABACABABBFB7B6DE44CA3E
:108B9400CFCFCFCFCFCFCFCFCFCFCFCFCFCFCFCFE1
:108BA400CFCFE3050545B5B6B6B6B6B6C2ABA7A2F8
:108BB400CCCCAFBEBBBFBFCCA3E0CFCFCFCFCFCF4A
:108BC400CFCFCFCFCFCFCFE6E2A6ACB1CBB1B1B14F
:108BD400ACA7973B3B3B4141412A414444274311C5
:108BE40014149B18C085F4F49BA1A1436A276EF268
:108BF4007B74602190909025254A0F4C5C161818C0
:108C0400858B9B9B16433C8D1616851C958C8C8CF2
:108C14001B83906060905050504F909060E3363EBC
:108C24003E383D3D7D7D8F768F38637D633737F6E3
:108C34005F306F096464311744683803000100022F
:108C44008894989696989F9FA79F9F9F9FAB9F9F5E
:108C5400B0ACAC9F9FC28273CAD0D0CADCEB7EA0FA
:108C6400A5A4A5A5AD98ADBEBE98A29FA2A7A2A299
:108C7400ABABABABABABABBFBFBFBFB7B7DE3FD0EC
:108C8400CFCFCFCFCFCFCFCFCFCFCFCFCFCFCFCFF0
:108C9400D86746040088B6BCBCBCB6B6B7ABACACAF
:108CA400CCCCBECCCCB7BBBBDF84CFCFCFCFCFCF68
:108CB400CFCFCFCFCFCFCFCFCFE1C8C6C6C6C1A607
:108CC400A69742414141412A2A4141412B2B4E134F
:108CD400A19BF41CC0C01CC0859BA10F414224F27F
:108CE4007B722324242121204A0F0F5C1618188537
:108CF4008518F48B9B9B0D3B7917185C1C1C8C8688
:108D04001749509090EF506E4F60EFEF2B373E3D78
:108D14003E3E3E3D387D7D7D7D637D397537345FD4
:108D2400502F6B6464643243293670000101008162
:108D34008293979A9F9F9F9F9F9FA79F9F9FAB9F61
:108D44009FB0B0B09FC240D3CFD0D0D8CACFE5D463
:108D5400D5AAA4AD9AAD9898989FA298A2ABACACB2
:108D6400ABABABBFA2ABBFACCBBFBFB7B7BC3FE0F5
:108D7400CFCFCFCFCFCFCFCFCFCFCFCFCFCFCFCFFF
:108D840027040402BDB6B6B6B6B6B6B6B7BFBFAC16
:108D9400A7CCCCCCBBBBBBBBBEDFD3CFCFCFCFCF5D
:108DA400CFCFCFCFCFCFCFCFCFCFCFCFCFCFD8C6CF
:108DB400C64F3B414141ED413B2A414141444B4D6A
:108DC400A1809D1A1AC01A6B6BC09B8054276072D5
:108DD40023742360246023234A0F0F1616851C1C5A
:108DE4009DC08585F48B9B0C3B41481B1B865C0F07
:108DF4000E6A5F6E505F5F506060EFF6383E3E3E35
:108E0400383E3E3D8F8F6363636363753836625FBC
:108E1400550B6B646464332A62530000010045827D
:108E240089430C1D579F9F9FA79F9FA7AB9F9FABF5
:108E3400B0ABB0C2B79483CACACAD1D0D0CACFCA61
:108E4400CAB2DF96AD96989F989FA2ABA2ACABAB8B
:108E5400ABABABBFBFABB1BFBFCBBFB7B7DE7EE081
:108E6400CFCFCFCFCFCFCFCFCFCFCFCFCFCFCFD904
:108E740005040100DFB6B6B6B6B6B7B7ABB1CBAC36
:108E8400ACCCCCA2BFBBCCBBBEA48DE0CFCFCFCFEC
:108E9400CFCFCFCFCFCFCFCFCFCFCFCFCFCAD4C6E7
:108EA400C81E422B414141413B4141414127724D42
:108EB400A1801C1A1A1A1A959995F48B542B6E904A
:108EC4004F2590242424232220320F168B18851A30
:108ED4001B1C1A1C1C859B1644442B414427432706
:108EE4006A5F506E5F265F90EFEF363E3E3E3E383F
:108EF4003E383E3E3D637739777739392AEF675FED
:108F04000E656BF064F027363769710100007E83CB
:108F1400171D1E430D57A2A2ABA2ACAB9FA2A2B0D9
:108F2400BBC2C2C2B0A449CFD0D8D0D0CAD0D0D04E
:108F3400CFC7819F98989F9FA2A2ABA2ABABABACCB
:108F4400ABABABBFABCBBFCBCBBFBFBFB7BC92D27E
:108F5400CFCFCFCFCFCFCFCFCFCFCFCFCFCFD838AB
:108F6400020000BDBCBCBCBCB6B6B7B7BFACB1CB8D
:108F7400CBA7A2ABBBCCCCCCBFBEDF8D7FCACFCF3F
:108F8400CFCFCFCFCFCFCFCFCFCFCFCADCE2A6B218
:108F9400502B2B424241ED3B412A41413B6A121383
:108FA40014151C1A951A646B09998C8B44412B6A0D
:108FB4006A426A1E5F6E2422201015808B851C1B5A
:108FC4006B951A1B1C86859B1D44442727436A26E0
:108FD4005F5F5F5F5F5F6E90E3393E383E3E383ED1
:108FE4003E3E3E38395161512A274FEA7A7467264A
:108FF400660B1A1AF0F034385353700000017533BD
:109004004983494343449AA6A2ABABA2ACAB9FA20B
:10901400B0C2B7C2BBA449CFD0CAD0CFCACACACA89
:10902400CFC78898C2989FA2A29FA2ABABABABBF9D
:10903400ABBFBFBFCBCBCBBFCBCBBFB7B7BCBDD315
:10904400CFCFCFCFCFCFCFCFCFCFCFCFCFC9760258
:1090540000EC82B6BCB6B6B6B7B7B7BBBFBFCBB130
:10906400CBACBFACA2CCCCBBBBBFAFA4A89C7AE0BA
:10907400CFCACFD0D0D0D0DCE5E5D5E2F1B1C14242
:10908400422B412B424241413B41412B4144A94D9A
:1090940011805C1A956B1B9595951A850D43432792
:1090A4002B2B2B2B2B27274E241111149B181C1A06
:1090B400951B6B1B1C1C859B0F4127276A6A261E68
:1090C4005F5F5F265D909027373E3E3E3E383E38D8
:1090D4003E383E35276A2E446A60EA7F73210E2D9E
:1090E4000B0B4819C0C0355337536971000129323D
:1090F400314E491E434457A7ACABABACABABABA2B0
:10910400A29FB7B7B0A44ACFD0D0D8CACECAD0CACB
:10911400CFC78196B6C2A2A2A2ABA2ABABABB1BF82
:10912400BFB1BFBFBFBFCBCBCBCBBFBFB7BCBDD91C
:10913400CFCFCFCFCFCFCFCFCFCFCFCF7346450277
:10914400BDB5B6B6B6B7B7B7B7BBBBABABABCBCB9E
:10915400CBBFBFABCCCCCCA2ABBFABCCCCA4A840D8
:109164008A8ADBC1C1B2C1F1F1B1F1F1F1F140750B
:109174002B27ED3B412B422B413B41414141244DA7
:10918400125B5B1A6B1B6B6B6B6B1C9D0E5526275E
:109194004141292A5134512A274910148018851C29
:1091A4001A1A1C1B1C86858017442743436A6A6766
:1091B4001E261E5D4F902A383E383E373E3E3E3EC8
:1091C4003E3EED6E9027682B50607B6D6D20552DD3
:1091D400280B0B0C191C3653373737460001295B13
:1091E4008A3131491E424197A7ABABABB1ACB0ABAE
:1091F400C2A2B0B7B7A44CCFCAD8CACECACFCACFBE
:10920400CFC788BCB6C2A2B0ABABABABBFBFBFBF0E
:10921400BFCBBFCBBFCBBFBFCBBFCBBFB7B681210B
:10922400CFCFCFCFCFCFCFCFCFCFCFE55305020016
:10923400BDBCBCBCB6B6B7B7B0BBBFBFBFBFCBCB62
:10924400CBBFBFCCAFCCCCA2ABACCBB1CBACA2A789
:109254009FA2A7ACB1B1B1B1B1F1C5F1F18992EC62
:10926400C4533B3B3B41412B1E2B3B3B41416A5D7D
:10927400254917171B1B1B1C1C1B1C0D3026272ADA
:10928400412B2A2A51343C3C512B43329B1685C036
:109294001C1B1A1C1C8685851D2B27436A1E5F5FB9
:1092A4005F1E5D4F90343E3E3E3D3E3E3E3E3E366A
:1092B40041EF74212E34ED2C50608E7B6D7B4A651A
:1092C400286F48650D0E37373737533770002F84B2
:1092D400313131331E4341A6A7ABACB1ABB1ABAB1B
:1092E400ABABC2C2B79320CFCFD0CECACFCFCECFF5
:1092F400CFC781BCB6C2C2ABABABABABBFCBABBF12
:10930400CBCBCBBFBFBFBFCBCBCBCBBAB7B6DF7852
:10931400CFCFCFCFCFCFCFCFCFCFCF90054500EC9E
:1093240082BCBCB6B6B6B7B7B7BFBFBFBFBFCBA2D0
:10933400ABBFBFCCCCCCCCA2ABABBFBFB1CBCBB162
:10934400B1B1B1B1B1B1B1B1B1B1B1AC89A081EC3C
:109354000000703E3A3A3B4142B82BED3B2A414172
:10936400442B44835C170C1B1B1B0C652929292ADD
:10937400442B29295151512A2727292A49160D1BE3
:109384001C1B951B8C5C865C49432742265F5D1E33
:109394006A4E6050393E3D3E3D3E3E3E5662EF9041
:1093A40060609026513A2A6A6C216D8E237B2030AE
:1093B400286F0B651D0D383739373837377E0E1453
:1093C40031313133491E419AA79FA2A7A6A7BFB145
:1093D400ABB0BBC2BBB54ACFCFCAE6CFCFCECACFA4
:1093E400CFB281BCB6C2BBA2ABABBFBFBFBFBFBF16
:1093F400BFCBBFBFCBBFCBBFCBCBCBBFB7B7DE3FA2
:10940400E0CFCFCFCFCFCFCFCFCFC8467002008130
:10941400BCBCB6B6B6B6B7B7BBBFBFBFBFBFBFA2B3
:10942400BBBBBFBBCCA2A2A2ABABBFACCBABABB103
:10943400BFB1B1B1B1ABB0B1B0AC9F89A088DFEC22
:109444000000004663393B2A2B42422B4141412B09
:10945400271E5F5F4E17170C4879513451545441FD
:109464002B44292954446A6A2B2A2A343A44171B68
:109474001C1B1C1C171C864A255D436A5F5D5D1E10
:109484006E242C3D3E3D3E3D383D35E3906060907A
:109494009025552D513427266C90236D7B8E7B0EA1
:1094A4002D28282D0E49393A393D37393662118035
:1094B40080313131331E579A9FA7B2869D165BA621
:1094C400BFB0BBC2B78210CFCFCFCECACFCACFCF27
:1094D400CFB2BDBCB6B6BBBBABABBFCBBFBFCBBFC4
:1094E400BFBFBFBFBFCBCBCBCBCBCBBFB7B6DE8170
:1094F400D9CFCFCFCFCFCFCFCFCF4F46040000ECC3
:10950400DEBCBCBCB6B6B7BBBFBFBFBFBFBFBBBB77
:10951400A2A2BBBBBBBBA2A2A2ABABABABABABAB84
:10952400ABABABB0ABB09F9F9F978993828281EC2A
:1095340001010004633C51542A2B2B2B4141412748
:109544006A5F6E6E5F2A54542951542A2954542A4E
:10955400442929416A6A272B2A3B34353A3A3B4845
:109564004883831C17174A25255F6A6A5D255D5A5F
:1095740090283D3D3D3E3D5635E34F749090906CB0
:10958400505D672D51542C5D6C21217B7B20204A3A
:109594006628486649103A3A3A3D3939682F1580A9
:1095A4003131313231494093AD841C59096BC08B40
:1095B400AAB7B7B7B6DF8ECFCFCFCACFCFCFCFCF73
:1095C400CFB2BDDEB6B7B7ABBBBFABBFBFBFBFBFCC
:1095D400BFBFBFBFCBCBBFBFCBCBCBBFB7B7BCDF4E
:1095E4007BCFCFCFCFCFCFCFCFCFEF46020000DF9F
:1095F400BCBCB6B6B6B7B7BBB7BFBFBBBBABABBBE8
:10960400A2CCCCA2BBBFBBCCA2A2A2ABABABA2AB45
:10961400ABB0ABAB9F9F9F9F979793A5B5828100FB
:109624000001004663773C542A4141412B2B2B42D5
:109634005F6E50262B2B2B2B2729292727272A29F6
:10964400292A2B5F1E27292A3B343A353A3A3A3ADB
:109654003A3A79442D675D255F43275F2525255DCB
:10966400343D3D3D5635412BE39090909050505001
:109674005055262729292650212323218E21553070
:109684002D28280E2030393A63393D3C283080801B
:1096940031313131328AA3A48A808D9995996BC076
:1096A4003198B7B6B6A8C3CFCECFCFCFCFCACFCF1E
:1096B400CFB8BDBCB6B6BBBBBBABACABCBBFBFBFFF
:1096C400BFBFBFBFBFBFBFACCBB1BFBFB7B6B6DFB5
:1096D40066CFCFCFCFCFCFCFCFDD3805020071DF3C
:1096E400BCBCB6B7B7B7B7BFBFBBBBBBABBFBBABED
:1096F400BBA2CCCCA2A2A2A2A2A2ABA2A29F9F9FD9
:109704009F9F9F9F9F9F96979793A5A582BD0100BA
:1097140001004553636363342A2A2A3B2A412BE31D
:109724006A272B2B2B2B27272667672C6A6A2A5438
:1097340029414E5F272B2A3434353A3A3A3A353A9E
:109744003A3A3A3454275D5D432B275D254E6A39F6
:109754003D3D354142E3E3E3676E90505050675F0F
:10976400675D262D282D5D214B11151111216C5596
:109774002C282D522F763A393A3D3A393C651580DA
:1097840031313131319C939384311B1B1C99951ACF
:1097940018A3B7B7DE7ED2CFCACFCECFCFCFCFCF2D
:1097A400E63F81B6B7B6B7BBBFCBACBFBFBFBFBF89
:1097B400ABBBBFABBFBFABBFBFCBBFABB7B7BCDFF0
:1097C40083CFCFCFCFCFCFCFCF5F4670010071DE35
:1097D400B6B6B6B6B7B7BFBBBBBBBBBBBFBBABBBF9
:1097E400A2A2A2BBABA2BBC29FC29FC2A298C2A2AA
:1097F4009F9F9F9F9F9697A5A5A5A59388710100FC
:1098040000454606538F63343BED3B3B3B3B3B34C7
:109814003A3B2B2B2B292B27676C21236050275194
:109824002A1E6E6A272A3B343A3A3A3A353A3A3A89
:10983400353A35352A6A5D1E41416A5F6A513E3DBB
:109844003B425FEFE32B2B2B6750505F5F676767EB
:1098540067672627433314141618175C15116726F7
:109864002C26307853533A3A3A3A633D3D77158083
:1098740080805B5B319CA4A88080861B951B1B9D0C
:10988400C040B7B7DF78D0CFCFCACFCFCFCFCFCFFD
:10989400E188DFB6B7B6BBBBA2ABBFBFABBFABBB48
:1098A400BBBFBBBBABBFABABABBFBFBFB7B7B6DE1A
:1098B40017D0CFCFCECFCFCFCFD553040100EC827A
:1098C400BCBCB6B6B7B7B7BBBBB7BBBBC2BBA2A227
:1098D400A2BBA2ABABA2C2A2C2989898C29898C2EB
:1098E40098C29F969F9740568993A07EEC000001F2
:1098F40069077E07078F63393A3C3B353A393D3D6A
:109904003B2B2B2A2A2A292B6A675D217B8E5054F4
:1099140027902125262E54343A363A3A3A353A3AA3
:10992400353A3A3B445F6A44ED41442A3A3BB8E451
:10993400AE905F272B2A2B6A5F505F6767676726A5
:109944005D24A97A1414A19B185C5C0F1715555F4C
:10995400502F7D53533E353A3A3A3A3A3D78808017
:109964008B16809B1484A4A8849B86861B1B1C8551
:109974001B8DC2B6BD8ECFD0CECFCFCACFD0CFCF66
:10998400D5ECDEB6B6B6B6A2BBA2ABBFABABBBAB37
:10999400BBABBBBBABBFBBBFABABBFCBB7B7BCDE1B
:1099A4001BD2CFCFCACFCFCFCFE13E05010100EC10
:1099B400BCB6B6B6B6B6B6B7C2A2BBCCBBCCB6982C
:1099C400C2CCA2BBA298A2C2CCC298C298C296C270
:1099D4009896969689ED682AF63E7E91EC0104539A
:1099E4008F07079207538F63633A393D3D3D3939F9
:1099F40041412A412A412A2A44272C67217B602895
:109A040025222323252629343A3A3A353A3A3A3A52
:109A14003A3A3A542727413B542A3B2BE47F7F733D
:109A2400744F5F272B276A5F25505D5F265F6E7238
:109A3400737FC34D149B9BF4855C1C5C5C324A3081
:109A44009E76535353393B3C3A3A3A563D0B15856F
:109A5400861C1C5C80A19B8A8080808586868C8C79
:109A64001B1A96B67ED3CFD0CAD0CECACECFCFCF14
:109A740042BDBCB6B6B6B6BBA2A2BBABABBFABAB2A
:109A8400BBBBA2BBBBBFABABBFBFBFBFB7B7B6DE31
:109A94009CD3CFD0CECFCFCFCFE6B2C4010000BD90
:109AA400BCBCBCBCB6B6B6B6BBB698B798BC98BC82
:109AB400CCB6BBA2B3B3C2B698C298B698969896E1
:109AC40096969740F6EDED2A4129F6343439638FA2
:109AD40076530769073E8F3E8F383E3E383D393A0C
:109AE4002B2A2A2A2A2A2A2A2A2A44272C5021269F
:109AF4007B8E7B23215026293435393A3A3A3A3A37
:109B04003A353B412B2A3B3B3B545F6D7A136D7BCB
:109B140022245D5F261E675D505D265D1F73C3D9D9
:109B24007A4D1314159B9B8B851C5C5C170F663850
:109B34003E3E533E397D3B3B3A3A3A393D66161C2C
:109B44001C1B1B1B858580A114868C8C8C8C8C1B08
:109B54001B1BAA940ACACFCACED0CACACFD0CFD6AA
:109B640088DFBCB6B6B6B7A2A2BBABBBBBABBFBBB0
:109B7400BBBFBBBBABBBBFBFABBFBFBFB7B7B7BC44
:109B84009CC3CFCFCACFCFCFCFCFCF5700000101D7
:109B940071ECDFDEDEBCB6B6B6BCB7BCBCB6BCBED0
:109BA400B6BCB3B3B394BC96B6B6C298C2B69496D8
:109BB400A5935635ED2A2A412A29272C4327516398
:109BC4008F533E073E3E533E5353533E383D393B3D
:109BD4002B41412A2A2A2A2A2A2AED2A2A29272CF1
:109BE4006C2120232021552C2934353A3A3A3A3530
:109BF4003A3B412B2A3B3A3A546A25232223232415
:109C04002421255D5D5F265D675DE47A7FD9C3739A
:109C14001373141115809B8B855C8617175C788FE2
:109C240038533E397D5334543B3A3A3A390D171B75
:109C34001C1B951B1C863180148A9C9C8C8C8C86E6
:109C44001C0CAA8211CFD0E0D0CFCFD0CACFCFD5B1
:109C540081DEB6B6B6B6B6BBBBBBA2ABBBBBABBBB9
:109C6400BBBBBFBBBBBFBFBFBFBFBFBFB7B7B7BC2B
:109C7400DF15CFCFCECACECFCFCFCFD65600000080
:109C84000000ECBDECDFDEBCBCB6BCDEBCBCDEB5AB
:109C940082888882B5BCB6BC94C298C29696A5A5A3
:109CA400563D563B41412A2A2B292B272E545177C6
:109CB4008F8F8F3E8F3E3E53929292533E3D3D3A5C
:109CC4003B412AED3B2AED2AED2A2A2A2A2A542A44
:109CD400343C512621216C5D2C44513A3A35353BB4
:109CE4003B2B29543B3B3B2A27431E265D5225250B
:109CF4002525525D262626264EA9C37F4D4D4D733C
:109D04001313131515809B9B8B855C5C170D77389B
:109D140038383A7D533E342A413B3A3A3A0D1C1BBB
:109D24008C1B1B8C86865C5B145B9C9C9C86868649
:109D34001B175740D2C3188515CDCACFE8CFCAD553
:109D440081DEBCB6B6B6B6A2BBABBBBBBBBBBBBBB2
:109D5400BBBBBBBFBBBFBFBFBFBFBFBFB7B7B7B640
:109D6400DF0BCACFD0CECACFCFCACFCFE8B292ECE6
:109D74000071000000717181DF82BD8181ECBD81C1
:109D840081DFA4DEB5B5B5B5B6C2C2C2A5B5A5938B
:109D94003E3D563B2A292B292A2B29442E513A3C55
:109DA40039638F638F3E07926992923E3D3D3D3EFB
:109DB400383B413BEDED3B2AED3B2A2A2A41412A1F
:109DC400542B6E7B6D6D23255026442A3B542A2A3E
:109DD4003B2A2A343B343B414441442B276A265DC9
:109DE4005D5D5D262626265A734D7A4D7A4D7A138B
:109DF4007A4D141111159B9B8B165C175C78383EB9
:109E04003D3B41442D653C272D413B3A634C17862D
:109E14001C868C1C8685315B7A848A9C9C9C9C8DD8
:109E24008317577A4D58958C8C18C3D8CFD0CFC789
:109E3400BDDEB6B6B6B6B7BBBBBBBBBBB7B7BBBB69
:109E4400BFBBBBBBBBABBFBFCBBFBFB7B7B7B7B65F
:109E5400DE814DCFE6D0CFCFCACECACECACFE6D5AB
:109E6400A0DF81BDBDEC0000ECECECBD8181DF82A4
:109E7400DEB5B58282DFDF82B5B7BA94888282A06C
:109E84003D56563A2A2B294144292A292939393958
:109E940063633D393E533E3E3E3E8F3D3A3A3D3D3F
:109EA400383A41ED3B3BED3BED2A2A41412B2B2B2C
:109EB4006EF27A7FC3D97A236C5D6A27272B5434D8
:109EC4003B3B3B3A343B3B543B5454414444276A68
:109ED400262667266A26E47373A973737A4D4D7335
:109EE4004D4D131214111580808B3131114F5AE4EA
:109EF400DB6D7B2030783C555F27543A3A655C1C17
:109F04008C85858C853131117A4B8A83579C578394
:109F140057837FCD95958C8C8C1C16CDCFD0CFC715
:109F240081DEBCB6B6B6C2BBABA6AA8A9AB7B7BF27
:109F3400BBBBBBBBBBBBBFBFABBFBFBFB7B7B6B67B
:109F4400B6DF07D2CFD0CACECACFCAD8D0D0D0CAF3
:109F5400B2DFDFDEDFDF8181DFDFDFDFDFDF8282B1
:109F6400DF818181BD81DFB5B7BAB0888882828202
:109F74003D3D3D563454292A29292A2A2A3D388F21
:109F84003E383D8F3E3E8F3E3E53923E3E3D3B3BF0
:109F94003A383B2A3B343B34ED3B2A412B271EF213
:109FA4007FC3C3C3D9D9D9EA255D6E6A2B2A545419
:109FB4003B343B3B3B343B3B3B3B3B3B3B542A2905
:109FC400442C6A265F747A6DA9737A7A7A4D4D4D62
:109FD4004D4D1314111111101616160F137FC3C310
:109FE4004D8E7C6678773D285D6A273B3A390B1B9A
:109FF4001B95959C865C31127AAE4E8A83575757CF
:10A0040083430C1C99958C95951B5C14D1CFCAC7BE
:10A0140081DEBCB6B6B6B7AC8A1C1C1C8586B6B746
:10A02400BBBBBBBBBBBBBFBFABBFBFBBB7B7B6B68E
:10A03400B6BCDF49CFCED8CACFCECFCED8D0D1D0C0
:10A04400E0B2DFDFDFDFDFDFDF81DF818181BDECD5
:10A0540071ECBDBD8182B6B7BABAB58188828282FD
:10A064003F923E3D3A34542A5454343C3A633E3E83
:10A074003E3E3E3E8F3D3D8F3E3E3E3E3E63393545
:10A084003B3A39ED3B3B3B3BED3BED412B6EA9C3EA
:10A094004DC3C3C3C3CDCDCD906A5F6A6A2727542D
:10A0A400343B3B543B3B343B3A3A3A3A3A3A3B3BF7
:10A0B4002A272C4EF27312726D137A4D7A7A7A7AB9
:10A0C4004D73131211111015163116118E4D7F7325
:10A0D400234A5D2F6F773D39294427293B3A3D3C7C
:10A0E4008D8D99991B83175EA9AE5A1EB88A1E5787
:10A0F400578D59171B95959595955C314B74232B6A
:10A10400ECBD81DF82DEBE8A1C831B9C8C8586B7F6
:10A11400BBBBBBBBBBBBBBBFBFBFBFBFB7B7B7B688
:10A12400B6B6DE3FD1CFCFCFCFCACFCAD0D0D8D1E9
:10A13400E0DC57DFDFDFDFDF8181BDEC710201711D
:10A14400BDBD818182C2C2B7BAB781818188828252
:10A154008892923E3E63393A3A3A3A3D3D3A3D3E20
:10A164003E3E3E3E3D3D383E3E3E3E3E3D39393A22
:10A174003A3B3A353B3B34343B3B41275FA94D14D2
:10A18400A1A1A1A1A1C3D9D37A902222215D6727DD
:10A19400543B3B3B3B343A3A3A3A3A3A3A3A3A3409
:10A1A400342A4EA96D6D6D6DA9137A4D7A137373AC
:10A1B40073131211114B5B16808015111373738E78
:10A1C4002321243087773D3D3A5127442A3B3A3DA9
:10A1D40063798D8D8D8D0C135EAE5A8A1E4257574E
:10A1E4008D3F8F0F1B959595951B1C178D8F3E5397
:10A1F4009100008181DF9A5B83869C9C86868BAF6D
:10A20400B7BBA2BBBBBBBBBFABBFBFBFB7B7B6B7C8
:10A21400B6B7B6DFC3CFD8CECACFE6CECFD0D8D864
:10A22400E0D1E540DFDFDFBDEC710001010071BD6D
:10A234008181DFB5B694C2B7BA82BD81818188823B
:10A24400887E9292923E3E8F3D3D3D3D3D3D3E3E59
:10A254009292923E3D3E8F3E3E533E383D393A35D2
:10A26400393A34543B3B3B3B34ED2B5F22141015FD
:10A27400101514A1C3C3C37F7F734D137B216C26B8
:10A284002A343B3A3A3A3A3A3A3A3A3A3A3A3A3A3F
:10A294003A42F26D726D13A9A9A97A7A7A7A1313E4
:10A2A4006D6D7B22204A10159B9B15238E2323233F
:10A2B40020236C26660B3E3D563C2C2729513A3A06
:10A2C4003D3D3A343B3C0C73721F5A4E4257570C77
:10A2D4001783990D1C1B9595958C1B838D563853AC
:10A2E400C40000BDDFDEA680839C869C9C868B8A8E
:10A2F400BFBBBBBBBBBBBBBBBFBFBFBFB7B7B7B6A7
:10A30400B7B6B7BC8AD0CFD0CFCECACFCACFCAD007
:10A31400D1E0E0C93F817100010101710000BD81FC
:10A3240082B5B594B5B6B6B7B788BD818181828848
:10A3340082C47E7E7E92923E3E3E3E3E3E3D929260
:10A344007E7E923E3E3E3E533E3E3E8F3D3A353A01
:10A354003A393A2E513B3B34343B6A25100D0C0BF1
:10A364000B0C1014A1A1A1137B4DC3737B236C6A46
:10A3740044543A3A3A3A3A3D3D3D563D563D565696
:10A3840042D77B22726DA96D5EA9A97A7A13737381
:10A39400722224255D3310149B9B1011232021214C
:10A3A400242425524A663F3D563A286A442A3C3AB8
:10A3B400633D3D63633A2DA9721F5A1E4243170C35
:10A3C40065191717171C8C8C95951B838D3D3E536F
:10A3D4007E0001A89C8A848086869C868686319C21
:10A3E400BBBBBBBBBBBBBBBFBFBFBFBFBFB7B7B7AD
:10A3F400B7B7B7B6A8D2CFD0D8D0CFCFCFD27A6D97
:10A404002321302807ECEC710171010100BDB5B5C1
:10A41400B582B5B5BC94B7B794BDBD8181BD818209
:10A4240082C47E7E7E9292923E3F3E3E3E3E927E2D
:10A43400927E92533E533E3E533E8F3D393A3434DE
:10A4440035393C2951633A3B343427320D790A3C7F
:10A454000A3C651514144D112473C37F736D7B740A
:10A46400604F4F6E5F424141414141414141441E71
:10A47400F27B22227272A9A96D5E72A97AA9727204
:10A4840022255D1E4E24159BEEEEF01C4A2124214C
:10A4940021216C507C0E403F3D563C26272A3439FE
:10A4A400393D393D3D3D2D6D224F4E1E410E0C0A66
:10A4B4003C0A0D0F9C1B1B1B95991B1B83B83D76F7
:10A4C4007E058CEE8585165B5C86869C8686861763
:10A4D400A6B1ABBBBBBFBFBFBFBFBFBFBFB7B7B7E3
:10A4E400B7B7B7B7DF23CFD8D0CFE0C9218F0546A0
:10A4F400467E7E7E7EC4BDECEC7171010082948246
:10A5040082B5B5B5B5B6C2BA82BD818181BD88BDFB
:10A5140004C47E7E7E9292923E3E8F3F3E8F3E9258
:10A524009292923E3E3E533E3E383D393A3A35345D
:10A534003A345129777D38633A3A290F6F0A3C0A35
:10A54400630A0A4C141515204F74731373736D6DDD
:10A554007B7B2360216C672C2B292A2A2A3B42F21D
:10A564007B22227272725EF25E6DF25E7A6D222539
:10A574005D5F4E6E203286F0EE8C8C95991D5025D1
:10A58400506C5D55553041563D563A305F273B3946
:10A594003D393D3D383E2E7B24254E42440F480A2A
:10A5A4000A0A0B0F838D9C958C1B1B8D33C3EB56B2
:10A5B4008FC095999586865C5C858686869C831774
:10A5C4005BA9C7C1A69FB7A2ABABABABBBBBB7B7CD
:10A5D400B7B6B6BCA87FD1D1E07F2D767E7E697EEA
:10A5E4007E92535392927EC4BDEC7100718282DFDD
:10A5F400B5B5B5B5B5B6BAC28181818181BD8101D8
:10A6040045C47E7E9253923E3F3D563D3D3D8F3E36
:10A6140092928F3E3E3E3E38383D39393A35353494
:10A62400342A5151633E383E38383A0F0A3C0A778F
:10A63400630A790D0F174A32246C902121212125B8
:10A64400252550505F5D262C442A3B3B3BB8F2F253
:10A6540022222274727272A9A9A972726D72244E96
:10A664004E6E25501D959595958C9595998D1D67E4
:10A674005D5D505252554240565656295D27513A17
:10A6840063383D383D3E8723254E1E442D101B0A5A
:10A694003C0A0C18178D99951B959C8D831213AE4B
:10A6A4000F8C99959C9C861786868686869C9C171B
:10A6B40032DBDBDBAEEBC1A7989898AFA2A2A2B6BF
:10A6C400B6B0F1C72C307C610769699269929253E4
:10A6D400929253925392927EBDEC71000171DFB558
:10A6E400B5B5B5B5BCB694BDBD818181ECEC710046
:10A6F40002C47E7E92923E3E3D3D563D563D563EC0
:10A704003E3E8F38383E383D63393A353B3B2A3B31
:10A714003B29513C383E38383E92530F0C0A3C7763
:10A724000A79480D0C0C0D2425292D675D5D505DBB
:10A734005D5D675526676726272B2A2BEB6D6D7B9E
:10A74400727222227272A9A96D727222E424505D7F
:10A754005F5D6A2B8D95958C8C8C8C959999286A64
:10A764006A265D25214A43575656563C5D6A29356B
:10A774003D3D383D3D3E6F246E1E6A442D160D4806
:10A7840048480C0D1B9C8D8D9C8D998D834B2420EA
:10A79400311B959C9C9C868A9C9C9C9C9C9C8A8A34
:10A7A40031AEDBEBEBEB1FDBC7C1AA9AA39389B8ED
:10A7B400738E306902020071C47E92539269923E94
:10A7C400533E92929292927E7EEC0100000182B5F9
:10A7D400B5DEB5BCB6B5450101BDBD7100000100D3
:10A7E400457EC47E92533E3D5656568D563A633E40
:10A7F4003E3E3D3D383D63393A3AED2B5F5F5F5F46
:10A804006A27343A383E3D3E53537E48310C4879EA
:10A81400480C0C0C0C0C332029342A442C26676772
:10A824006767266726672626266A4EF26DF212723D
:10A83400F26D727272F25E727222E424255D1E6AF7
:10A844006A2B57835C8CEEEEF3EE8C959599436AF4
:10A854006A6A5D50525D2743413B3B3A556A29344D
:10A86400393D38383D3877255D6A272A280F5C1929
:10A874000C48484848838D8D8D1B8D8D83494E52DD
:10A88400319C959C9C868631319C9C9C868A9C83B9
:10A894003384DBEBEB5AEB5AAEA9C7D7EB5D26301A
:10A8A400543EC4EC717171C47E6992699292925360
:10A8B4003E3E3E3E3E3E92927EEC01010071B5B5B5
:10A8C400DFB5B6B68291020100000000010100016B
:10A8D400ECC47E7E923E3E3D56563A3A3A3A3A3D72
:10A8E4003E3E3D3D3D3D393A352B6E6060237474E8
:10A8F40074242B633D3D3E3E3E53533E0D31170CB5
:10A904000C0C0C0C173320283A3A353429276A26C4
:10A91400262626262667266A6EE4727B726D6D6D86
:10A92400A9F27272A9727274E44F254E6A6A4242A5
:10A934001E490F809BF3F3F3F3EEEE8C8C191D1E6E
:10A944005F5F5D5D266A431E42444156285D443480
:10A9540063383E3E383877551E6A442A514C5C0DA4
:10A964000C1B0A8D48178D8D1B8D8D8D441E26263C
:10A9740010869C9C9C8631313133868A9C8A8A8AD3
:10A98400321FEBEB5A5A4E5A5AAEAEAEDB74245F0A
:10A9940041543C3E7EC4C4C47E9292929292923EB2
:10A9A4003E3E3E3D3E3E3E927EEC0100010188BDAE
:10A9B400DEB682BD000202000101000100010001B7
:10A9C400C4C4C46992923E3D5656563B3B3B3A3A08
:10A9D4003E3E39633D393A352724747423747BF23F
:10A9E400EAEA74343E383E3E3E3D3D3D3A0C831720
:10A9F4001731315B4B4A293A3A3A3A353B2A272CEC
:10AA04006A6A266726265F4F7B2322226DA913A933
:10AA14006D727272747222E4246E6A2B421E335B6E
:10AA24000F5C5C85C0F3F3F3EEEEEE8CC00D6A6749
:10AA3400262C2727276A44431E432741546727347B
:10AA4400393D3E3E3E38632C6A27442A3B650D0C53
:10AA5400484879480C4C83448D8D1B8D571D6A439F
:10AA64004A311786863131868A318A318A318A5A47
:10AA74008A4BEBEB5A4E4E4E5A4F1FE44F4F252351
:10AA8400506A443B3D633E9292929253923E3E9270
:10AA94003E3E3E3E3E3D3E927EC4000101000071BA
:10AAA400828801000102000101000101000100018E
:10AAB400C4C47E7E92533E56565656563B563B3A37
:10AAC4003E3E3D3D3D3D394160747B74F2F26D6D17
:10AAD400EA737A5F3E3D563A3B3B3B412B2B431E88
:10AAE400325B107C2D3C3A3A3A3A353A3A3B2927C4
:10AAF4002C266A265F25747B242422726DA9731286
:10AB0400725EF27222E44F6E5F1E425A5A5B15184F
:10AB14009D1C851CEEEEEEF3F3EE8C8C1A27272891
:06AB24002929292E270259
:10AB2A00000020007F001D000188010006A5010029
:10AB3A000AC2010013FC01000E5302001C8D020020
:10AB4A0014010300055803000A7503000AAF030045
:10AB5A000DE9030011230400077A04000997040091
:10AB6A0006D104000BEE04000E2805000E62050053
:10AB7A000F9C05000ED605000E1006000E4A0600B0
:10AB8A000E8406000EBE06000EF806000E320700FE
:10AB9A00066C07000789070011A6070011FD0700C8
:10ABAA00115408000DAB080014E50800103C090018
:10ABBA000F7609000FB0090011EA09000E410A00D8
:10ABCA000E7B0A0011B50A00100C0B000B460B0095
:10ABDA000A800B0011BA0B000E110C00134B0C006B
:10ABEA0011A20C0011F90C000F500D00118A0D0072
:10ABFA0012E10D000E380E000E720E0010AC0E009F
:10AC0A0010E60E0019200F0010940F0010CE0F004E
:10AC1A000E081000094210000C7C100009B6100042
:10AC2A0012F010000F471100098111000DBB11002D
:10AC3A000EF511000C2F12000E6912000DA312005E
:10AC4A000ADD12000E1713000E511300068B1300B3
:10AC5A0008A813000EC5130006FF1300151C1400E4
:10AC6A000E7314000EAD14000EE714000E21150029
:10AC7A000A5B15000C9515000ACF15000E0916007F
:10AC8A000E431600157D16000FD416000E0E17007F
:10AC9A000C4817000D82170009BC17000EF61700A2
:10ACAA00123018000787180000000000000000009A
:10ACBA00000000000000000000000000000000008A
:10ACCA0000000000000000000000003C3C3C3C3C4E
:10ACDA003C3C3C3C3C3C3C3C00003C3C3C000000D6
:10ACEA00000000000000000000000000DE03DE0398
:10ACFA00DE03DE03DE038C018C010000000000008D
:10AD0A000000000000000000000000000000000039
:10AD1A000000000000000000000000000000000029
:10AD2A00000000000000000000000000000080C3D6
:10AD3A000180C301C0E300C0E100FCFF07FCFF077C
:10AD4A00FCFF07E07000E07000E07000E07000FEB9
:10AD5A00FF01FEFF01FEFF01703800703800381C49
:10AD6A0000381C0000000000000000000000000085
:10AD7A0000000000000000000000000000C000C049
:10AD8A0000C000F00FFC1FFC1FDE18DE00DE00FE14
:10AD9A0003FC0FF81FC03FC03CC03CC63EFE1FFE6E
:10ADAA000FFC03C000C000C000C00000000000008B
:10ADBA000000000000000000000000000000000089
:10ADCA000000000000F8011C00FC030E00FC030E4A
:10ADDA00001E0707000E8707000E8703000EC70133
:10ADEA00000EC7F103FCE3F807FCE3F807F8713C2F
:10ADFA000E00701C0E00381C0E003C1C0E001C1CA1
:10AE0A000E000EF807000EF8070007F00300000016
:10AE1A000000000000000000000000000000000028
:10AE2A000000000000000000000000000000000018
:10AE3A00000000E00700F81F00FC3F003C3C003C1B
:10AE4A003C003C3C00F81E00F00700F0E301FCE780
:10AE5A0001BCEF011EFF011EFE001EFC003EF800B1
:10AE6A00FCFF01F8FF07F0C70F0000000000000018
:10AE7A00000000000000000000000000001E1E1E6E
:10AE8A001E1E0C0C00000000000000000000000064
:10AE9A00000000000000000000000000000000E0C8
:10AEAA0003F001F000780078003C003C003C001EF2
:10AEBA00001E001E001E001E001E001E001E003C7A
:10AECA00003C003C0078007800F000F001E003004C
:10AEDA000000000000000000003E007C007800F046
:10AEEA0000F000E001E001E001C003C003C003C0BC
:10AEFA0003C003C003C003C003E001E001E001F0A6
:10AF0A0000F00078007C003E000000000000000015
:10AF1A00000000C000C000C408DE1EF807E001F807
:10AF2A0007DE1EC408C000C00000000000000000C8
:10AF3A000000000000000000000000000000000007
:10AF4A0000000000000000000000000000000000F7
:10AF5A0000000000000000000000000000000007E0
:10AF6A0000000700000700000700000700000700B4
:10AF7A00FCFF01FCFF01FCFF0100070000070000C5
:10AF8A00070000070000070000070000000000009B
:10AF9A0000000000000000000000000000000000A7
:10AFAA00000000000000000000000000007C3C3CA3
:10AFBA001E1E0E0E07070000000000000000000021
:10AFCA000000000000000000000000000000000077
:10AFDA000000000000FE01FE01FE0100000000006A
:10AFEA000000000000000000000000000000000057
:10AFFA000000000000000000000000000000000047
:10B00A00000000003C3C3C3C3C000000000000000A
:10B01A000000000000000000000780078003800392
:10B02A008003C001C001C001E000E000E000F000C0
:10B03A007000700070003800380038001C001C00D6
:10B04A001C001E000E0000000000000000000000AE
:10B05A0000000000E003F80FFC1F3C1E3E3C1E3CB3
:10B06A001E3C1E3C1E3C1E3C1E3C1E3C1E3C3C3EE6
:10B07A003C1EFC1FF80FE003000000000000000067
:10B08A000000000000000000000000000000C003F3
:10B09A00E003FC03FC03FC03C003C003C003C003BA
:10B0AA00C003C003C003C003C003C003FC3FFC3F8E
:10B0BA00FC3F00000000000000000000000000004B
:10B0CA000000000000000000F007FC0FFC1F1C3EFF
:10B0DA00043C003C003C003C001E001F800FC007DF
:10B0EA00E003F001F800FC7FFC7FFC7F0000000019
:10B0FA000000000000000000000000000000000046
:10B10A000000F007FC1FFC3F1C3E043C003C001EF4
:10B11A00E00FE007E01F003E003C003C023C0E3E10
:10B12A00FE1FFE0FF80300000000000000000000F0
:10B13A00000000000000000000000000000F800F67
:10B14A00C00FC00FE00F700F700F380F380F1C0FB1
:10B15A000E0FFE3FFE3FFE3F000F000F000F000FD5
:10B16A0000000000000000000000000000000000D5
:10B17A00000000000000FC3FFC3FFC3F3C003C009C
:10B18A003C00FC07FC0FFC1F003E003C003C003C5E
:10B19A00023C0E1EFE1FFE0FF80300000000000016
:10B1AA000000000000000000000000000000000095
:10B1BA00801FE01FF81F78103C003C00DE07FE1FCE
:10B1CA00FE1F1E3E1E3C1E3C1E3C3E3C3C1EFC1FFF
:10B1DA00F80FE0030000000000000000000000007B
:10B1EA0000000000000000000000FE3FFE3FFE3F9E
:10B1FA00003E001E001F000F800F8007C007C0031B
:10B20A00E003E001F001F000F80078007C000000A3
:10B21A000000000000000000000000000000000024
:10B22A0000000000F007F81FFC3F3E3E1E3C1E3C9B
:10B23A007E1CFC0FF807F81F3C1F1E3E1E3C1E3CDE
:10B24A003E3EFC1FF80FF00700000000000000005F
:10B25A000000000000000000000000000000E00301
:10B26A00F80FFC1F3C1E1E3C1E3C1E3C1E3C3E3C76
:10B27A00FC3FFC3FF03D001E001E040FFC0FFC03C8
:10B28A00FC000000000000000000000000000000B8
:10B29A00000000000000003C3C3C3C3C0000003C3C
:10B2AA003C3C3C3C000000000000000000000000A4
:10B2BA00000000003C3C3C3C3C0000007C3C3C1E46
:10B2CA001E0E0E070700000000000000000000002C
:10B2DA000000000000000000000000000000000064
:10B2EA000000000100E00100F80100FE00C03F007C
:10B2FA00F00700FC01007C0000FC0100F00700C020
:10B30A003F0000FE0000F80100E00100000100001B
:10B31A000000000000000000000000000000000023
:10B32A000000000000000000000000000000000013
:10B33A000000000000000000000000000000000003
:10B34A0000F8FF01F8FF01F8FF010000000000000B
:10B35A00000000F8FF01F8FF01F8FF0100000000FB
:10B36A0000000000000000000000000000000000D3
:10B37A0000000000000000000000000000000000C3
:10B38A0000000000000000000000000000000004AF
:10B39A0000003C0000FC0000F80300E01F00007FF2
:10B3AA000000FC0100F00100FC01007F00E01F002A
:10B3BA00F80300FC00003C0000040000000000004C
:10B3CA000000000000000000000000000000000073
:10B3DA0000000000000000F803FE0FFE0F0E1F021F
:10B3EA001E001E001E000FC007F003F000F000F060
:10B3FA000000000000F000F000F000000000000073
:10B40A000000000000000000000000000000000032
:10B41A0000000000000000003F00C0FF00F0E00153
:10B42A0078800338FF039C7F07DC7107CE700EEE2D
:10B43A00700EEE700EEE700EEE700EEE700EEE7076
:10B44A000EDC7906DCFF07B8FF07780000F0400041
:10B45A00E07F00007F000000000000000000000004
:10B46A000000000000000000C003E007E007E0075A
:10B47A00F00FF00F700F781E781E781E3C3CFC3FD0
:10B48A00FC3FFE7F1E781E781FF80FF000000000B8
:10B49A0000000000000000000000000000000000A2
:10B4AA000000FC0FFC1FFC3F3C3E3C3C3C3C3C1E6D
:10B4BA00FC0FFC1FFC3F3C7C3C783C783C783C7C95
:10B4CA00FC3FFC1FFC0F0000000000000000000011
:10B4DA00000000000000000000000000C01FF07F14
:10B4EA00F87FFC703C603C401E001E001E001E00DF
:10B4FA001E001E003E403C60FC70F87FF07FC01FBB
:10B50A000000000000000000000000000000000031
:10B51A00000000000000000000000000FC0F00FC1A
:10B52A003F00FC7F003C7C003CF0003CF0003CE02B
:10B53A00013CE0013CE0013CE0013CE0013CE0016F
:10B54A003CF0003CF0003C7C00FC7F00FC1F00FC4F
:10B55A000F000000000000000000000000000000D2
:10B56A0000000000000000000000000000FC3FFC9A
:10B57A003FFC3F3C003C003C003C00FC1FFC1FFC25
:10B58A001F3C003C003C003C003C00FC3FFC3FFCF4
:10B59A003F00000000000000000000000000000062
:10B5AA0000000000000000FC3FFC3FFC3F3C003C68
:10B5BA00003C003C00FC1FFC1FFC1F3C003C003C04
:10B5CA00003C003C003C003C003C00000000000045
:10B5DA000000000000000000000000000000000061
:10B5EA0000000000000000803F00E0FF01F8FF01BA
:10B5FA00F8E0017C80013C00011E00001E00001ED4
:10B60A00FE011EFE011EFE011EE0013CE0017CE07F
:10B61A0001F8E101F8FF01E0FF01803F00000000AE
:10B62A000000000000000000000000000000000010
:10B63A0000000000000000003CF03CF03CF03CF050
:10B64A003CF03CF03CF0FCFFFCFFFCFF3CF03CF023
:10B65A003CF03CF03CF03CF03CF03CF000000000D8
:10B66A0000000000000000000000000000000000D0
:10B67A000000FE07FE07FE07F000F000F000F000F1
:10B68A00F000F000F000F000F000F000F000F00030
:10B69A00FE07FE07FE070000000000000000000091
:10B6AA00000000000000000000000000FC03FC0392
:10B6BA00FC03C003C003C003C003C003C003C0032C
:10B6CA00C003C003C003C003E103FF01FF007F0002
:10B6DA000000000000000000000000000000000060
:10B6EA000000000000000000000000003CF0013CE7
:10B6FA00F8003C7C003C3E003C3E003C1F00BC0F76
:10B70A0000BC0700FC0700FC0700FC0F003C1F0000
:10B71A003C1E003C3E003C7C003C78003CF8003C6F
:10B72A00F00100000000000000000000000000001E
:10B73A00000000000000000000000000003C003C87
:10B74A00003C003C003C003C003C003C003C003C0F
:10B75A00003C003C003C003C003C00FC3FFC3FFC41
:10B76A003F00000000000000000000000000000090
:10B77A00000000000000000000000000007CC0077C
:10B78A00FCC007FCE007FCE007FCF107FCF107FC42
:10B79A00F307BCBB07BCBB07BCBF073C9F073C9F6A
:10B7AA00073C9F073C8E073C80073C80073C80078C
:10B7BA003C800700000000000000000000000000BC
:10B7CA00000000000000000000000000000000006F
:10B7DA0000000000FCE001FCE001FCE101FCE101E9
:10B7EA00FCE301FCE301BCE701BCE7013CEF013CDF
:10B7FA00FF013CFE013CFE013CFC013CFC013CF823
:10B80A00013CF8013CF0013CE001000000000000AE
:10B81A00000000000000000000000000000000001E
:10B82A000000000000000000000000C00F00F03F10
:10B83A0000F87F007CF8003CF0003EF0011EE001B9
:10B84A001EE0011EE0011EE0011EE0011EE0013EB5
:10B85A00F0013CF0007CF800F87F00F03F00C00FD8
:10B86A0000000000000000000000000000000000CE
:10B87A00000000000000000000000000FC0FFC1F98
:10B88A00FC3F3C7C3C783C783C783C783C3CFC3F38
:10B89A00FC1FFC073C003C003C003C003C003C0018
:10B8AA00000000000000000000000000000000008E
:10B8BA00000000000000000000000000C00F00F0BF
:10B8CA003F00F87F007CF8003CF0003EF0011EE0EB
:10B8DA00011EE0011EE0011EE0011EE0011EE00162
:10B8EA003EF0013CF0007CF800F87F00F03F00C019
:10B8FA001F00001E00003E0000FC0100FC0100F8D1
:10B90A00010000000000000000000000000000002C
:10B91A00000000FC0F00FC3F00FC7F003C7C003C68
:10B92A0078003C78003C78003C7C00FC3F00FC1F1F
:10B93A0000FC1F003C1F003C3E003C7C003C7800A1
:10B94A003CF8003CF0013CE003000000000000006D
:10B95A0000000000000000000000000000000000DD
:10B96A0000000000E007F81FFC1F3E1C1E101E000E
:10B97A003E00FE03FC0FF81FE03F003E023C063C7F
:10B98A001E3EFE1FFE0FF80300000000000000002C
:10B99A000000000000000000000000000000FF3F5F
:10B9AA00FF3FFF3FE001E001E001E001E001E001CB
:10B9BA00E001E001E001E001E001E001E001E00175
:10B9CA00E00100000000000000000000000000008C
:10B9DA0000000000000000003CF03CF03CF03CF0AD
:10B9EA003CF03CF03CF03CF03CF03CF03CF03CF0ED
:10B9FA003CF03CF07878F87FF03FC00F0000000080
:10BA0A00000000000000000000000000000000002C
:10BA1A0000000FF01FF81E781E783E7C3C3C3C3C30
:10BA2A003C3C781E781E781EF00FF00FF00FE007EE
:10BA3A00E007E007C003000000000000000000006B
:10BA4A0000000000000000000000000000000000EC
:10BA5A0000000000000000000F7CE0010F7CE00104
:10BA6A001E7CF0001EFEF0001EFEF0001EFEF0001E
:10BA7A003CFE78003CEF79003CEF79003CEF79001E
:10BA8A0038C73900F8C73F00F8C73F00F8C33F007E
:10BA9A00F0831F00F0831F00F0811F00F0011F00D8
:10BAAA00000000000000000000000000000000008C
:10BABA00000000000000000000000000000000007C
:10BACA001FF81E7C3C3C7C3E781EF00FF00FE0070E
:10BADA00E007E007E007F00FF00F781E7C3E3C3CE1
:10BAEA001E781FF80000000000000000000000009F
:10BAFA00000000000000000000001FF81E783E7CD5
:10BB0A003C3C781E781EF00FF00FE007E007C003F8
:10BB1A00C003C003C003C003C003C003C0030000C6
:10BB2A00000000000000000000000000000000000B
:10BB3A0000000000FE3FFE3FFE3F003E001F000FD8
:10BB4A00800FC007C003E001F001F80078007C0014
:10BB5A003E00FE3FFE3FFE3F0000000000000000E6
:10BB6A00000000000000000000000000FC01FC01D1
:10BB7A00FC013C003C003C003C003C003C003C001A
:10BB8A003C003C003C003C003C003C003C003C00CB
:10BB9A003C003C003C00FC01FC01FC0100000000F0
:10BBAA000000000000001C003C003800380038008B
:10BBBA00700070007000E000E000E000E001C001E9
:10BBCA00C001C0018003800380030007000700074B
:10BBDA00000F000E0000000000000000000000003E
:10BBEA00FC01FC01FC01E001E001E001E001E001EF
:10BBFA00E001E001E001E001E001E001E001E00133
:10BC0A00E001E001E001E001E001FC01FC01FC01CE
:10BC1A00000000000000000000000000000000001A
:10BC2A000000000F00800F00801F00C03F00E039B5
:10BC3A0000E07000F0F00070E00038C0013CC00382
:10BC4A0000000000000000000000000000000000EA
:10BC5A0000000000000000000000000000000000DA
:10BC6A0000000000000000000000000000000000CA
:10BC7A0000000000000000000000000000000000BA
:10BC8A0000000000000000000000000000000000AA
:10BC9A000000000000000000000000FF7FFF7F009E
:10BCAA0000000000000000000078007000E000E0E2
:10BCBA0000C00100000000000000000000000000B9
:10BCCA00000000000000000000000000000000006A
:10BCDA00000000000000000000000000000000005A
:10BCEA00000000000000000000000000000000004A
:10BCFA0000F803FC0FFC1F0C1F001EE01FFC1F3E78
:10BD0A001E1E1E1E1EFE1FFC1FF81E000000000045
:10BD1A000000000000000000000000000000003CDD
:10BD2A00003C003C003C003C003C003C0FFC1FFC7B
:10BD3A001F3C3E3C3C3C3C3C3C3C3C3C3C3C1EFCB2
:10BD4A001FFC0FFC070000000000000000000000BC
:10BD5A0000000000000000000000000000000000D9
:10BD6A000000000000E007F80FFC0F3C0C1E081E44
:10BD7A00001E001E001E083C0CFC0FF80FE0070016
:10BD8A0000000000000000000000000000000000A9
:10BD9A00000000003C003C003C003C003C003CF041
:10BDAA003DF83FFC3F3C3C1E3C1E3C1E3C1E3C1EDC
:10BDBA003C3E3CFC3FF83FF03D0000000000000024
:10BDCA000000000000000000000000000000000069
:10BDDA00000000000000000000E003F80FFC0F3C28
:10BDEA001E1E1EFE1FFE1F1E001E003C18FC1FF812
:10BDFA001FE00F000000000000000000000000002B
:10BE0A0000000000000000F003F803F8037C003C87
:10BE1A00003C00FF01FF01FF013C003C003C003CEC
:10BE2A00003C003C003C003C003C003C00000000A0
:10BE3A0000000000000000000000000000000000F8
:10BE4A0000000000000000000000000000F03FF8C1
:10BE5A003FFC3F3C3C1E3C1E3C1E3C1E3C1E3C3EE6
:10BE6A003CFC3FF83FF03D003C0C3EFC1FFC0FF849
:10BE7A0003000000000000000000003C003C003C01
:10BE8A00003C003C003C003C0FFC1FFC3F3C3C3C9F
:10BE9A003C3C3C3C3C3C3C3C3C3C3C3C3C3C3C3CD8
:10BEAA003C0000000000000000000000000000004C
:10BEBA00003C3C3C00003C3C3C3C3C3C3C3C3C3C6C
:10BECA003C3C3C0000000000000000000000F0F0D4
:10BEDA00F00000FCFCFCF0F0F0F0F0F0F0F0F0F014
:10BEEA00F0F8FF7F3F000000000000000000003C67
:10BEFA00003C003C003C003C003C003C3E3C1E3CFC
:10BF0A000FBC07FC07FC03FC03FC07BC073C0F3C07
:10BF1A001F3C1E3C3E000000000000000000000024
:10BF2A00000000003C3C3C3C3C3C3C3C3C3C3C3C37
:10BF3A003C3C3C3C3C3C3C00000000000000000053
:10BF4A0000000000000000000000000000000000E7
:10BF5A00000000000000000000000000009E8707AB
:10BF6A00FEEF0FFEFF1F1E1E1E1E1E1E1E1E1E1E83
:10BF7A001E1E1E1E1E1E1E1E1E1E1E1E1E1E1E1ED7
:10BF8A001E1E1E1E0000000000000000000000002F
:10BF9A000000000000000000000000000000000097
:10BFAA000000000000000000003C0FFC1FFC3F3CAA
:10BFBA003C3C3C3C3C3C3C3C3C3C3C3C3C3C3C3CB7
:10BFCA003C3C3C00000000000000000000000000B3
:10BFDA000000000000000000000000000000000057
:10BFEA00000000E003F80FFC1F3C1E1E3C1E3C1E16
:10BFFA003C1E3C1E3C3C1EFC1FF80FE003000000E8
:10C00A000000000000000000000000000000000026
:10C01A00000000000000000000000000003C0FFCCF
:10C02A001FFC1F3C3E3C3C3C3C3C3C3C3C3C3C3CBE
:10C03A001EFC1FFC0FBC073C003C003C003C003CC3
:10C04A0000000000000000000000000000000000E6
:10C05A0000000000000000F03DF83FFC3F3C3C1EA1
:10C06A003C1E3C1E3C1E3C1E3C3E3CFC3FF83FF046
:10C07A003C003C003C003C003C003C00000000004E
:10C08A0000000000000000000000000000000000A6
:10C09A00003C03FC03FC033C003C003C003C003C2D
:10C0AA00003C003C003C003C003C0000000000005A
:10C0BA000000000000000000000000000000000076
:10C0CA000000000000000000000000F003FC07FE72
:10C0DA00071E043E00FE03FC07F80F820F0E0FFE38
:10C0EA000FFE07F801000000000000000000000039
:10C0FA00000000000000000000000000003C003CBE
:10C10A00003C003C00FF03FF03FF033C003C003CF3
:10C11A00003C003C003C003C00FC03F803F0030038
:10C12A000000000000000000000000000000000005
:10C13A000000000000000000000000000000003CB9
:10C14A003C3C3C3C3C3C3C3C3C3C3C3C3C3C3C3C25
:10C15A003C7C3CFC3FF83FF03C0000000000000043
:10C16A0000000000000000000000000000000000C5
:10C17A000000000000000000000F3C1E1E1E1E1ED4
:10C18A001E3C0F3C0F3C0FF807F807F807F003F0C6
:10C19A0003E00100000000000000000000000000B1
:10C1AA000000000000000000000000000000000085
:10C1BA0000000000000000000000000000000F1E48
:10C1CA001E1F1F1F1E1F0F1E1F0F1E3F0FBC3B07E8
:10C1DA00BCBB07BCBB07FCF103F8F103F8F103F899
:10C1EA00F103F0E001000000000000000000000080
:10C1FA000000000000000000000000000000000035
:10C20A00000000000000000000001F7C3E3E3C1EB3
:10C21A00780FF007F007E003F007F007780F3C1EED
:10C22A003E3E1F7C000000000000000000000000ED
:10C23A0000000000000000000000000000000000F4
:10C24A00000000000F3C1E1E1E1E1E1E3C0F3C0F4F
:10C25A003C0FF807F807F003F003F003E001E001F0
:10C26A00F001F000F8007800000000000000000073
:10C27A000000000000000000000000000000FE0FA7
:10C28A00FE0FFE0FC007C007E003F001F8007800B8
:10C29A007C00FE0FFE0FFE0F0000000000000000F1
:10C2AA00000000000000000000000000801FC01F06
:10C2BA00E01FE003E001E001E001E001E001E0014C
:10C2CA00F0007E001E007E00F000E001E001E001C7
:10C2DA00E001E001E003E01FC01F801F0000000032
:10C2EA00000000000000C001C001C001C001C0017F
:10C2FA00C001C001C001C001C001C001C001C0012C
:10C30A00C001C001C001C001C001C001C001C0011B
:10C31A00C001C001C00100000000000000000000D0
:10C32A00FC00FC01FC03E003C003C003C003C0031C
:10C33A00C003C0038007003F003C003F8007C003E2
:10C34A00C003C003C003C003E003FC03FC01FC00FC
:10C35A0000000000000000000000000000000000D3
:10C36A0000000000000000000000000000000000C3
:10C37A0000000000E08103F08303F8870338870395
:10C38A001CCE011CFE011CFC001C780000000000F1
:10C39A000000000000000000000000000000000093
:10C3AA000000000000000000000000007E666666D3
:10C3BA00666666666666666666666666667E0000C7
:04C3CA00000000006F
:1001F400000020007F001000018801000398010026
:1002040005A8010008B8010007C801000DD80100C5
:100214000AF801000318020005280200053802004C
:10022400074802000958020003780200058802000A
:100234000398020006A8020007B8020007C80200DB
:1002440007D8020007E8020007F8020007080300C5
:1002540007180300072803000738030007480300B2
:100264000358030003680300097803000998030096
:1002740009B8030006D8030009E8030009080400CC
:10028400072804000738040008480400065804003E
:100294000668040007780400088804000498040031
:1002A40005A8040007B8040006C804000AD804001E
:1002B40007F80400080805000718050008280500C9
:1002C40008380500074805000658050007680500BA
:1002D400087805000C88050008A8050008B8050082
:1002E40006C8050005D8050006E8050005F8050060
:1002F4000908060008280600053806000748060015
:1003040007580600066806000778060007880600F6
:100314000598060007A8060007B8060002C80600EC
:1003240003D8060006E8060002F806000A080700DB
:100334000728070007380700074807000758070081
:100344000568070006780700058807000798070076
:1003540007A807000AB8070006D8070007E807003F
:1003640006F8070006080800041808000628080014
:100374000A3808000B5808000000000000000000C4
:100384000000000000000000000000000606060651
:1003940006060006060000000000001B1B1B1B00D5
:1003A4000000000000000000000000004848FEFEBD
:1003B400247F7F1212000000000008083E4B0B0B44
:1003C4003E6868693E080800000000000000000064
:1003D4001E0033023301B3005E0FA019901988196F
:1003E400000F0000000000000000000000000000FA
:1003F4003C006600660066003C036603C601C60056
:10040400BC03000000000000000000060606060011
:100414000000000000000000000000180C0C06069C
:1004240006060606060C0C18000000060C0C18182C
:1004340018181818180C0C06000000185A3C5A1802
:1004440000000000000000000000000000000000A8
:100454000000200020002000FC01200020002000DB
:100464000000000000000000000000000000000088
:100474000000000606030300000000000000000066
:100484001F00000000000000000000000000000049
:1004940000000006060000000000002020101008E4
:1004A4000804040202010100000000003E636363CB
:1004B400636363633E00000000000000181E181808
:1004C400181818187E000000000000003E616160EA
:1004D40030180C067F000000000000003E616060E0
:1004E4003C6060613E00000000000000303834329F
:1004F400317F303030000000000000007E06063EF0
:10050400606060613E000000000000003C06033FA4
:10051400636363633E000000000000007F603030CE
:1005240018180C0C0C000000000000003E6363630C
:100534003E6363633E000000000000003E636363AB
:10054400637E60301E00000000000000000006060C
:10055400000000060600000000000000000006067F
:100564000000000606030300000000000000000075
:1005740000008001600018000600060018006000FA
:1005840080010000000000000000000000000000E6
:1005940000000000FE0100000000FE010000000059
:1005A4000000000000000000000000000000000047
:1005B400000006001800600080018001600018003F
:1005C4000600000000000000000000001E3130188A
:1005D4000C0C000C0C0000000000000000000000E7
:1005E4007C00820079016D016D016D016D01D900FE
:1005F4000200FC00000000000000000000000000F9
:10060400380038006C006C00C600FE00C600830190
:100614008301000000000000000000003F636363EA
:100624003F6363633F000000000000003E43430358
:10063400030343433E000000000000003F63C3C3C4
:10064400C3C3C3633F000000000000003F03030373
:100654001F0303033F000000000000003F030303E7
:100664001F03030303000000000000003E43430394
:10067400736363637E00000000000000C3C3C3C350
:10068400FFC3C3C3C3000000000000000F0606063A
:10069400060606060F000000000000001E181818C9
:1006A400181818180F0000000000000063331B0F17
:1006B400070F1B3363000000000000000303030363
:1006C400030303033F0000000000000000000000DB
:1006D400870387034D034D033903390311031103C2
:1006E40001030000000000000000000047474D4DDA
:1006F4005959717161000000000000007EC3C3C33A
:10070400C3C3C3C37E000000000000003F636363F3
:10071400633F030303000000000000007EC3C3C363
:10072400C3C3C3C37E60C000000000003F636363B3
:100734003F1B3363C3000000000000003E4343033B
:100744003E6061613E000000000000003F0C0C0CA4
:100754000C0C0C0C0C0000000000000063636363CD
:10076400636363633E00000000000000C3C3C3660C
:10077400663C3C1818000000000000000000000067
:10078400630C630C630CF30CF6069E079E070C03C4
:100794000C0300000000000000000000C3C3663C1E
:1007A400183C66C3C300000000000000C3C36666B3
:1007B4003C18181818000000000000003F303018E2
:1007C4000C0603033F0000000000001E0606060698
:1007D4000606060606061E000000000101020204C9
:1007E40004080810102020000000001E1818181813
:1007F4001818181818181E00000000000000000047
:1008040030004800840002010000000000000000E5
:1008140000000000000000000000000000000000D4
:10082400000000000000FF000000000C18000000A1
:1008340000000000000000000000000000003C6216
:10084400607E63637E0000000000000303033B67D7
:10085400636363633F0000000000000000001E2388
:10086400030303231E0000000000006060607E6339
:10087400636363736E0000000000000000003E63C9
:10088400637F03433E0000000000001C06060F06C1
:1008940006060606060000000000000000007E6355
:1008A400636363736E60613E0000000303033B6790
:1008B4006363636363000000000000030300030339
:1008C40003030303030000000000000606000706FC
:1008D4000606060606060603000000030303331B90
:1008E4000F070F1B33000000000000030303030382
:1008F40003030303030000000000000000000000E5
:1009040000000000DF0133033303330333033303F5
:1009140033030000000000000000000000003B67FB
:1009240063636363630000000000000000003E6333
:10093400636363633E0000000000000000003B6747
:10094400636363633F0303030000000000007E63EE
:10095400636363736E6060600000000000001B1F2F
:1009640003030303030000000000000000001E2333
:10097400071E38311E0000000000000006061F0696
:10098400060606061C000000000000000000636369
:10099400636363736E000000000000000000636383
:1009A4006336361C1C00000000000000000000003C
:1009B4000000000033033303B601B601CE01CC00BE
:1009C400CC000000000000000000000000003333F1
:1009D4001E0C1E333300000000000000000063639F
:1009E4006336361C1C180C0C0000000000003F305D
:1009F400180C06033F000000000000380C0C0C0C1F
:100A0400070C0C0C0C0C38000000000C0C0C0C0C2B
:100A14000C0C0C0C0C0C0C00000000070C0C0C0C47
:100A2400380C0C0C0C0C0700000000000000000047
:100A34000000000000001E023F02F103E10100007B
:100A44000000000000000000000000000000FE079D
:100A54000204020402040204020402040204020462
:080A6400FE0700000000000085
:0B0A6C006D696B726F6D65646961005D
:0A0A7700666F7220584D454741009C
:010A81000074
:020A8200000072
:010A84000071
:010A85000070
:010A8600006F
:010A8700006E
:00000001FF
