const code far char Tahoma29x29[] = {
   0x00,
   0x00,
   0x20,0x00,
   0x7F,0x00,
   0x1D,
   0x00,
   0x01,0x88,0x01,0x00,
   0x06,0xA5,0x01,0x00,
   0x0A,0xC2,0x01,0x00,
   0x13,0xFC,0x01,0x00,
   0x0E,0x53,0x02,0x00,
   0x1C,0x8D,0x02,0x00,
   0x14,0x01,0x03,0x00,
   0x05,0x58,0x03,0x00,
   0x0A,0x75,0x03,0x00,
   0x0A,0xAF,0x03,0x00,
   0x0D,0xE9,0x03,0x00,
   0x11,0x23,0x04,0x00,
   0x07,0x7A,0x04,0x00,
   0x09,0x97,0x04,0x00,
   0x06,0xD1,0x04,0x00,
   0x0B,0xEE,0x04,0x00,
   0x0E,0x28,0x05,0x00,
   0x0E,0x62,0x05,0x00,
   0x0F,0x9C,0x05,0x00,
   0x0E,0xD6,0x05,0x00,
   0x0E,0x10,0x06,0x00,
   0x0E,0x4A,0x06,0x00,
   0x0E,0x84,0x06,0x00,
   0x0E,0xBE,0x06,0x00,
   0x0E,0xF8,0x06,0x00,
   0x0E,0x32,0x07,0x00,
   0x06,0x6C,0x07,0x00,
   0x07,0x89,0x07,0x00,
   0x11,0xA6,0x07,0x00,
   0x11,0xFD,0x07,0x00,
   0x11,0x54,0x08,0x00,
   0x0D,0xAB,0x08,0x00,
   0x14,0xE5,0x08,0x00,
   0x10,0x3C,0x09,0x00,
   0x0F,0x76,0x09,0x00,
   0x0F,0xB0,0x09,0x00,
   0x11,0xEA,0x09,0x00,
   0x0E,0x41,0x0A,0x00,
   0x0E,0x7B,0x0A,0x00,
   0x11,0xB5,0x0A,0x00,
   0x10,0x0C,0x0B,0x00,
   0x0B,0x46,0x0B,0x00,
   0x0A,0x80,0x0B,0x00,
   0x11,0xBA,0x0B,0x00,
   0x0E,0x11,0x0C,0x00,
   0x13,0x4B,0x0C,0x00,
   0x11,0xA2,0x0C,0x00,
   0x11,0xF9,0x0C,0x00,
   0x0F,0x50,0x0D,0x00,
   0x11,0x8A,0x0D,0x00,
   0x12,0xE1,0x0D,0x00,
   0x0E,0x38,0x0E,0x00,
   0x0E,0x72,0x0E,0x00,
   0x10,0xAC,0x0E,0x00,
   0x10,0xE6,0x0E,0x00,
   0x19,0x20,0x0F,0x00,
   0x10,0x94,0x0F,0x00,
   0x10,0xCE,0x0F,0x00,
   0x0E,0x08,0x10,0x00,
   0x09,0x42,0x10,0x00,
   0x0C,0x7C,0x10,0x00,
   0x09,0xB6,0x10,0x00,
   0x12,0xF0,0x10,0x00,
   0x0F,0x47,0x11,0x00,
   0x09,0x81,0x11,0x00,
   0x0D,0xBB,0x11,0x00,
   0x0E,0xF5,0x11,0x00,
   0x0C,0x2F,0x12,0x00,
   0x0E,0x69,0x12,0x00,
   0x0D,0xA3,0x12,0x00,
   0x0A,0xDD,0x12,0x00,
   0x0E,0x17,0x13,0x00,
   0x0E,0x51,0x13,0x00,
   0x06,0x8B,0x13,0x00,
   0x08,0xA8,0x13,0x00,
   0x0E,0xC5,0x13,0x00,
   0x06,0xFF,0x13,0x00,
   0x15,0x1C,0x14,0x00,
   0x0E,0x73,0x14,0x00,
   0x0E,0xAD,0x14,0x00,
   0x0E,0xE7,0x14,0x00,
   0x0E,0x21,0x15,0x00,
   0x0A,0x5B,0x15,0x00,
   0x0C,0x95,0x15,0x00,
   0x0A,0xCF,0x15,0x00,
   0x0E,0x09,0x16,0x00,
   0x0E,0x43,0x16,0x00,
   0x15,0x7D,0x16,0x00,
   0x0F,0xD4,0x16,0x00,
   0x0E,0x0E,0x17,0x00,
   0x0C,0x48,0x17,0x00,
   0x0D,0x82,0x17,0x00,
   0x09,0xBC,0x17,0x00,
   0x0E,0xF6,0x17,0x00,
   0x12,0x30,0x18,0x00,
   0x07,0x87,0x18,0x00,
   0x00,0x00,0x00,0x00,0x00,0x00,0x00,0x00,0x00,0x00,0x00,0x00,0x00,0x00,0x00,0x00,0x00,0x00,0x00,0x00,0x00,0x00,0x00,0x00,0x00,0x00,0x00,0x00,0x00, // Code for char num 32
   0x00,0x00,0x00,0x00,0x00,0x00,0x3C,0x3C,0x3C,0x3C,0x3C,0x3C,0x3C,0x3C,0x3C,0x3C,0x3C,0x3C,0x3C,0x00,0x00,0x3C,0x3C,0x3C,0x00,0x00,0x00,0x00,0x00, // Code for char num 33
   0x00,0x00,0x00,0x00,0x00,0x00,0x00,0x00,0x00,0x00,0xDE,0x03,0xDE,0x03,0xDE,0x03,0xDE,0x03,0xDE,0x03,0x8C,0x01,0x8C,0x01,0x00,0x00,0x00,0x00,0x00,0x00,0x00,0x00,0x00,0x00,0x00,0x00,0x00,0x00,0x00,0x00,0x00,0x00,0x00,0x00,0x00,0x00,0x00,0x00,0x00,0x00,0x00,0x00,0x00,0x00,0x00,0x00,0x00,0x00, // Code for char num 34
   0x00,0x00,0x00,0x00,0x00,0x00,0x00,0x00,0x00,0x00,0x00,0x00,0x00,0x00,0x00,0x00,0x00,0x00,0x80,0xC3,0x01,0x80,0xC3,0x01,0xC0,0xE3,0x00,0xC0,0xE1,0x00,0xFC,0xFF,0x07,0xFC,0xFF,0x07,0xFC,0xFF,0x07,0xE0,0x70,0x00,0xE0,0x70,0x00,0xE0,0x70,0x00,0xE0,0x70,0x00,0xFE,0xFF,0x01,0xFE,0xFF,0x01,0xFE,0xFF,0x01,0x70,0x38,0x00,0x70,0x38,0x00,0x38,0x1C,0x00,0x38,0x1C,0x00,0x00,0x00,0x00,0x00,0x00,0x00,0x00,0x00,0x00,0x00,0x00,0x00,0x00,0x00,0x00, // Code for char num 35
   0x00,0x00,0x00,0x00,0x00,0x00,0x00,0x00,0x00,0x00,0xC0,0x00,0xC0,0x00,0xC0,0x00,0xF0,0x0F,0xFC,0x1F,0xFC,0x1F,0xDE,0x18,0xDE,0x00,0xDE,0x00,0xFE,0x03,0xFC,0x0F,0xF8,0x1F,0xC0,0x3F,0xC0,0x3C,0xC0,0x3C,0xC6,0x3E,0xFE,0x1F,0xFE,0x0F,0xFC,0x03,0xC0,0x00,0xC0,0x00,0xC0,0x00,0xC0,0x00,0x00,0x00, // Code for char num 36
   0x00,0x00,0x00,0x00,0x00,0x00,0x00,0x00,0x00,0x00,0x00,0x00,0x00,0x00,0x00,0x00,0x00,0x00,0x00,0x00,0x00,0x00,0x00,0x00,0xF8,0x01,0x1C,0x00,0xFC,0x03,0x0E,0x00,0xFC,0x03,0x0E,0x00,0x1E,0x07,0x07,0x00,0x0E,0x87,0x07,0x00,0x0E,0x87,0x03,0x00,0x0E,0xC7,0x01,0x00,0x0E,0xC7,0xF1,0x03,0xFC,0xE3,0xF8,0x07,0xFC,0xE3,0xF8,0x07,0xF8,0x71,0x3C,0x0E,0x00,0x70,0x1C,0x0E,0x00,0x38,0x1C,0x0E,0x00,0x3C,0x1C,0x0E,0x00,0x1C,0x1C,0x0E,0x00,0x0E,0xF8,0x07,0x00,0x0E,0xF8,0x07,0x00,0x07,0xF0,0x03,0x00,0x00,0x00,0x00,0x00,0x00,0x00,0x00,0x00,0x00,0x00,0x00,0x00,0x00,0x00,0x00,0x00,0x00,0x00,0x00, // Code for char num 37
   0x00,0x00,0x00,0x00,0x00,0x00,0x00,0x00,0x00,0x00,0x00,0x00,0x00,0x00,0x00,0x00,0x00,0x00,0xE0,0x07,0x00,0xF8,0x1F,0x00,0xFC,0x3F,0x00,0x3C,0x3C,0x00,0x3C,0x3C,0x00,0x3C,0x3C,0x00,0xF8,0x1E,0x00,0xF0,0x07,0x00,0xF0,0xE3,0x01,0xFC,0xE7,0x01,0xBC,0xEF,0x01,0x1E,0xFF,0x01,0x1E,0xFE,0x00,0x1E,0xFC,0x00,0x3E,0xF8,0x00,0xFC,0xFF,0x01,0xF8,0xFF,0x07,0xF0,0xC7,0x0F,0x00,0x00,0x00,0x00,0x00,0x00,0x00,0x00,0x00,0x00,0x00,0x00,0x00,0x00,0x00, // Code for char num 38
   0x00,0x00,0x00,0x00,0x00,0x1E,0x1E,0x1E,0x1E,0x1E,0x0C,0x0C,0x00,0x00,0x00,0x00,0x00,0x00,0x00,0x00,0x00,0x00,0x00,0x00,0x00,0x00,0x00,0x00,0x00, // Code for char num 39
   0x00,0x00,0x00,0x00,0x00,0x00,0x00,0x00,0x00,0x00,0xE0,0x03,0xF0,0x01,0xF0,0x00,0x78,0x00,0x78,0x00,0x3C,0x00,0x3C,0x00,0x3C,0x00,0x1E,0x00,0x1E,0x00,0x1E,0x00,0x1E,0x00,0x1E,0x00,0x1E,0x00,0x1E,0x00,0x1E,0x00,0x3C,0x00,0x3C,0x00,0x3C,0x00,0x78,0x00,0x78,0x00,0xF0,0x00,0xF0,0x01,0xE0,0x03, // Code for char num 40
   0x00,0x00,0x00,0x00,0x00,0x00,0x00,0x00,0x00,0x00,0x3E,0x00,0x7C,0x00,0x78,0x00,0xF0,0x00,0xF0,0x00,0xE0,0x01,0xE0,0x01,0xE0,0x01,0xC0,0x03,0xC0,0x03,0xC0,0x03,0xC0,0x03,0xC0,0x03,0xC0,0x03,0xC0,0x03,0xC0,0x03,0xE0,0x01,0xE0,0x01,0xE0,0x01,0xF0,0x00,0xF0,0x00,0x78,0x00,0x7C,0x00,0x3E,0x00, // Code for char num 41
   0x00,0x00,0x00,0x00,0x00,0x00,0x00,0x00,0x00,0x00,0xC0,0x00,0xC0,0x00,0xC4,0x08,0xDE,0x1E,0xF8,0x07,0xE0,0x01,0xF8,0x07,0xDE,0x1E,0xC4,0x08,0xC0,0x00,0xC0,0x00,0x00,0x00,0x00,0x00,0x00,0x00,0x00,0x00,0x00,0x00,0x00,0x00,0x00,0x00,0x00,0x00,0x00,0x00,0x00,0x00,0x00,0x00,0x00,0x00,0x00,0x00, // Code for char num 42
   0x00,0x00,0x00,0x00,0x00,0x00,0x00,0x00,0x00,0x00,0x00,0x00,0x00,0x00,0x00,0x00,0x00,0x00,0x00,0x00,0x00,0x00,0x00,0x00,0x00,0x00,0x00,0x00,0x07,0x00,0x00,0x07,0x00,0x00,0x07,0x00,0x00,0x07,0x00,0x00,0x07,0x00,0x00,0x07,0x00,0xFC,0xFF,0x01,0xFC,0xFF,0x01,0xFC,0xFF,0x01,0x00,0x07,0x00,0x00,0x07,0x00,0x00,0x07,0x00,0x00,0x07,0x00,0x00,0x07,0x00,0x00,0x07,0x00,0x00,0x00,0x00,0x00,0x00,0x00,0x00,0x00,0x00,0x00,0x00,0x00,0x00,0x00,0x00, // Code for char num 43
   0x00,0x00,0x00,0x00,0x00,0x00,0x00,0x00,0x00,0x00,0x00,0x00,0x00,0x00,0x00,0x00,0x00,0x00,0x00,0x7C,0x3C,0x3C,0x1E,0x1E,0x0E,0x0E,0x07,0x07,0x00, // Code for char num 44
   0x00,0x00,0x00,0x00,0x00,0x00,0x00,0x00,0x00,0x00,0x00,0x00,0x00,0x00,0x00,0x00,0x00,0x00,0x00,0x00,0x00,0x00,0x00,0x00,0x00,0x00,0x00,0x00,0x00,0x00,0xFE,0x01,0xFE,0x01,0xFE,0x01,0x00,0x00,0x00,0x00,0x00,0x00,0x00,0x00,0x00,0x00,0x00,0x00,0x00,0x00,0x00,0x00,0x00,0x00,0x00,0x00,0x00,0x00, // Code for char num 45
   0x00,0x00,0x00,0x00,0x00,0x00,0x00,0x00,0x00,0x00,0x00,0x00,0x00,0x00,0x00,0x00,0x00,0x00,0x00,0x3C,0x3C,0x3C,0x3C,0x3C,0x00,0x00,0x00,0x00,0x00, // Code for char num 46
   0x00,0x00,0x00,0x00,0x00,0x00,0x00,0x00,0x00,0x00,0x00,0x07,0x80,0x07,0x80,0x03,0x80,0x03,0x80,0x03,0xC0,0x01,0xC0,0x01,0xC0,0x01,0xE0,0x00,0xE0,0x00,0xE0,0x00,0xF0,0x00,0x70,0x00,0x70,0x00,0x70,0x00,0x38,0x00,0x38,0x00,0x38,0x00,0x1C,0x00,0x1C,0x00,0x1C,0x00,0x1E,0x00,0x0E,0x00,0x00,0x00, // Code for char num 47
   0x00,0x00,0x00,0x00,0x00,0x00,0x00,0x00,0x00,0x00,0x00,0x00,0xE0,0x03,0xF8,0x0F,0xFC,0x1F,0x3C,0x1E,0x3E,0x3C,0x1E,0x3C,0x1E,0x3C,0x1E,0x3C,0x1E,0x3C,0x1E,0x3C,0x1E,0x3C,0x1E,0x3C,0x1E,0x3C,0x3C,0x3E,0x3C,0x1E,0xFC,0x1F,0xF8,0x0F,0xE0,0x03,0x00,0x00,0x00,0x00,0x00,0x00,0x00,0x00,0x00,0x00, // Code for char num 48
   0x00,0x00,0x00,0x00,0x00,0x00,0x00,0x00,0x00,0x00,0x00,0x00,0xC0,0x03,0xE0,0x03,0xFC,0x03,0xFC,0x03,0xFC,0x03,0xC0,0x03,0xC0,0x03,0xC0,0x03,0xC0,0x03,0xC0,0x03,0xC0,0x03,0xC0,0x03,0xC0,0x03,0xC0,0x03,0xC0,0x03,0xFC,0x3F,0xFC,0x3F,0xFC,0x3F,0x00,0x00,0x00,0x00,0x00,0x00,0x00,0x00,0x00,0x00, // Code for char num 49
   0x00,0x00,0x00,0x00,0x00,0x00,0x00,0x00,0x00,0x00,0x00,0x00,0xF0,0x07,0xFC,0x0F,0xFC,0x1F,0x1C,0x3E,0x04,0x3C,0x00,0x3C,0x00,0x3C,0x00,0x3C,0x00,0x1E,0x00,0x1F,0x80,0x0F,0xC0,0x07,0xE0,0x03,0xF0,0x01,0xF8,0x00,0xFC,0x7F,0xFC,0x7F,0xFC,0x7F,0x00,0x00,0x00,0x00,0x00,0x00,0x00,0x00,0x00,0x00, // Code for char num 50
   0x00,0x00,0x00,0x00,0x00,0x00,0x00,0x00,0x00,0x00,0x00,0x00,0xF0,0x07,0xFC,0x1F,0xFC,0x3F,0x1C,0x3E,0x04,0x3C,0x00,0x3C,0x00,0x1E,0xE0,0x0F,0xE0,0x07,0xE0,0x1F,0x00,0x3E,0x00,0x3C,0x00,0x3C,0x02,0x3C,0x0E,0x3E,0xFE,0x1F,0xFE,0x0F,0xF8,0x03,0x00,0x00,0x00,0x00,0x00,0x00,0x00,0x00,0x00,0x00, // Code for char num 51
   0x00,0x00,0x00,0x00,0x00,0x00,0x00,0x00,0x00,0x00,0x00,0x00,0x00,0x0F,0x80,0x0F,0xC0,0x0F,0xC0,0x0F,0xE0,0x0F,0x70,0x0F,0x70,0x0F,0x38,0x0F,0x38,0x0F,0x1C,0x0F,0x0E,0x0F,0xFE,0x3F,0xFE,0x3F,0xFE,0x3F,0x00,0x0F,0x00,0x0F,0x00,0x0F,0x00,0x0F,0x00,0x00,0x00,0x00,0x00,0x00,0x00,0x00,0x00,0x00, // Code for char num 52
   0x00,0x00,0x00,0x00,0x00,0x00,0x00,0x00,0x00,0x00,0x00,0x00,0xFC,0x3F,0xFC,0x3F,0xFC,0x3F,0x3C,0x00,0x3C,0x00,0x3C,0x00,0xFC,0x07,0xFC,0x0F,0xFC,0x1F,0x00,0x3E,0x00,0x3C,0x00,0x3C,0x00,0x3C,0x02,0x3C,0x0E,0x1E,0xFE,0x1F,0xFE,0x0F,0xF8,0x03,0x00,0x00,0x00,0x00,0x00,0x00,0x00,0x00,0x00,0x00, // Code for char num 53
   0x00,0x00,0x00,0x00,0x00,0x00,0x00,0x00,0x00,0x00,0x00,0x00,0x80,0x1F,0xE0,0x1F,0xF8,0x1F,0x78,0x10,0x3C,0x00,0x3C,0x00,0xDE,0x07,0xFE,0x1F,0xFE,0x1F,0x1E,0x3E,0x1E,0x3C,0x1E,0x3C,0x1E,0x3C,0x3E,0x3C,0x3C,0x1E,0xFC,0x1F,0xF8,0x0F,0xE0,0x03,0x00,0x00,0x00,0x00,0x00,0x00,0x00,0x00,0x00,0x00, // Code for char num 54
   0x00,0x00,0x00,0x00,0x00,0x00,0x00,0x00,0x00,0x00,0x00,0x00,0xFE,0x3F,0xFE,0x3F,0xFE,0x3F,0x00,0x3E,0x00,0x1E,0x00,0x1F,0x00,0x0F,0x80,0x0F,0x80,0x07,0xC0,0x07,0xC0,0x03,0xE0,0x03,0xE0,0x01,0xF0,0x01,0xF0,0x00,0xF8,0x00,0x78,0x00,0x7C,0x00,0x00,0x00,0x00,0x00,0x00,0x00,0x00,0x00,0x00,0x00, // Code for char num 55
   0x00,0x00,0x00,0x00,0x00,0x00,0x00,0x00,0x00,0x00,0x00,0x00,0xF0,0x07,0xF8,0x1F,0xFC,0x3F,0x3E,0x3E,0x1E,0x3C,0x1E,0x3C,0x7E,0x1C,0xFC,0x0F,0xF8,0x07,0xF8,0x1F,0x3C,0x1F,0x1E,0x3E,0x1E,0x3C,0x1E,0x3C,0x3E,0x3E,0xFC,0x1F,0xF8,0x0F,0xF0,0x07,0x00,0x00,0x00,0x00,0x00,0x00,0x00,0x00,0x00,0x00, // Code for char num 56
   0x00,0x00,0x00,0x00,0x00,0x00,0x00,0x00,0x00,0x00,0x00,0x00,0xE0,0x03,0xF8,0x0F,0xFC,0x1F,0x3C,0x1E,0x1E,0x3C,0x1E,0x3C,0x1E,0x3C,0x1E,0x3C,0x3E,0x3C,0xFC,0x3F,0xFC,0x3F,0xF0,0x3D,0x00,0x1E,0x00,0x1E,0x04,0x0F,0xFC,0x0F,0xFC,0x03,0xFC,0x00,0x00,0x00,0x00,0x00,0x00,0x00,0x00,0x00,0x00,0x00, // Code for char num 57
   0x00,0x00,0x00,0x00,0x00,0x00,0x00,0x00,0x00,0x00,0x00,0x3C,0x3C,0x3C,0x3C,0x3C,0x00,0x00,0x00,0x3C,0x3C,0x3C,0x3C,0x3C,0x00,0x00,0x00,0x00,0x00, // Code for char num 58
   0x00,0x00,0x00,0x00,0x00,0x00,0x00,0x00,0x00,0x00,0x00,0x3C,0x3C,0x3C,0x3C,0x3C,0x00,0x00,0x00,0x7C,0x3C,0x3C,0x1E,0x1E,0x0E,0x0E,0x07,0x07,0x00, // Code for char num 59
   0x00,0x00,0x00,0x00,0x00,0x00,0x00,0x00,0x00,0x00,0x00,0x00,0x00,0x00,0x00,0x00,0x00,0x00,0x00,0x00,0x00,0x00,0x00,0x00,0x00,0x00,0x00,0x00,0x00,0x01,0x00,0xE0,0x01,0x00,0xF8,0x01,0x00,0xFE,0x00,0xC0,0x3F,0x00,0xF0,0x07,0x00,0xFC,0x01,0x00,0x7C,0x00,0x00,0xFC,0x01,0x00,0xF0,0x07,0x00,0xC0,0x3F,0x00,0x00,0xFE,0x00,0x00,0xF8,0x01,0x00,0xE0,0x01,0x00,0x00,0x01,0x00,0x00,0x00,0x00,0x00,0x00,0x00,0x00,0x00,0x00,0x00,0x00,0x00,0x00,0x00, // Code for char num 60
   0x00,0x00,0x00,0x00,0x00,0x00,0x00,0x00,0x00,0x00,0x00,0x00,0x00,0x00,0x00,0x00,0x00,0x00,0x00,0x00,0x00,0x00,0x00,0x00,0x00,0x00,0x00,0x00,0x00,0x00,0x00,0x00,0x00,0x00,0x00,0x00,0xF8,0xFF,0x01,0xF8,0xFF,0x01,0xF8,0xFF,0x01,0x00,0x00,0x00,0x00,0x00,0x00,0x00,0x00,0x00,0xF8,0xFF,0x01,0xF8,0xFF,0x01,0xF8,0xFF,0x01,0x00,0x00,0x00,0x00,0x00,0x00,0x00,0x00,0x00,0x00,0x00,0x00,0x00,0x00,0x00,0x00,0x00,0x00,0x00,0x00,0x00,0x00,0x00,0x00, // Code for char num 61
   0x00,0x00,0x00,0x00,0x00,0x00,0x00,0x00,0x00,0x00,0x00,0x00,0x00,0x00,0x00,0x00,0x00,0x00,0x00,0x00,0x00,0x00,0x00,0x00,0x00,0x00,0x00,0x04,0x00,0x00,0x3C,0x00,0x00,0xFC,0x00,0x00,0xF8,0x03,0x00,0xE0,0x1F,0x00,0x00,0x7F,0x00,0x00,0xFC,0x01,0x00,0xF0,0x01,0x00,0xFC,0x01,0x00,0x7F,0x00,0xE0,0x1F,0x00,0xF8,0x03,0x00,0xFC,0x00,0x00,0x3C,0x00,0x00,0x04,0x00,0x00,0x00,0x00,0x00,0x00,0x00,0x00,0x00,0x00,0x00,0x00,0x00,0x00,0x00,0x00,0x00, // Code for char num 62
   0x00,0x00,0x00,0x00,0x00,0x00,0x00,0x00,0x00,0x00,0x00,0x00,0xF8,0x03,0xFE,0x0F,0xFE,0x0F,0x0E,0x1F,0x02,0x1E,0x00,0x1E,0x00,0x1E,0x00,0x0F,0xC0,0x07,0xF0,0x03,0xF0,0x00,0xF0,0x00,0xF0,0x00,0x00,0x00,0x00,0x00,0xF0,0x00,0xF0,0x00,0xF0,0x00,0x00,0x00,0x00,0x00,0x00,0x00,0x00,0x00,0x00,0x00, // Code for char num 63
   0x00,0x00,0x00,0x00,0x00,0x00,0x00,0x00,0x00,0x00,0x00,0x00,0x00,0x00,0x00,0x00,0x00,0x00,0x00,0x3F,0x00,0xC0,0xFF,0x00,0xF0,0xE0,0x01,0x78,0x80,0x03,0x38,0xFF,0x03,0x9C,0x7F,0x07,0xDC,0x71,0x07,0xCE,0x70,0x0E,0xEE,0x70,0x0E,0xEE,0x70,0x0E,0xEE,0x70,0x0E,0xEE,0x70,0x0E,0xEE,0x70,0x0E,0xEE,0x70,0x0E,0xDC,0x79,0x06,0xDC,0xFF,0x07,0xB8,0xFF,0x07,0x78,0x00,0x00,0xF0,0x40,0x00,0xE0,0x7F,0x00,0x00,0x7F,0x00,0x00,0x00,0x00,0x00,0x00,0x00, // Code for char num 64
   0x00,0x00,0x00,0x00,0x00,0x00,0x00,0x00,0x00,0x00,0x00,0x00,0xC0,0x03,0xE0,0x07,0xE0,0x07,0xE0,0x07,0xF0,0x0F,0xF0,0x0F,0x70,0x0F,0x78,0x1E,0x78,0x1E,0x78,0x1E,0x3C,0x3C,0xFC,0x3F,0xFC,0x3F,0xFE,0x7F,0x1E,0x78,0x1E,0x78,0x1F,0xF8,0x0F,0xF0,0x00,0x00,0x00,0x00,0x00,0x00,0x00,0x00,0x00,0x00, // Code for char num 65
   0x00,0x00,0x00,0x00,0x00,0x00,0x00,0x00,0x00,0x00,0x00,0x00,0xFC,0x0F,0xFC,0x1F,0xFC,0x3F,0x3C,0x3E,0x3C,0x3C,0x3C,0x3C,0x3C,0x1E,0xFC,0x0F,0xFC,0x1F,0xFC,0x3F,0x3C,0x7C,0x3C,0x78,0x3C,0x78,0x3C,0x78,0x3C,0x7C,0xFC,0x3F,0xFC,0x1F,0xFC,0x0F,0x00,0x00,0x00,0x00,0x00,0x00,0x00,0x00,0x00,0x00, // Code for char num 66
   0x00,0x00,0x00,0x00,0x00,0x00,0x00,0x00,0x00,0x00,0x00,0x00,0xC0,0x1F,0xF0,0x7F,0xF8,0x7F,0xFC,0x70,0x3C,0x60,0x3C,0x40,0x1E,0x00,0x1E,0x00,0x1E,0x00,0x1E,0x00,0x1E,0x00,0x1E,0x00,0x3E,0x40,0x3C,0x60,0xFC,0x70,0xF8,0x7F,0xF0,0x7F,0xC0,0x1F,0x00,0x00,0x00,0x00,0x00,0x00,0x00,0x00,0x00,0x00, // Code for char num 67
   0x00,0x00,0x00,0x00,0x00,0x00,0x00,0x00,0x00,0x00,0x00,0x00,0x00,0x00,0x00,0x00,0x00,0x00,0xFC,0x0F,0x00,0xFC,0x3F,0x00,0xFC,0x7F,0x00,0x3C,0x7C,0x00,0x3C,0xF0,0x00,0x3C,0xF0,0x00,0x3C,0xE0,0x01,0x3C,0xE0,0x01,0x3C,0xE0,0x01,0x3C,0xE0,0x01,0x3C,0xE0,0x01,0x3C,0xE0,0x01,0x3C,0xF0,0x00,0x3C,0xF0,0x00,0x3C,0x7C,0x00,0xFC,0x7F,0x00,0xFC,0x1F,0x00,0xFC,0x0F,0x00,0x00,0x00,0x00,0x00,0x00,0x00,0x00,0x00,0x00,0x00,0x00,0x00,0x00,0x00,0x00, // Code for char num 68
   0x00,0x00,0x00,0x00,0x00,0x00,0x00,0x00,0x00,0x00,0x00,0x00,0xFC,0x3F,0xFC,0x3F,0xFC,0x3F,0x3C,0x00,0x3C,0x00,0x3C,0x00,0x3C,0x00,0xFC,0x1F,0xFC,0x1F,0xFC,0x1F,0x3C,0x00,0x3C,0x00,0x3C,0x00,0x3C,0x00,0x3C,0x00,0xFC,0x3F,0xFC,0x3F,0xFC,0x3F,0x00,0x00,0x00,0x00,0x00,0x00,0x00,0x00,0x00,0x00, // Code for char num 69
   0x00,0x00,0x00,0x00,0x00,0x00,0x00,0x00,0x00,0x00,0x00,0x00,0xFC,0x3F,0xFC,0x3F,0xFC,0x3F,0x3C,0x00,0x3C,0x00,0x3C,0x00,0x3C,0x00,0xFC,0x1F,0xFC,0x1F,0xFC,0x1F,0x3C,0x00,0x3C,0x00,0x3C,0x00,0x3C,0x00,0x3C,0x00,0x3C,0x00,0x3C,0x00,0x3C,0x00,0x00,0x00,0x00,0x00,0x00,0x00,0x00,0x00,0x00,0x00, // Code for char num 70
   0x00,0x00,0x00,0x00,0x00,0x00,0x00,0x00,0x00,0x00,0x00,0x00,0x00,0x00,0x00,0x00,0x00,0x00,0x80,0x3F,0x00,0xE0,0xFF,0x01,0xF8,0xFF,0x01,0xF8,0xE0,0x01,0x7C,0x80,0x01,0x3C,0x00,0x01,0x1E,0x00,0x00,0x1E,0x00,0x00,0x1E,0xFE,0x01,0x1E,0xFE,0x01,0x1E,0xFE,0x01,0x1E,0xE0,0x01,0x3C,0xE0,0x01,0x7C,0xE0,0x01,0xF8,0xE1,0x01,0xF8,0xFF,0x01,0xE0,0xFF,0x01,0x80,0x3F,0x00,0x00,0x00,0x00,0x00,0x00,0x00,0x00,0x00,0x00,0x00,0x00,0x00,0x00,0x00,0x00, // Code for char num 71
   0x00,0x00,0x00,0x00,0x00,0x00,0x00,0x00,0x00,0x00,0x00,0x00,0x3C,0xF0,0x3C,0xF0,0x3C,0xF0,0x3C,0xF0,0x3C,0xF0,0x3C,0xF0,0x3C,0xF0,0xFC,0xFF,0xFC,0xFF,0xFC,0xFF,0x3C,0xF0,0x3C,0xF0,0x3C,0xF0,0x3C,0xF0,0x3C,0xF0,0x3C,0xF0,0x3C,0xF0,0x3C,0xF0,0x00,0x00,0x00,0x00,0x00,0x00,0x00,0x00,0x00,0x00, // Code for char num 72
   0x00,0x00,0x00,0x00,0x00,0x00,0x00,0x00,0x00,0x00,0x00,0x00,0xFE,0x07,0xFE,0x07,0xFE,0x07,0xF0,0x00,0xF0,0x00,0xF0,0x00,0xF0,0x00,0xF0,0x00,0xF0,0x00,0xF0,0x00,0xF0,0x00,0xF0,0x00,0xF0,0x00,0xF0,0x00,0xF0,0x00,0xFE,0x07,0xFE,0x07,0xFE,0x07,0x00,0x00,0x00,0x00,0x00,0x00,0x00,0x00,0x00,0x00, // Code for char num 73
   0x00,0x00,0x00,0x00,0x00,0x00,0x00,0x00,0x00,0x00,0x00,0x00,0xFC,0x03,0xFC,0x03,0xFC,0x03,0xC0,0x03,0xC0,0x03,0xC0,0x03,0xC0,0x03,0xC0,0x03,0xC0,0x03,0xC0,0x03,0xC0,0x03,0xC0,0x03,0xC0,0x03,0xC0,0x03,0xE1,0x03,0xFF,0x01,0xFF,0x00,0x7F,0x00,0x00,0x00,0x00,0x00,0x00,0x00,0x00,0x00,0x00,0x00, // Code for char num 74
   0x00,0x00,0x00,0x00,0x00,0x00,0x00,0x00,0x00,0x00,0x00,0x00,0x00,0x00,0x00,0x00,0x00,0x00,0x3C,0xF0,0x01,0x3C,0xF8,0x00,0x3C,0x7C,0x00,0x3C,0x3E,0x00,0x3C,0x3E,0x00,0x3C,0x1F,0x00,0xBC,0x0F,0x00,0xBC,0x07,0x00,0xFC,0x07,0x00,0xFC,0x07,0x00,0xFC,0x0F,0x00,0x3C,0x1F,0x00,0x3C,0x1E,0x00,0x3C,0x3E,0x00,0x3C,0x7C,0x00,0x3C,0x78,0x00,0x3C,0xF8,0x00,0x3C,0xF0,0x01,0x00,0x00,0x00,0x00,0x00,0x00,0x00,0x00,0x00,0x00,0x00,0x00,0x00,0x00,0x00, // Code for char num 75
   0x00,0x00,0x00,0x00,0x00,0x00,0x00,0x00,0x00,0x00,0x00,0x00,0x3C,0x00,0x3C,0x00,0x3C,0x00,0x3C,0x00,0x3C,0x00,0x3C,0x00,0x3C,0x00,0x3C,0x00,0x3C,0x00,0x3C,0x00,0x3C,0x00,0x3C,0x00,0x3C,0x00,0x3C,0x00,0x3C,0x00,0xFC,0x3F,0xFC,0x3F,0xFC,0x3F,0x00,0x00,0x00,0x00,0x00,0x00,0x00,0x00,0x00,0x00, // Code for char num 76
   0x00,0x00,0x00,0x00,0x00,0x00,0x00,0x00,0x00,0x00,0x00,0x00,0x00,0x00,0x00,0x00,0x00,0x00,0x7C,0xC0,0x07,0xFC,0xC0,0x07,0xFC,0xE0,0x07,0xFC,0xE0,0x07,0xFC,0xF1,0x07,0xFC,0xF1,0x07,0xFC,0xF3,0x07,0xBC,0xBB,0x07,0xBC,0xBB,0x07,0xBC,0xBF,0x07,0x3C,0x9F,0x07,0x3C,0x9F,0x07,0x3C,0x9F,0x07,0x3C,0x8E,0x07,0x3C,0x80,0x07,0x3C,0x80,0x07,0x3C,0x80,0x07,0x3C,0x80,0x07,0x00,0x00,0x00,0x00,0x00,0x00,0x00,0x00,0x00,0x00,0x00,0x00,0x00,0x00,0x00, // Code for char num 77
   0x00,0x00,0x00,0x00,0x00,0x00,0x00,0x00,0x00,0x00,0x00,0x00,0x00,0x00,0x00,0x00,0x00,0x00,0xFC,0xE0,0x01,0xFC,0xE0,0x01,0xFC,0xE1,0x01,0xFC,0xE1,0x01,0xFC,0xE3,0x01,0xFC,0xE3,0x01,0xBC,0xE7,0x01,0xBC,0xE7,0x01,0x3C,0xEF,0x01,0x3C,0xFF,0x01,0x3C,0xFE,0x01,0x3C,0xFE,0x01,0x3C,0xFC,0x01,0x3C,0xFC,0x01,0x3C,0xF8,0x01,0x3C,0xF8,0x01,0x3C,0xF0,0x01,0x3C,0xE0,0x01,0x00,0x00,0x00,0x00,0x00,0x00,0x00,0x00,0x00,0x00,0x00,0x00,0x00,0x00,0x00, // Code for char num 78
   0x00,0x00,0x00,0x00,0x00,0x00,0x00,0x00,0x00,0x00,0x00,0x00,0x00,0x00,0x00,0x00,0x00,0x00,0xC0,0x0F,0x00,0xF0,0x3F,0x00,0xF8,0x7F,0x00,0x7C,0xF8,0x00,0x3C,0xF0,0x00,0x3E,0xF0,0x01,0x1E,0xE0,0x01,0x1E,0xE0,0x01,0x1E,0xE0,0x01,0x1E,0xE0,0x01,0x1E,0xE0,0x01,0x1E,0xE0,0x01,0x3E,0xF0,0x01,0x3C,0xF0,0x00,0x7C,0xF8,0x00,0xF8,0x7F,0x00,0xF0,0x3F,0x00,0xC0,0x0F,0x00,0x00,0x00,0x00,0x00,0x00,0x00,0x00,0x00,0x00,0x00,0x00,0x00,0x00,0x00,0x00, // Code for char num 79
   0x00,0x00,0x00,0x00,0x00,0x00,0x00,0x00,0x00,0x00,0x00,0x00,0xFC,0x0F,0xFC,0x1F,0xFC,0x3F,0x3C,0x7C,0x3C,0x78,0x3C,0x78,0x3C,0x78,0x3C,0x78,0x3C,0x3C,0xFC,0x3F,0xFC,0x1F,0xFC,0x07,0x3C,0x00,0x3C,0x00,0x3C,0x00,0x3C,0x00,0x3C,0x00,0x3C,0x00,0x00,0x00,0x00,0x00,0x00,0x00,0x00,0x00,0x00,0x00, // Code for char num 80
   0x00,0x00,0x00,0x00,0x00,0x00,0x00,0x00,0x00,0x00,0x00,0x00,0x00,0x00,0x00,0x00,0x00,0x00,0xC0,0x0F,0x00,0xF0,0x3F,0x00,0xF8,0x7F,0x00,0x7C,0xF8,0x00,0x3C,0xF0,0x00,0x3E,0xF0,0x01,0x1E,0xE0,0x01,0x1E,0xE0,0x01,0x1E,0xE0,0x01,0x1E,0xE0,0x01,0x1E,0xE0,0x01,0x1E,0xE0,0x01,0x3E,0xF0,0x01,0x3C,0xF0,0x00,0x7C,0xF8,0x00,0xF8,0x7F,0x00,0xF0,0x3F,0x00,0xC0,0x1F,0x00,0x00,0x1E,0x00,0x00,0x3E,0x00,0x00,0xFC,0x01,0x00,0xFC,0x01,0x00,0xF8,0x01, // Code for char num 81
   0x00,0x00,0x00,0x00,0x00,0x00,0x00,0x00,0x00,0x00,0x00,0x00,0x00,0x00,0x00,0x00,0x00,0x00,0xFC,0x0F,0x00,0xFC,0x3F,0x00,0xFC,0x7F,0x00,0x3C,0x7C,0x00,0x3C,0x78,0x00,0x3C,0x78,0x00,0x3C,0x78,0x00,0x3C,0x7C,0x00,0xFC,0x3F,0x00,0xFC,0x1F,0x00,0xFC,0x1F,0x00,0x3C,0x1F,0x00,0x3C,0x3E,0x00,0x3C,0x7C,0x00,0x3C,0x78,0x00,0x3C,0xF8,0x00,0x3C,0xF0,0x01,0x3C,0xE0,0x03,0x00,0x00,0x00,0x00,0x00,0x00,0x00,0x00,0x00,0x00,0x00,0x00,0x00,0x00,0x00, // Code for char num 82
   0x00,0x00,0x00,0x00,0x00,0x00,0x00,0x00,0x00,0x00,0x00,0x00,0xE0,0x07,0xF8,0x1F,0xFC,0x1F,0x3E,0x1C,0x1E,0x10,0x1E,0x00,0x3E,0x00,0xFE,0x03,0xFC,0x0F,0xF8,0x1F,0xE0,0x3F,0x00,0x3E,0x02,0x3C,0x06,0x3C,0x1E,0x3E,0xFE,0x1F,0xFE,0x0F,0xF8,0x03,0x00,0x00,0x00,0x00,0x00,0x00,0x00,0x00,0x00,0x00, // Code for char num 83
   0x00,0x00,0x00,0x00,0x00,0x00,0x00,0x00,0x00,0x00,0x00,0x00,0xFF,0x3F,0xFF,0x3F,0xFF,0x3F,0xE0,0x01,0xE0,0x01,0xE0,0x01,0xE0,0x01,0xE0,0x01,0xE0,0x01,0xE0,0x01,0xE0,0x01,0xE0,0x01,0xE0,0x01,0xE0,0x01,0xE0,0x01,0xE0,0x01,0xE0,0x01,0xE0,0x01,0x00,0x00,0x00,0x00,0x00,0x00,0x00,0x00,0x00,0x00, // Code for char num 84
   0x00,0x00,0x00,0x00,0x00,0x00,0x00,0x00,0x00,0x00,0x00,0x00,0x3C,0xF0,0x3C,0xF0,0x3C,0xF0,0x3C,0xF0,0x3C,0xF0,0x3C,0xF0,0x3C,0xF0,0x3C,0xF0,0x3C,0xF0,0x3C,0xF0,0x3C,0xF0,0x3C,0xF0,0x3C,0xF0,0x3C,0xF0,0x78,0x78,0xF8,0x7F,0xF0,0x3F,0xC0,0x0F,0x00,0x00,0x00,0x00,0x00,0x00,0x00,0x00,0x00,0x00, // Code for char num 85
   0x00,0x00,0x00,0x00,0x00,0x00,0x00,0x00,0x00,0x00,0x00,0x00,0x0F,0xF0,0x1F,0xF8,0x1E,0x78,0x1E,0x78,0x3E,0x7C,0x3C,0x3C,0x3C,0x3C,0x3C,0x3C,0x78,0x1E,0x78,0x1E,0x78,0x1E,0xF0,0x0F,0xF0,0x0F,0xF0,0x0F,0xE0,0x07,0xE0,0x07,0xE0,0x07,0xC0,0x03,0x00,0x00,0x00,0x00,0x00,0x00,0x00,0x00,0x00,0x00, // Code for char num 86
   0x00,0x00,0x00,0x00,0x00,0x00,0x00,0x00,0x00,0x00,0x00,0x00,0x00,0x00,0x00,0x00,0x00,0x00,0x00,0x00,0x00,0x00,0x00,0x00,0x0F,0x7C,0xE0,0x01,0x0F,0x7C,0xE0,0x01,0x1E,0x7C,0xF0,0x00,0x1E,0xFE,0xF0,0x00,0x1E,0xFE,0xF0,0x00,0x1E,0xFE,0xF0,0x00,0x3C,0xFE,0x78,0x00,0x3C,0xEF,0x79,0x00,0x3C,0xEF,0x79,0x00,0x3C,0xEF,0x79,0x00,0x38,0xC7,0x39,0x00,0xF8,0xC7,0x3F,0x00,0xF8,0xC7,0x3F,0x00,0xF8,0xC3,0x3F,0x00,0xF0,0x83,0x1F,0x00,0xF0,0x83,0x1F,0x00,0xF0,0x81,0x1F,0x00,0xF0,0x01,0x1F,0x00,0x00,0x00,0x00,0x00,0x00,0x00,0x00,0x00,0x00,0x00,0x00,0x00,0x00,0x00,0x00,0x00,0x00,0x00,0x00,0x00, // Code for char num 87
   0x00,0x00,0x00,0x00,0x00,0x00,0x00,0x00,0x00,0x00,0x00,0x00,0x1F,0xF8,0x1E,0x7C,0x3C,0x3C,0x7C,0x3E,0x78,0x1E,0xF0,0x0F,0xF0,0x0F,0xE0,0x07,0xE0,0x07,0xE0,0x07,0xE0,0x07,0xF0,0x0F,0xF0,0x0F,0x78,0x1E,0x7C,0x3E,0x3C,0x3C,0x1E,0x78,0x1F,0xF8,0x00,0x00,0x00,0x00,0x00,0x00,0x00,0x00,0x00,0x00, // Code for char num 88
   0x00,0x00,0x00,0x00,0x00,0x00,0x00,0x00,0x00,0x00,0x00,0x00,0x1F,0xF8,0x1E,0x78,0x3E,0x7C,0x3C,0x3C,0x78,0x1E,0x78,0x1E,0xF0,0x0F,0xF0,0x0F,0xE0,0x07,0xE0,0x07,0xC0,0x03,0xC0,0x03,0xC0,0x03,0xC0,0x03,0xC0,0x03,0xC0,0x03,0xC0,0x03,0xC0,0x03,0x00,0x00,0x00,0x00,0x00,0x00,0x00,0x00,0x00,0x00, // Code for char num 89
   0x00,0x00,0x00,0x00,0x00,0x00,0x00,0x00,0x00,0x00,0x00,0x00,0xFE,0x3F,0xFE,0x3F,0xFE,0x3F,0x00,0x3E,0x00,0x1F,0x00,0x0F,0x80,0x0F,0xC0,0x07,0xC0,0x03,0xE0,0x01,0xF0,0x01,0xF8,0x00,0x78,0x00,0x7C,0x00,0x3E,0x00,0xFE,0x3F,0xFE,0x3F,0xFE,0x3F,0x00,0x00,0x00,0x00,0x00,0x00,0x00,0x00,0x00,0x00, // Code for char num 90
   0x00,0x00,0x00,0x00,0x00,0x00,0x00,0x00,0x00,0x00,0xFC,0x01,0xFC,0x01,0xFC,0x01,0x3C,0x00,0x3C,0x00,0x3C,0x00,0x3C,0x00,0x3C,0x00,0x3C,0x00,0x3C,0x00,0x3C,0x00,0x3C,0x00,0x3C,0x00,0x3C,0x00,0x3C,0x00,0x3C,0x00,0x3C,0x00,0x3C,0x00,0x3C,0x00,0x3C,0x00,0x3C,0x00,0xFC,0x01,0xFC,0x01,0xFC,0x01, // Code for char num 91
   0x00,0x00,0x00,0x00,0x00,0x00,0x00,0x00,0x00,0x00,0x1C,0x00,0x3C,0x00,0x38,0x00,0x38,0x00,0x38,0x00,0x70,0x00,0x70,0x00,0x70,0x00,0xE0,0x00,0xE0,0x00,0xE0,0x00,0xE0,0x01,0xC0,0x01,0xC0,0x01,0xC0,0x01,0x80,0x03,0x80,0x03,0x80,0x03,0x00,0x07,0x00,0x07,0x00,0x07,0x00,0x0F,0x00,0x0E,0x00,0x00, // Code for char num 92
   0x00,0x00,0x00,0x00,0x00,0x00,0x00,0x00,0x00,0x00,0xFC,0x01,0xFC,0x01,0xFC,0x01,0xE0,0x01,0xE0,0x01,0xE0,0x01,0xE0,0x01,0xE0,0x01,0xE0,0x01,0xE0,0x01,0xE0,0x01,0xE0,0x01,0xE0,0x01,0xE0,0x01,0xE0,0x01,0xE0,0x01,0xE0,0x01,0xE0,0x01,0xE0,0x01,0xE0,0x01,0xE0,0x01,0xFC,0x01,0xFC,0x01,0xFC,0x01, // Code for char num 93
   0x00,0x00,0x00,0x00,0x00,0x00,0x00,0x00,0x00,0x00,0x00,0x00,0x00,0x00,0x00,0x00,0x00,0x00,0x00,0x0F,0x00,0x80,0x0F,0x00,0x80,0x1F,0x00,0xC0,0x3F,0x00,0xE0,0x39,0x00,0xE0,0x70,0x00,0xF0,0xF0,0x00,0x70,0xE0,0x00,0x38,0xC0,0x01,0x3C,0xC0,0x03,0x00,0x00,0x00,0x00,0x00,0x00,0x00,0x00,0x00,0x00,0x00,0x00,0x00,0x00,0x00,0x00,0x00,0x00,0x00,0x00,0x00,0x00,0x00,0x00,0x00,0x00,0x00,0x00,0x00,0x00,0x00,0x00,0x00,0x00,0x00,0x00,0x00,0x00,0x00, // Code for char num 94
   0x00,0x00,0x00,0x00,0x00,0x00,0x00,0x00,0x00,0x00,0x00,0x00,0x00,0x00,0x00,0x00,0x00,0x00,0x00,0x00,0x00,0x00,0x00,0x00,0x00,0x00,0x00,0x00,0x00,0x00,0x00,0x00,0x00,0x00,0x00,0x00,0x00,0x00,0x00,0x00,0x00,0x00,0x00,0x00,0x00,0x00,0x00,0x00,0x00,0x00,0x00,0x00,0xFF,0x7F,0xFF,0x7F,0x00,0x00, // Code for char num 95
   0x00,0x00,0x00,0x00,0x00,0x00,0x00,0x00,0x78,0x00,0x70,0x00,0xE0,0x00,0xE0,0x00,0xC0,0x01,0x00,0x00,0x00,0x00,0x00,0x00,0x00,0x00,0x00,0x00,0x00,0x00,0x00,0x00,0x00,0x00,0x00,0x00,0x00,0x00,0x00,0x00,0x00,0x00,0x00,0x00,0x00,0x00,0x00,0x00,0x00,0x00,0x00,0x00,0x00,0x00,0x00,0x00,0x00,0x00, // Code for char num 96
   0x00,0x00,0x00,0x00,0x00,0x00,0x00,0x00,0x00,0x00,0x00,0x00,0x00,0x00,0x00,0x00,0x00,0x00,0x00,0x00,0x00,0x00,0xF8,0x03,0xFC,0x0F,0xFC,0x1F,0x0C,0x1F,0x00,0x1E,0xE0,0x1F,0xFC,0x1F,0x3E,0x1E,0x1E,0x1E,0x1E,0x1E,0xFE,0x1F,0xFC,0x1F,0xF8,0x1E,0x00,0x00,0x00,0x00,0x00,0x00,0x00,0x00,0x00,0x00, // Code for char num 97
   0x00,0x00,0x00,0x00,0x00,0x00,0x00,0x00,0x00,0x00,0x3C,0x00,0x3C,0x00,0x3C,0x00,0x3C,0x00,0x3C,0x00,0x3C,0x00,0x3C,0x0F,0xFC,0x1F,0xFC,0x1F,0x3C,0x3E,0x3C,0x3C,0x3C,0x3C,0x3C,0x3C,0x3C,0x3C,0x3C,0x3C,0x3C,0x1E,0xFC,0x1F,0xFC,0x0F,0xFC,0x07,0x00,0x00,0x00,0x00,0x00,0x00,0x00,0x00,0x00,0x00, // Code for char num 98
   0x00,0x00,0x00,0x00,0x00,0x00,0x00,0x00,0x00,0x00,0x00,0x00,0x00,0x00,0x00,0x00,0x00,0x00,0x00,0x00,0x00,0x00,0xE0,0x07,0xF8,0x0F,0xFC,0x0F,0x3C,0x0C,0x1E,0x08,0x1E,0x00,0x1E,0x00,0x1E,0x00,0x1E,0x08,0x3C,0x0C,0xFC,0x0F,0xF8,0x0F,0xE0,0x07,0x00,0x00,0x00,0x00,0x00,0x00,0x00,0x00,0x00,0x00, // Code for char num 99
   0x00,0x00,0x00,0x00,0x00,0x00,0x00,0x00,0x00,0x00,0x00,0x3C,0x00,0x3C,0x00,0x3C,0x00,0x3C,0x00,0x3C,0x00,0x3C,0xF0,0x3D,0xF8,0x3F,0xFC,0x3F,0x3C,0x3C,0x1E,0x3C,0x1E,0x3C,0x1E,0x3C,0x1E,0x3C,0x1E,0x3C,0x3E,0x3C,0xFC,0x3F,0xF8,0x3F,0xF0,0x3D,0x00,0x00,0x00,0x00,0x00,0x00,0x00,0x00,0x00,0x00, // Code for char num 100
   0x00,0x00,0x00,0x00,0x00,0x00,0x00,0x00,0x00,0x00,0x00,0x00,0x00,0x00,0x00,0x00,0x00,0x00,0x00,0x00,0x00,0x00,0xE0,0x03,0xF8,0x0F,0xFC,0x0F,0x3C,0x1E,0x1E,0x1E,0xFE,0x1F,0xFE,0x1F,0x1E,0x00,0x1E,0x00,0x3C,0x18,0xFC,0x1F,0xF8,0x1F,0xE0,0x0F,0x00,0x00,0x00,0x00,0x00,0x00,0x00,0x00,0x00,0x00, // Code for char num 101
   0x00,0x00,0x00,0x00,0x00,0x00,0x00,0x00,0x00,0x00,0xF0,0x03,0xF8,0x03,0xF8,0x03,0x7C,0x00,0x3C,0x00,0x3C,0x00,0xFF,0x01,0xFF,0x01,0xFF,0x01,0x3C,0x00,0x3C,0x00,0x3C,0x00,0x3C,0x00,0x3C,0x00,0x3C,0x00,0x3C,0x00,0x3C,0x00,0x3C,0x00,0x3C,0x00,0x00,0x00,0x00,0x00,0x00,0x00,0x00,0x00,0x00,0x00, // Code for char num 102
   0x00,0x00,0x00,0x00,0x00,0x00,0x00,0x00,0x00,0x00,0x00,0x00,0x00,0x00,0x00,0x00,0x00,0x00,0x00,0x00,0x00,0x00,0xF0,0x3F,0xF8,0x3F,0xFC,0x3F,0x3C,0x3C,0x1E,0x3C,0x1E,0x3C,0x1E,0x3C,0x1E,0x3C,0x1E,0x3C,0x3E,0x3C,0xFC,0x3F,0xF8,0x3F,0xF0,0x3D,0x00,0x3C,0x0C,0x3E,0xFC,0x1F,0xFC,0x0F,0xF8,0x03, // Code for char num 103
   0x00,0x00,0x00,0x00,0x00,0x00,0x00,0x00,0x00,0x00,0x3C,0x00,0x3C,0x00,0x3C,0x00,0x3C,0x00,0x3C,0x00,0x3C,0x00,0x3C,0x0F,0xFC,0x1F,0xFC,0x3F,0x3C,0x3C,0x3C,0x3C,0x3C,0x3C,0x3C,0x3C,0x3C,0x3C,0x3C,0x3C,0x3C,0x3C,0x3C,0x3C,0x3C,0x3C,0x3C,0x3C,0x00,0x00,0x00,0x00,0x00,0x00,0x00,0x00,0x00,0x00, // Code for char num 104
   0x00,0x00,0x00,0x00,0x00,0x00,0x3C,0x3C,0x3C,0x00,0x00,0x3C,0x3C,0x3C,0x3C,0x3C,0x3C,0x3C,0x3C,0x3C,0x3C,0x3C,0x3C,0x3C,0x00,0x00,0x00,0x00,0x00, // Code for char num 105
   0x00,0x00,0x00,0x00,0x00,0x00,0xF0,0xF0,0xF0,0x00,0x00,0xFC,0xFC,0xFC,0xF0,0xF0,0xF0,0xF0,0xF0,0xF0,0xF0,0xF0,0xF0,0xF0,0xF0,0xF8,0xFF,0x7F,0x3F, // Code for char num 106
   0x00,0x00,0x00,0x00,0x00,0x00,0x00,0x00,0x00,0x00,0x3C,0x00,0x3C,0x00,0x3C,0x00,0x3C,0x00,0x3C,0x00,0x3C,0x00,0x3C,0x3E,0x3C,0x1E,0x3C,0x0F,0xBC,0x07,0xFC,0x07,0xFC,0x03,0xFC,0x03,0xFC,0x07,0xBC,0x07,0x3C,0x0F,0x3C,0x1F,0x3C,0x1E,0x3C,0x3E,0x00,0x00,0x00,0x00,0x00,0x00,0x00,0x00,0x00,0x00, // Code for char num 107
   0x00,0x00,0x00,0x00,0x00,0x3C,0x3C,0x3C,0x3C,0x3C,0x3C,0x3C,0x3C,0x3C,0x3C,0x3C,0x3C,0x3C,0x3C,0x3C,0x3C,0x3C,0x3C,0x3C,0x00,0x00,0x00,0x00,0x00, // Code for char num 108
   0x00,0x00,0x00,0x00,0x00,0x00,0x00,0x00,0x00,0x00,0x00,0x00,0x00,0x00,0x00,0x00,0x00,0x00,0x00,0x00,0x00,0x00,0x00,0x00,0x00,0x00,0x00,0x00,0x00,0x00,0x00,0x00,0x00,0x9E,0x87,0x07,0xFE,0xEF,0x0F,0xFE,0xFF,0x1F,0x1E,0x1E,0x1E,0x1E,0x1E,0x1E,0x1E,0x1E,0x1E,0x1E,0x1E,0x1E,0x1E,0x1E,0x1E,0x1E,0x1E,0x1E,0x1E,0x1E,0x1E,0x1E,0x1E,0x1E,0x1E,0x1E,0x1E,0x1E,0x1E,0x1E,0x00,0x00,0x00,0x00,0x00,0x00,0x00,0x00,0x00,0x00,0x00,0x00,0x00,0x00,0x00, // Code for char num 109
   0x00,0x00,0x00,0x00,0x00,0x00,0x00,0x00,0x00,0x00,0x00,0x00,0x00,0x00,0x00,0x00,0x00,0x00,0x00,0x00,0x00,0x00,0x3C,0x0F,0xFC,0x1F,0xFC,0x3F,0x3C,0x3C,0x3C,0x3C,0x3C,0x3C,0x3C,0x3C,0x3C,0x3C,0x3C,0x3C,0x3C,0x3C,0x3C,0x3C,0x3C,0x3C,0x3C,0x3C,0x00,0x00,0x00,0x00,0x00,0x00,0x00,0x00,0x00,0x00, // Code for char num 110
   0x00,0x00,0x00,0x00,0x00,0x00,0x00,0x00,0x00,0x00,0x00,0x00,0x00,0x00,0x00,0x00,0x00,0x00,0x00,0x00,0x00,0x00,0xE0,0x03,0xF8,0x0F,0xFC,0x1F,0x3C,0x1E,0x1E,0x3C,0x1E,0x3C,0x1E,0x3C,0x1E,0x3C,0x1E,0x3C,0x3C,0x1E,0xFC,0x1F,0xF8,0x0F,0xE0,0x03,0x00,0x00,0x00,0x00,0x00,0x00,0x00,0x00,0x00,0x00, // Code for char num 111
   0x00,0x00,0x00,0x00,0x00,0x00,0x00,0x00,0x00,0x00,0x00,0x00,0x00,0x00,0x00,0x00,0x00,0x00,0x00,0x00,0x00,0x00,0x3C,0x0F,0xFC,0x1F,0xFC,0x1F,0x3C,0x3E,0x3C,0x3C,0x3C,0x3C,0x3C,0x3C,0x3C,0x3C,0x3C,0x3C,0x3C,0x1E,0xFC,0x1F,0xFC,0x0F,0xBC,0x07,0x3C,0x00,0x3C,0x00,0x3C,0x00,0x3C,0x00,0x3C,0x00, // Code for char num 112
   0x00,0x00,0x00,0x00,0x00,0x00,0x00,0x00,0x00,0x00,0x00,0x00,0x00,0x00,0x00,0x00,0x00,0x00,0x00,0x00,0x00,0x00,0xF0,0x3D,0xF8,0x3F,0xFC,0x3F,0x3C,0x3C,0x1E,0x3C,0x1E,0x3C,0x1E,0x3C,0x1E,0x3C,0x1E,0x3C,0x3E,0x3C,0xFC,0x3F,0xF8,0x3F,0xF0,0x3C,0x00,0x3C,0x00,0x3C,0x00,0x3C,0x00,0x3C,0x00,0x3C, // Code for char num 113
   0x00,0x00,0x00,0x00,0x00,0x00,0x00,0x00,0x00,0x00,0x00,0x00,0x00,0x00,0x00,0x00,0x00,0x00,0x00,0x00,0x00,0x00,0x3C,0x03,0xFC,0x03,0xFC,0x03,0x3C,0x00,0x3C,0x00,0x3C,0x00,0x3C,0x00,0x3C,0x00,0x3C,0x00,0x3C,0x00,0x3C,0x00,0x3C,0x00,0x3C,0x00,0x00,0x00,0x00,0x00,0x00,0x00,0x00,0x00,0x00,0x00, // Code for char num 114
   0x00,0x00,0x00,0x00,0x00,0x00,0x00,0x00,0x00,0x00,0x00,0x00,0x00,0x00,0x00,0x00,0x00,0x00,0x00,0x00,0x00,0x00,0xF0,0x03,0xFC,0x07,0xFE,0x07,0x1E,0x04,0x3E,0x00,0xFE,0x03,0xFC,0x07,0xF8,0x0F,0x82,0x0F,0x0E,0x0F,0xFE,0x0F,0xFE,0x07,0xF8,0x01,0x00,0x00,0x00,0x00,0x00,0x00,0x00,0x00,0x00,0x00, // Code for char num 115
   0x00,0x00,0x00,0x00,0x00,0x00,0x00,0x00,0x00,0x00,0x00,0x00,0x00,0x00,0x3C,0x00,0x3C,0x00,0x3C,0x00,0x3C,0x00,0xFF,0x03,0xFF,0x03,0xFF,0x03,0x3C,0x00,0x3C,0x00,0x3C,0x00,0x3C,0x00,0x3C,0x00,0x3C,0x00,0x3C,0x00,0xFC,0x03,0xF8,0x03,0xF0,0x03,0x00,0x00,0x00,0x00,0x00,0x00,0x00,0x00,0x00,0x00, // Code for char num 116
   0x00,0x00,0x00,0x00,0x00,0x00,0x00,0x00,0x00,0x00,0x00,0x00,0x00,0x00,0x00,0x00,0x00,0x00,0x00,0x00,0x00,0x00,0x3C,0x3C,0x3C,0x3C,0x3C,0x3C,0x3C,0x3C,0x3C,0x3C,0x3C,0x3C,0x3C,0x3C,0x3C,0x3C,0x3C,0x3C,0x7C,0x3C,0xFC,0x3F,0xF8,0x3F,0xF0,0x3C,0x00,0x00,0x00,0x00,0x00,0x00,0x00,0x00,0x00,0x00, // Code for char num 117
   0x00,0x00,0x00,0x00,0x00,0x00,0x00,0x00,0x00,0x00,0x00,0x00,0x00,0x00,0x00,0x00,0x00,0x00,0x00,0x00,0x00,0x00,0x0F,0x3C,0x1E,0x1E,0x1E,0x1E,0x1E,0x1E,0x3C,0x0F,0x3C,0x0F,0x3C,0x0F,0xF8,0x07,0xF8,0x07,0xF8,0x07,0xF0,0x03,0xF0,0x03,0xE0,0x01,0x00,0x00,0x00,0x00,0x00,0x00,0x00,0x00,0x00,0x00, // Code for char num 118
   0x00,0x00,0x00,0x00,0x00,0x00,0x00,0x00,0x00,0x00,0x00,0x00,0x00,0x00,0x00,0x00,0x00,0x00,0x00,0x00,0x00,0x00,0x00,0x00,0x00,0x00,0x00,0x00,0x00,0x00,0x00,0x00,0x00,0x0F,0x1E,0x1E,0x1F,0x1F,0x1F,0x1E,0x1F,0x0F,0x1E,0x1F,0x0F,0x1E,0x3F,0x0F,0xBC,0x3B,0x07,0xBC,0xBB,0x07,0xBC,0xBB,0x07,0xFC,0xF1,0x03,0xF8,0xF1,0x03,0xF8,0xF1,0x03,0xF8,0xF1,0x03,0xF0,0xE0,0x01,0x00,0x00,0x00,0x00,0x00,0x00,0x00,0x00,0x00,0x00,0x00,0x00,0x00,0x00,0x00, // Code for char num 119
   0x00,0x00,0x00,0x00,0x00,0x00,0x00,0x00,0x00,0x00,0x00,0x00,0x00,0x00,0x00,0x00,0x00,0x00,0x00,0x00,0x00,0x00,0x1F,0x7C,0x3E,0x3E,0x3C,0x1E,0x78,0x0F,0xF0,0x07,0xF0,0x07,0xE0,0x03,0xF0,0x07,0xF0,0x07,0x78,0x0F,0x3C,0x1E,0x3E,0x3E,0x1F,0x7C,0x00,0x00,0x00,0x00,0x00,0x00,0x00,0x00,0x00,0x00, // Code for char num 120
   0x00,0x00,0x00,0x00,0x00,0x00,0x00,0x00,0x00,0x00,0x00,0x00,0x00,0x00,0x00,0x00,0x00,0x00,0x00,0x00,0x00,0x00,0x0F,0x3C,0x1E,0x1E,0x1E,0x1E,0x1E,0x1E,0x3C,0x0F,0x3C,0x0F,0x3C,0x0F,0xF8,0x07,0xF8,0x07,0xF0,0x03,0xF0,0x03,0xF0,0x03,0xE0,0x01,0xE0,0x01,0xF0,0x01,0xF0,0x00,0xF8,0x00,0x78,0x00, // Code for char num 121
   0x00,0x00,0x00,0x00,0x00,0x00,0x00,0x00,0x00,0x00,0x00,0x00,0x00,0x00,0x00,0x00,0x00,0x00,0x00,0x00,0x00,0x00,0xFE,0x0F,0xFE,0x0F,0xFE,0x0F,0xC0,0x07,0xC0,0x07,0xE0,0x03,0xF0,0x01,0xF8,0x00,0x78,0x00,0x7C,0x00,0xFE,0x0F,0xFE,0x0F,0xFE,0x0F,0x00,0x00,0x00,0x00,0x00,0x00,0x00,0x00,0x00,0x00, // Code for char num 122
   0x00,0x00,0x00,0x00,0x00,0x00,0x00,0x00,0x00,0x00,0x80,0x1F,0xC0,0x1F,0xE0,0x1F,0xE0,0x03,0xE0,0x01,0xE0,0x01,0xE0,0x01,0xE0,0x01,0xE0,0x01,0xE0,0x01,0xF0,0x00,0x7E,0x00,0x1E,0x00,0x7E,0x00,0xF0,0x00,0xE0,0x01,0xE0,0x01,0xE0,0x01,0xE0,0x01,0xE0,0x01,0xE0,0x03,0xE0,0x1F,0xC0,0x1F,0x80,0x1F, // Code for char num 123
   0x00,0x00,0x00,0x00,0x00,0x00,0x00,0x00,0x00,0x00,0xC0,0x01,0xC0,0x01,0xC0,0x01,0xC0,0x01,0xC0,0x01,0xC0,0x01,0xC0,0x01,0xC0,0x01,0xC0,0x01,0xC0,0x01,0xC0,0x01,0xC0,0x01,0xC0,0x01,0xC0,0x01,0xC0,0x01,0xC0,0x01,0xC0,0x01,0xC0,0x01,0xC0,0x01,0xC0,0x01,0xC0,0x01,0xC0,0x01,0xC0,0x01,0xC0,0x01, // Code for char num 124
   0x00,0x00,0x00,0x00,0x00,0x00,0x00,0x00,0x00,0x00,0xFC,0x00,0xFC,0x01,0xFC,0x03,0xE0,0x03,0xC0,0x03,0xC0,0x03,0xC0,0x03,0xC0,0x03,0xC0,0x03,0xC0,0x03,0x80,0x07,0x00,0x3F,0x00,0x3C,0x00,0x3F,0x80,0x07,0xC0,0x03,0xC0,0x03,0xC0,0x03,0xC0,0x03,0xC0,0x03,0xE0,0x03,0xFC,0x03,0xFC,0x01,0xFC,0x00, // Code for char num 125
   0x00,0x00,0x00,0x00,0x00,0x00,0x00,0x00,0x00,0x00,0x00,0x00,0x00,0x00,0x00,0x00,0x00,0x00,0x00,0x00,0x00,0x00,0x00,0x00,0x00,0x00,0x00,0x00,0x00,0x00,0x00,0x00,0x00,0x00,0x00,0x00,0xE0,0x81,0x03,0xF0,0x83,0x03,0xF8,0x87,0x03,0x38,0x87,0x03,0x1C,0xCE,0x01,0x1C,0xFE,0x01,0x1C,0xFC,0x00,0x1C,0x78,0x00,0x00,0x00,0x00,0x00,0x00,0x00,0x00,0x00,0x00,0x00,0x00,0x00,0x00,0x00,0x00,0x00,0x00,0x00,0x00,0x00,0x00,0x00,0x00,0x00,0x00,0x00,0x00, // Code for char num 126
   0x00,0x00,0x00,0x00,0x00,0x7E,0x66,0x66,0x66,0x66,0x66,0x66,0x66,0x66,0x66,0x66,0x66,0x66,0x66,0x66,0x66,0x66,0x7E,0x00,0x00,0x00,0x00,0x00,0x00 // Code for char num 127
        };
const code far char xmega2_BMP[41078] = {
0x00,0x08,
0xA9,0x00,
0xF0,0x00,
0x00,0x00,
0x20,0x00,
0x21,0x00,
0x61,0x08,
0x42,0x08,
0x44,0x10,
0x28,0x20,
0xC8,0x30,
0xCB,0x38,
0x2D,0x41,
0x8C,0x49,
0x0D,0x52,
0x2F,0x6A,
0x30,0x6A,
0xD0,0x6A,
0xD3,0x72,
0x35,0x7B,
0xB5,0x8B,
0x15,0x94,
0x56,0x9C,
0xD8,0x9B,
0x57,0x8B,
0xB6,0x82,
0x31,0x72,
0x55,0x72,
0xF1,0x59,
0x70,0x59,
0x4F,0x69,
0x91,0x69,
0xAF,0x6A,
0xEF,0x72,
0x92,0x8B,
0x93,0x83,
0xB2,0x7B,
0xF3,0x8B,
0xF3,0x83,
0xB2,0x83,
0x71,0x7B,
0xEF,0x6A,
0xAD,0x62,
0x6D,0x5A,
0x6C,0x5A,
0x6B,0x5A,
0xAC,0x62,
0xEE,0x62,
0x8E,0x62,
0xAD,0x5A,
0xAE,0x5A,
0xEF,0x62,
0x73,0x8A,
0xF3,0x82,
0x11,0x7B,
0x2A,0x52,
0x29,0x52,
0x29,0x4A,
0xE8,0x41,
0xA8,0x41,
0xE9,0x49,
0xC9,0x51,
0x2A,0x5A,
0xCA,0x51,
0xA8,0x49,
0x47,0x41,
0x45,0x59,
0x08,0x72,
0x6B,0x62,
0xCD,0x72,
0x8E,0x6A,
0x4C,0x62,
0x21,0x08,
0xA5,0x18,
0x2C,0x38,
0xED,0x59,
0xD0,0x72,
0x52,0x7B,
0x93,0x8B,
0xB2,0x6A,
0xD8,0xA4,
0x30,0x7B,
0xB1,0x83,
0x70,0x73,
0x2B,0x52,
0x31,0x73,
0x47,0x39,
0x0B,0x5A,
0x30,0x6B,
0xC8,0x59,
0x6C,0x7A,
0x6E,0x40,
0x4B,0x39,
0x50,0x83,
0x14,0x8B,
0x13,0x7A,
0x30,0x73,
0x15,0x9C,
0x2F,0x73,
0xF2,0x83,
0x6C,0x52,
0xAB,0x52,
0xA9,0x49,
0x70,0x48,
0x4E,0x5A,
0x8F,0x62,
0x2F,0x6B,
0x6B,0x52,
0xE6,0x28,
0xEE,0x6A,
0x4E,0x51,
0x71,0x73,
0x75,0x94,
0x70,0x7B,
0x0C,0x52,
0xA3,0x10,
0x20,0x08,
0x14,0x94,
0xB6,0x9C,
0x33,0x8C,
0xE9,0x41,
0x48,0x39,
0xCA,0x49,
0x0C,0x4A,
0x0C,0x5A,
0xD7,0xA4,
0x34,0x8C,
0x52,0x6B,
0xA9,0x41,
0xA4,0x30,
0x38,0xAD,
0xD7,0x92,
0x40,0x50,
0x81,0x79,
0x2F,0x7A,
0x54,0xA3,
0xD4,0x71,
0x91,0x81,
0x6D,0x52,
0x02,0x51,
0x68,0x8A,
0xAF,0x9A,
0x78,0x82,
0xD1,0x70,
0x6B,0x69,
0x75,0x8C,
0x48,0x41,
0xB1,0x7B,
0x61,0x18,
0xE5,0x38,
0xE5,0x81,
0xC2,0x9A,
0xAE,0x60,
0xC4,0xA2,
0x06,0xA3,
0xC5,0xBA,
0xEB,0x58,
0xA7,0xA2,
0x1A,0x93,
0x8E,0x81,
0x12,0x6A,
0x2B,0x4A,
0x45,0xBB,
0xA5,0x71,
0x5C,0xAC,
0x45,0xC3,
0x27,0x92,
0xA4,0x99,
0x24,0x92,
0xA9,0xBB,
0x46,0xC3,
0xE3,0x70,
0x75,0x9C,
0xEA,0x9A,
0xA5,0xCB,
0xA7,0xC3,
0x46,0xAA,
0xF2,0x9B,
0xC7,0xBA,
0xE4,0xBB,
0x66,0xCC,
0xEE,0xA3,
0x04,0xAA,
0x62,0x00,
0x01,0x9A,
0xC0,0xBA,
0x61,0xCB,
0x2D,0x8B,
0x29,0x3A,
0xC1,0xD4,
0x64,0xCB,
0x21,0xB2,
0x40,0x30,
0x44,0xB2,
0xC4,0xD3,
0x94,0x61,
0x0D,0xBC,
0x62,0xB3,
0x5A,0xB5,
0x42,0x20,
0x26,0xE5,
0xF0,0xCC,
0x91,0xB4,
0x76,0xC5,
0x3A,0xCE,
0xFF,0xF7,
0x45,0xDC,
0xC4,0xC2,
0xDB,0xBD,
0xBF,0xFF,
0xFF,0xFF,
0xBF,0xF7,
0xBF,0xEF,
0xFE,0xDE,
0x7D,0xCE,
0xF9,0xEE,
0x57,0xDE,
0x3B,0xF7,
0x74,0x9C,
0xBE,0xF7,
0xBA,0xBD,
0x7F,0xF7,
0x14,0xA4,
0x3D,0xE7,
0xBB,0xD6,
0x60,0xA1,
0x80,0x78,
0x5E,0xE7,
0xBD,0xF7,
0xF3,0xDD,
0x2D,0x6B,
0xF2,0x8B,
0xDC,0xE6,
0xFE,0xFF,
0xB7,0x9D,
0xBE,0xFF,
0x9A,0xF7,
0xB5,0x94,
0xB1,0x9B,
0x20,0x18,
0x6A,0x5A,
0x56,0x78,
0xAF,0x7B,
0x94,0x58,
0xEA,0xD4,
0x74,0x94,
0xBB,0x88,
0xF8,0x69,
0xC6,0xED,
0x6A,0x52,
0x29,0xEE,
0x00,0x00,
0x00,0x00,
0x00,0x00,
0x00,0x00,
0x00,0x00,
0x00,0x00,
0x00,0x00,
0x00,0x00,
0x00,0x00,0x00,0x00,0x00,0x00,0x00,0x00,0x00,0x00,0x00,0x00,0x00,0x00,0x00,0x00,0x00,0x00,0x00,0x00,0x00,0x00,0x00,0x00,0x00,
0x00,0x00,0x00,0x00,0x00,0x00,0x00,0x00,0x00,0x00,0x00,0x00,0x00,0x00,0x00,0x00,0x00,0x00,0x00,0x00,0x00,0x00,0x00,0x00,0x00,
0x00,0x00,0x00,0x00,0x00,0x00,0x00,0x00,0x00,0x00,0x00,0x00,0x00,0x00,0x00,0x00,0x00,0x00,0x00,0x00,0x00,0x00,0x00,0x00,0x00,
0x00,0x00,0x00,0x00,0x00,0x00,0x00,0x00,0x00,0x00,0x00,0x00,0x00,0x00,0x00,0x00,0x00,0x00,0x00,0x00,0x00,0x00,0x00,0x00,0x00,
0x00,0x00,0x00,0x00,0x00,0x00,0x00,0x00,0x00,0x00,0x00,0x00,0x00,0x00,0x00,0x00,0x00,0x00,0x00,0x00,0x00,0x00,0x00,0x00,0x00,
0x00,0x00,0x00,0x00,0x00,0x00,0x00,0x00,0x00,0x00,0x00,0x00,0x00,0x00,0x00,0x00,0x00,0x00,0x00,0x00,0x00,0x00,0x00,0x00,0x00,
0x00,0x00,0x00,0x00,0x00,0x00,0x00,0x00,0x00,0x00,0x00,0x00,0x00,0x00,0x00,0x00,0x00,0x00,0x00,0x00,0x00,0x00,0x00,0x00,0x00,
0x00,0x00,0x00,0x00,0x00,0x00,0x00,0x00,0x00,0x00,0x00,0x00,0x00,0x00,0x00,0x00,0x00,0x00,0x00,0x00,0x00,0x00,0x00,0x00,0x00,
0x00,0x00,0x00,0x00,0x00,0x00,0x00,0x00,0x00,0x00,0x00,0x00,0x00,0x00,0x00,0x00,0x00,0x00,0x00,0x00,0x00,0x00,0x00,0x00,0x00,
0x00,0x00,0x00,0x00,0x00,0x00,0x00,0x00,0x00,0x00,0x00,0x00,0x00,0x00,0x00,0x00,0x00,0x00,0x00,0x00,0x00,0x00,0x00,0x00,0x00,
0x00,0x00,0x00,0x00,0x00,0x00,0x00,0x00,0x00,0x00,0x00,0x00,0x00,0x00,0x00,0x00,0x00,0x00,0x00,0x00,0x00,0x00,0x00,0x00,0x00,
0x00,0x00,0x00,0x00,0x00,0x00,0x00,0x00,0x00,0x00,0x00,0x00,0x00,0x00,0x00,0x00,0x00,0x00,0x00,0x00,0x00,0x00,0x00,0x00,0x00,
0x00,0x00,0x00,0x00,0x00,0x00,0x00,0x00,0x00,0x00,0x00,0x00,0x00,0x00,0x00,0x00,0x00,0x00,0x00,0x00,0x00,0x00,0x00,0x00,0x00,
0x00,0x00,0x00,0x00,0x00,0x00,0x00,0x00,0x00,0x00,0x00,0x00,0x00,0x00,0x00,0x00,0x00,0x00,0x00,0x00,0x00,0x00,0x00,0x00,0x00,
0x00,0x00,0x00,0x00,0x00,0x00,0x00,0x00,0x00,0x00,0x00,0x00,0x00,0x00,0x00,0x00,0x00,0x00,0x00,0x00,0x00,0x00,0x00,0x00,0x00,
0x00,0x00,0x00,0x00,0x00,0x00,0x00,0x00,0x00,0x00,0x00,0x00,0x00,0x00,0x00,0x00,0x00,0x00,0x00,0x00,0x00,0x00,0x00,0x00,0x00,
0x00,0x00,0x00,0x00,0x00,0x00,0x00,0x00,0x00,0x00,0x00,0x00,0x00,0x00,0x00,0x00,0x00,0x00,0x00,0x00,0x00,0x00,0x00,0x00,0x00,
0x00,0x00,0x00,0x00,0x00,0x00,0x00,0x00,0x00,0x00,0x00,0x00,0x00,0x00,0x00,0x00,0x00,0x00,0x00,0x00,0x00,0x00,0x00,0x00,0x00,
0x00,0x00,0x00,0x00,0x00,0x00,0x00,0x00,0x00,0x00,0x00,0x00,0x00,0x00,0x00,0x00,0x00,0x00,0x00,0x00,0x00,0x00,0x00,0x00,0x00,
0x00,0x00,0x00,0x00,0x00,0x00,0x00,0x00,0x00,0x00,0x00,0x00,0x00,0x00,0x00,0x00,0x00,0x00,0x00,0x00,0x00,0x00,0x00,0x00,0x00,
0x00,0x00,0x00,0x00,0x00,0x00,0x00,0x00,0x00,0x00,0x00,0x00,0x00,0x00,0x00,0x00,0x00,0x00,0x00,0x00,0x00,0x00,0x00,0x00,0x00,
0x00,0x00,0x00,0x00,0x00,0x00,0x00,0x00,0x00,0x00,0x00,0x00,0x00,0x00,0x00,0x00,0x00,0x00,0x00,0x00,0x00,0x00,0x00,0x00,0x00,
0x00,0x00,0x00,0x00,0x00,0x00,0x00,0x00,0x00,0x00,0x00,0x00,0x00,0x00,0x00,0x00,0x00,0x00,0x00,0x00,0x00,0x00,0x00,0x00,0x00,
0x00,0x00,0x00,0x00,0x00,0x00,0x00,0x00,0x00,0x00,0x00,0x00,0x00,0x00,0x00,0x00,0x00,0x00,0x00,0x00,0x00,0x00,0x00,0x00,0x00,
0x00,0x00,0x00,0x00,0x00,0x00,0x00,0x00,0x00,0x00,0x00,0x00,0x00,0x00,0x00,0x00,0x00,0x00,0x00,0x00,0x00,0x00,0x00,0x00,0x00,
0x00,0x00,0x00,0x00,0x00,0x00,0x00,0x00,0x00,0x00,0x00,0x00,0x00,0x00,0x00,0x00,0x00,0x00,0x00,0x00,0x00,0x00,0x00,0x00,0x00,
0x00,0x00,0x00,0x00,0x00,0x00,0x00,0x00,0x00,0x00,0x00,0x00,0x00,0x00,0x00,0x00,0x00,0x00,0x00,0x00,0x00,0x00,0x00,0x00,0x00,
0x00,0x00,0x00,0x00,0x00,0x00,0x00,0x00,0x00,0x00,0x00,0x00,0x00,0x00,0x00,0x00,0x00,0x00,0x00,0x00,0x00,0x00,0x00,0x00,0x00,
0x00,0x00,0x00,0x00,0x00,0x00,0x00,0x00,0x00,0x00,0x00,0x00,0x00,0x00,0x00,0x00,0x00,0x00,0x00,0x00,0x00,0x00,0x00,0x00,0x00,
0x00,0x00,0x00,0x00,0x00,0x00,0x00,0x00,0x00,0x00,0x00,0x00,0x00,0x00,0x00,0x00,0x00,0x00,0x00,0x00,0x00,0x00,0x00,0x00,0x00,
0x00,0x00,0x00,0x00,0x00,0x00,0x00,0x00,0x00,0x00,0x00,0x00,0x00,0x00,0x00,0x00,0x00,0x00,0x00,0x00,0x00,0x00,0x00,0x00,0x00,
0x00,0x00,0x00,0x00,0x00,0x00,0x00,0x00,0x00,0x00,0x00,0x00,0x00,0x00,0x00,0x00,0x00,0x00,0x00,0x00,0x00,0x00,0x00,0x00,0x00,
0x00,0x00,0x00,0x00,0x00,0x00,0x00,0x00,0x00,0x00,0x00,0x00,0x00,0x00,0x00,0x00,0x00,0x00,0x00,0x00,0x00,0x00,0x00,0x00,0x00,
0x00,0x00,0x00,0x00,0x00,0x00,0x00,0x00,0x00,0x00,0x00,0x00,0x00,0x00,0x00,0x00,0x00,0x00,0x00,0x00,0x00,0x00,0x00,0x00,0x00,
0x00,0x00,0x00,0x00,0x00,0x00,0x00,0x00,0x00,0x00,0x00,0x00,0x00,0x00,0x00,0x00,0x00,0x00,0x00,0x00,0x00,0x00,0x00,0x00,0x00,
0x00,0x00,0x00,0x00,0x00,0x00,0x00,0x00,0x00,0x00,0x00,0x00,0x00,0x00,0x00,0x00,0x00,0x00,0x00,0x00,0x00,0x00,0x00,0x00,0x00,
0x00,0x00,0x00,0x00,0x00,0x00,0x00,0x00,0x00,0x00,0x00,0x00,0x00,0x00,0x00,0x00,0x00,0x00,0x00,0x00,0x00,0x00,0x00,0x00,0x00,
0x00,0x00,0x00,0x00,0x00,0x00,0x00,0x00,0x00,0x00,0x00,0x00,0x00,0x00,0x00,0x00,0x00,0x00,0x00,0x00,0x00,0x00,0x00,0x00,0x00,
0x00,0x00,0x00,0x00,0x00,0x00,0x00,0x00,0x00,0x00,0x00,0x00,0x00,0x00,0x00,0x00,0x00,0x00,0x00,0x00,0x00,0x00,0x00,0x00,0x00,
0x00,0x00,0x00,0x00,0x00,0x00,0x00,0x00,0x00,0x00,0x00,0x00,0x00,0x00,0x00,0x00,0x00,0x00,0x00,0x00,0x00,0x00,0x00,0x00,0x00,
0x00,0x00,0x00,0x00,0x00,0x00,0x00,0x00,0x00,0x00,0x00,0x00,0x00,0x00,0x00,0x00,0x00,0x00,0x00,0x00,0x00,0x00,0x00,0x00,0x00,
0x00,0x00,0x00,0x00,0x00,0x00,0x00,0x00,0x00,0x00,0x00,0x00,0x00,0x00,0x00,0x00,0x00,0x00,0x00,0x00,0x00,0x00,0x00,0x00,0x00,
0x00,0x00,0x00,0x00,0x00,0x00,0x00,0x00,0x00,0x00,0x00,0x00,0x00,0x00,0x00,0x00,0x00,0x00,0x00,0x00,0x00,0x00,0x00,0x00,0x00,
0x00,0x00,0x00,0x00,0x00,0x00,0x00,0x00,0x00,0x00,0x00,0x00,0x00,0x00,0x00,0x00,0x00,0x00,0x00,0x00,0x00,0x00,0x00,0x00,0x00,
0x00,0x00,0x00,0x00,0x00,0x00,0x00,0x00,0x00,0x00,0x00,0x00,0x00,0x00,0x00,0x00,0x00,0x00,0x00,0x00,0x00,0x00,0x00,0x00,0x00,
0x00,0x00,0x00,0x00,0x00,0x00,0x00,0x00,0x00,0x00,0x00,0x00,0x00,0x00,0x00,0x00,0x00,0x00,0x00,0x00,0x00,0x00,0x00,0x00,0x00,
0x00,0x00,0x00,0x00,0x00,0x00,0x00,0x00,0x00,0x00,0x00,0x00,0x00,0x00,0x00,0x00,0x00,0x00,0x00,0x00,0x00,0x00,0x00,0x00,0x00,
0x00,0x00,0x00,0x00,0x00,0x00,0x00,0x00,0x00,0x00,0x00,0x00,0x00,0x00,0x00,0x00,0x00,0x00,0x00,0x00,0x00,0x00,0x00,0x00,0x00,
0x00,0x00,0x00,0x00,0x00,0x00,0x00,0x00,0x00,0x00,0x00,0x00,0x00,0x00,0x00,0x00,0x00,0x00,0x00,0x00,0x00,0x00,0x00,0x00,0x00,
0x00,0x00,0x00,0x00,0x00,0x00,0x00,0x00,0x00,0x00,0x00,0x00,0x00,0x00,0x00,0x00,0x00,0x00,0x00,0x00,0x00,0x00,0x00,0x00,0x00,
0x00,0x00,0x00,0x00,0x00,0x00,0x00,0x00,0x00,0x00,0x00,0x00,0x00,0x00,0x00,0x00,0x00,0x00,0x00,0x00,0x00,0x00,0x00,0x00,0x00,
0x00,0x01,0x00,0x00,0x00,0x00,0x01,0x00,0x00,0x00,0x00,0x00,0x00,0x00,0x00,0x00,0x00,0x00,0x00,0x00,0x00,0x00,0x00,0x00,0x00,
0x00,0x00,0x00,0x00,0x00,0x00,0x00,0x00,0x00,0x00,0x00,0x00,0x00,0x00,0x00,0x00,0x00,0x00,0x00,0x00,0x00,0x00,0x00,0x00,0x00,
0x00,0x00,0x00,0x00,0x00,0x00,0x00,0x00,0x00,0x00,0x00,0x00,0x00,0x00,0x00,0x00,0x00,0x00,0x00,0x00,0x00,0x00,0x00,0x00,0x00,
0x00,0x00,0x00,0x00,0x00,0x00,0x00,0x00,0x00,0x00,0x00,0x00,0x00,0x00,0x00,0x00,0x00,0x00,0x00,0x00,0x00,0x00,0x00,0x00,0x00,
0x00,0x00,0x00,0x00,0x00,0x00,0x00,0x00,0x00,0x00,0x00,0x00,0x00,0x00,0x00,0x00,0x00,0x00,0x00,0x00,0x00,0x00,0x00,0x00,0x00,
0x00,0x00,0x00,0x00,0x00,0x00,0x00,0x00,0x00,0x00,0x00,0x00,0x00,0x00,0x00,0x00,0x00,0x00,0x00,0x00,0x00,0x00,0x00,0x00,0x00,
0x00,0x00,0x00,0x00,0x00,0x00,0x00,0x00,0x00,0x00,0x00,0x00,0x00,0x00,0x00,0x00,0x00,0x00,0x00,0x00,0x00,0x00,0x00,0x00,0x00,
0x00,0x00,0x00,0x00,0x00,0x00,0x00,0x00,0x00,0x00,0x00,0x00,0x00,0x00,0x00,0x00,0x00,0x00,0x00,0x00,0x00,0x00,0x00,0x00,0x00,
0x00,0x00,0x00,0x00,0x00,0x00,0x00,0x00,0x00,0x00,0x00,0x00,0x00,0x00,0x00,0x00,0x00,0x00,0x00,0x00,0x00,0x00,0x00,0x00,0x00,
0x00,0x00,0x01,0x01,0x00,0x00,0x00,0x00,0x00,0x00,0x00,0x00,0x00,0x00,0x01,0x01,0x01,0x02,0x01,0x01,0x01,0x02,0x02,0x01,0x00,
0x00,0x00,0x00,0x00,0x00,0x00,0x00,0x01,0x01,0x01,0x01,0x00,0x01,0x01,0x01,0x01,0x01,0x00,0x01,0x01,0x00,0x00,0x00,0x01,0x00,
0x00,0x00,0x00,0x00,0x00,0x00,0x00,0x00,0x00,0x00,0x00,0x00,0x00,0x00,0x00,0x00,0x00,0x00,0x00,0x00,0x00,0x00,0x00,0x00,0x00,
0x00,0x00,0x00,0x00,0x00,0x00,0x00,0x00,0x00,0x00,0x00,0x00,0x00,0x00,0x00,0x00,0x00,0x00,0x00,0x00,0x00,0x00,0x00,0x00,0x00,
0x00,0x00,0x00,0x00,0x00,0x00,0x00,0x00,0x00,0x00,0x00,0x00,0x00,0x00,0x00,0x00,0x00,0x00,0x00,0x00,0x00,0x00,0x00,0x00,0x00,
0x00,0x00,0x00,0x00,0x00,0x00,0x00,0x00,0x00,0x00,0x00,0x00,0x00,0x00,0x00,0x00,0x00,0x00,0x00,0x00,0x00,0x00,0x00,0x00,0x00,
0x00,0x00,0x00,0x00,0x00,0x00,0x00,0x00,0x00,0x00,0x00,0x00,0x00,0x00,0x00,0x00,0x00,0x00,0x00,0x00,0x00,0x00,0x00,0x00,0x00,
0x00,0x00,0x00,0x00,0x00,0x00,0x00,0x00,0x00,0x00,0x00,0x00,0x00,0x00,0x00,0x00,0x00,0x00,0x00,0x00,0x00,0x00,0x00,0x00,0x00,
0x00,0x00,0x00,0x00,0x00,0x00,0x00,0x00,0x00,0x00,0x00,0x00,0x00,0x00,0x00,0x00,0x00,0x00,0x00,0x00,0x00,0x00,0x00,0x00,0x00,
0x00,0x00,0x00,0x00,0x00,0x00,0x00,0x00,0x01,0x00,0x01,0x01,0x01,0x01,0x01,0x01,0x01,0x02,0x02,0x01,0x00,0x00,0x00,0x00,0x00,
0x00,0x00,0x00,0x01,0x02,0x02,0x45,0x45,0x45,0x02,0x45,0x45,0x04,0x04,0x02,0x00,0x00,0x00,0x00,0x00,0x00,0x01,0x02,0x02,0x02,
0x01,0x02,0x01,0x02,0x02,0x02,0x01,0x02,0x01,0x01,0x01,0x01,0x01,0x01,0x01,0x01,0x01,0x01,0x01,0x00,0x00,0x00,0x00,0x00,0x00,
0x00,0x00,0x00,0x00,0x00,0x00,0x00,0x00,0x00,0x00,0x00,0x00,0x00,0x00,0x00,0x00,0x00,0x00,0x00,0x00,0x00,0x00,0x00,0x00,0x00,
0x00,0x00,0x00,0x00,0x00,0x00,0x00,0x00,0x00,0x00,0x00,0x00,0x00,0x00,0x00,0x00,0x00,0x00,0x00,0x00,0x00,0x00,0x00,0x00,0x00,
0x00,0x00,0x00,0x00,0x00,0x00,0x00,0x00,0x00,0x00,0x00,0x00,0x00,0x00,0x00,0x00,0x00,0x00,0x00,0x00,0x00,0x00,0x00,0x00,0x00,
0x00,0x00,0x00,0x00,0x00,0x00,0x00,0x00,0x00,0x00,0x00,0x00,0x00,0x00,0x00,0x00,0x00,0x00,0x00,0x00,0x00,0x00,0x00,0x00,0x00,
0x00,0x00,0x00,0x00,0x00,0x00,0x00,0x00,0x00,0x00,0x00,0x00,0x00,0x00,0x00,0x00,0x00,0x00,0x00,0x00,0x00,0x00,0x00,0x00,0x00,
0x00,0x00,0x00,0x00,0x00,0x00,0x00,0x00,0x00,0x00,0x00,0x00,0x00,0x00,0x00,0x00,0x00,0x00,0x00,0x00,0x00,0x00,0x00,0x00,0x00,
0x00,0x00,0x00,0x00,0x00,0x00,0x00,0x00,0x00,0x00,0x00,0x00,0x00,0x00,0x00,0x00,0x01,0x01,0x01,0x01,0x01,0x01,0x01,0x01,0x01,
0x01,0x01,0x01,0x02,0x02,0x02,0x03,0x03,0x03,0x03,0x01,0x00,0x00,0x00,0x00,0x00,0x00,0x00,0x02,0x04,0x04,0x04,0x04,0x05,0x04,
0x04,0x04,0x04,0x04,0x04,0x01,0x00,0x00,0x00,0x00,0x00,0x01,0x04,0x03,0x03,0x45,0x45,0x03,0x03,0x03,0x45,0x45,0x45,0x02,0x45,
0x02,0x02,0x02,0x01,0x02,0x01,0x02,0x01,0x01,0x01,0x01,0x01,0x00,0x00,0x00,0x00,0x00,0x00,0x00,0x00,0x00,0x00,0x00,0x00,0x00,
0x00,0x00,0x00,0x00,0x00,0x00,0x00,0x00,0x00,0x00,0x00,0x00,0x00,0x00,0x00,0x00,0x00,0x00,0x00,0x00,0x00,0x00,0x00,0x00,0x00,
0x00,0x00,0x00,0x00,0x00,0x00,0x00,0x00,0x00,0x00,0x00,0x00,0x00,0x00,0x00,0x00,0x00,0x00,0x00,0x00,0x00,0x00,0x00,0x00,0x00,
0x00,0x00,0x00,0x00,0x00,0x00,0x00,0x00,0x00,0x00,0x00,0x00,0x00,0x00,0x00,0x00,0x00,0x00,0x00,0x00,0x00,0x00,0x00,0x00,0x00,
0x00,0x00,0x00,0x00,0x00,0x00,0x00,0x00,0x00,0x00,0x00,0x00,0x00,0x00,0x00,0x00,0x00,0x00,0x00,0x00,0x00,0x00,0x00,0x00,0x00,
0x00,0x00,0x00,0x00,0x00,0x00,0x00,0x00,0x00,0x00,0x00,0x00,0x00,0x00,0x00,0x00,0x00,0x00,0x00,0x00,0x00,0x00,0x00,0x00,0x00,
0x00,0x00,0x00,0x00,0x00,0x00,0x00,0x00,0x00,0x00,0x00,0x00,0x00,0x00,0x00,0x00,0x00,0x00,0x00,0x00,0x00,0x00,0x00,0x00,0x00,
0x00,0x00,0x01,0x01,0x01,0x01,0x01,0x01,0x02,0x01,0x02,0x02,0x02,0x45,0x02,0x02,0x03,0x03,0x04,0x04,0x03,0x04,0x70,0x70,0x70,
0x02,0x01,0x00,0x00,0x00,0x00,0x00,0x00,0x04,0x05,0x05,0x05,0x05,0x05,0x05,0x05,0x05,0x05,0x05,0x46,0x05,0x01,0x00,0x02,0x01,
0x00,0x01,0x70,0x70,0x04,0x04,0x04,0x04,0x04,0x70,0x04,0x04,0x04,0x04,0x04,0x04,0x03,0x03,0x03,0x03,0x03,0x45,0x03,0x45,0x01,
0x02,0x01,0x01,0x01,0x01,0x01,0x01,0x00,0x00,0x00,0x00,0x00,0x00,0x00,0x00,0x00,0x00,0x00,0x00,0x00,0x00,0x00,0x00,0x00,0x00,
0x00,0x00,0x00,0x00,0x00,0x00,0x00,0x00,0x00,0x00,0x00,0x00,0x00,0x00,0x00,0x00,0x00,0x00,0x00,0x00,0x00,0x00,0x00,0x00,0x00,
0x00,0x00,0x00,0x00,0x00,0x00,0x00,0x00,0x00,0x00,0x00,0x00,0x00,0x00,0x00,0x00,0x00,0x00,0x00,0x00,0x00,0x00,0x00,0x00,0x00,
0x00,0x00,0x00,0x00,0x00,0x00,0x00,0x00,0x00,0x00,0x00,0x00,0x00,0x00,0x00,0x00,0x00,0x00,0x00,0x00,0x00,0x00,0x00,0x00,0x00,
0x00,0x00,0x00,0x00,0x00,0x00,0x00,0x00,0x00,0x00,0x00,0x00,0x00,0x00,0x00,0x00,0x00,0x00,0x00,0x00,0x00,0x00,0x00,0x00,0x00,
0x00,0x00,0x00,0x00,0x00,0x00,0x00,0x00,0x00,0x00,0x00,0x00,0x00,0x00,0x00,0x00,0x00,0x00,0x00,0x00,0x00,0x00,0x00,0x00,0x00,
0x00,0x00,0x00,0x00,0x00,0x00,0x00,0x00,0x00,0x00,0x00,0x00,0x00,0x00,0x00,0x00,0x01,0x02,0x02,0x02,0x02,0xB4,0x45,0x45,0x45,
0x03,0x03,0x04,0x04,0x04,0x04,0x04,0x70,0x04,0x04,0x04,0x05,0x70,0x70,0x46,0x70,0x02,0x01,0x00,0x00,0x00,0x00,0x00,0x05,0x46,
0x05,0x05,0x05,0x06,0x46,0x46,0x46,0x46,0x46,0x46,0x69,0x46,0x70,0x46,0x46,0x05,0x04,0x69,0x46,0x70,0x70,0x70,0x70,0x70,0x46,
0x70,0x70,0x05,0x05,0x05,0x46,0x70,0x04,0x70,0x04,0x70,0x04,0x04,0x03,0x04,0x04,0x04,0x02,0x02,0x02,0x02,0x01,0x01,0x01,0x01,
0x00,0x00,0x00,0x00,0x00,0x00,0x00,0x00,0x00,0x00,0x00,0x00,0x00,0x00,0x00,0x00,0x00,0x00,0x00,0x00,0x00,0x00,0x00,0x00,0x00,
0x00,0x00,0x00,0x00,0x00,0x00,0x00,0x00,0x00,0x00,0x00,0x00,0x00,0x00,0x00,0x00,0x00,0x00,0x00,0x00,0x00,0x00,0x00,0x00,0x00,
0x00,0x00,0x00,0x00,0x00,0x00,0x00,0x00,0x00,0x00,0x00,0x00,0x00,0x00,0x00,0x00,0x00,0x00,0x00,0x00,0x00,0x00,0x00,0x00,0x00,
0x00,0x00,0x00,0x00,0x00,0x00,0x00,0x00,0x00,0x00,0x00,0x00,0x00,0x00,0x00,0x00,0x00,0x00,0x00,0x00,0x00,0x00,0x00,0x00,0x00,
0x00,0x00,0x00,0x00,0x00,0x00,0x00,0x00,0x00,0x00,0x00,0x00,0x00,0x00,0x00,0x00,0x00,0x00,0x00,0x00,0x00,0x00,0x00,0x00,0x00,
0x00,0x00,0x00,0x00,0x00,0x00,0x00,0x00,0x00,0x00,0x00,0x00,0x00,0x00,0x00,0x00,0x00,0x01,0x00,0x01,0x01,0x01,0x02,0x02,0x01,
0x00,0x00,0x00,0x00,0x00,0x00,0x01,0x03,0x03,0x03,0x03,0x04,0x04,0x04,0x70,0x04,0x70,0x04,0x70,0x46,0x70,0x46,0x05,0x05,0x05,
0x05,0x46,0x46,0x69,0x69,0x69,0x04,0x01,0x00,0x00,0x00,0x00,0x00,0x05,0x06,0x06,0x06,0x06,0x47,0x06,0x06,0x06,0x46,0x69,0x69,
0x07,0x07,0x69,0x69,0x69,0x07,0x76,0x53,0x69,0x46,0x69,0x69,0x46,0x69,0x69,0x46,0x46,0x46,0x46,0x46,0x46,0x69,0x46,0x46,0x70,
0x70,0x70,0x70,0x05,0x05,0x04,0x04,0x04,0x04,0x04,0x45,0x45,0x02,0x02,0x02,0x01,0x01,0x01,0x00,0x01,0x00,0x00,0x00,0x00,0x00,
0x00,0x00,0x00,0x00,0x00,0x00,0x00,0x00,0x00,0x00,0x00,0x00,0x00,0x00,0x00,0x00,0x00,0x00,0x00,0x00,0x00,0x00,0x00,0x00,0x00,
0x00,0x00,0x00,0x00,0x00,0x00,0x00,0x00,0x00,0x00,0x00,0x00,0x00,0x00,0x00,0x00,0x00,0x00,0x00,0x00,0x00,0x00,0x00,0x00,0x00,
0x00,0x00,0x00,0x00,0x00,0x00,0x00,0x00,0x00,0x00,0x00,0x00,0x00,0x00,0x00,0x00,0x00,0x00,0x00,0x00,0x00,0x00,0x00,0x00,0x00,
0x00,0x00,0x00,0x00,0x00,0x00,0x00,0x00,0x00,0x00,0x00,0x00,0x00,0x00,0x00,0x00,0x00,0x00,0x00,0x00,0x00,0x00,0x00,0x00,0x00,
0x00,0x00,0x00,0x00,0x00,0x00,0x00,0x00,0x00,0x00,0x00,0x00,0x00,0x00,0x00,0x00,0x00,0x00,0x00,0x00,0x00,0x00,0x00,0x00,0x00,
0x00,0x00,0x00,0x00,0x00,0x01,0x01,0x01,0x01,0x01,0x01,0x02,0x02,0x45,0x02,0x02,0x00,0x00,0x00,0x00,0x00,0x01,0x70,0x70,0x70,
0x70,0x70,0x70,0x70,0x70,0x46,0x46,0x46,0x46,0x46,0x46,0x46,0x46,0x46,0x46,0x46,0x69,0x69,0x69,0x76,0x69,0x46,0x01,0x00,0x00,
0x00,0x00,0x00,0x05,0x07,0x06,0x06,0x06,0x58,0x47,0x06,0x69,0x07,0x06,0x07,0x07,0x59,0x08,0x08,0x08,0x59,0x59,0x76,0x53,0x69,
0x69,0x69,0x69,0x69,0x53,0x69,0x69,0x69,0x46,0x69,0x06,0x07,0x69,0x69,0x69,0x69,0x69,0x46,0x06,0x46,0x05,0x05,0x05,0x05,0x04,
0x04,0x04,0x04,0x03,0x45,0x02,0x02,0x01,0x01,0x01,0x01,0x01,0x00,0x01,0x00,0x00,0x00,0x00,0x00,0x00,0x00,0x00,0x00,0x00,0x00,
0x00,0x00,0x00,0x00,0x00,0x00,0x00,0x00,0x00,0x00,0x00,0x00,0x00,0x00,0x00,0x00,0x00,0x00,0x00,0x00,0x00,0x00,0x00,0x00,0x00,
0x00,0x00,0x00,0x00,0x00,0x00,0x00,0x00,0x00,0x00,0x00,0x00,0x00,0x00,0x00,0x00,0x00,0x00,0x00,0x00,0x00,0x00,0x00,0x00,0x00,
0x00,0x00,0x00,0x00,0x00,0x00,0x00,0x00,0x00,0x00,0x00,0x00,0x00,0x00,0x00,0x00,0x00,0x00,0x00,0x00,0x00,0x00,0x00,0x00,0x00,
0x00,0x00,0x00,0x00,0x00,0x00,0x00,0x00,0x00,0x00,0x00,0x00,0x00,0x00,0x00,0x00,0x00,0x00,0x00,0x00,0x00,0x00,0x00,0x00,0x00,
0x00,0x00,0x00,0x00,0x00,0x00,0x00,0x00,0x00,0x00,0x00,0x00,0x00,0x00,0x00,0x00,0x00,0x00,0x01,0x01,0x01,0x02,0x02,0x02,0x02,
0x02,0x45,0x45,0x04,0x05,0x70,0xB4,0x00,0x00,0x00,0x00,0x01,0x46,0x46,0x70,0x46,0x69,0x69,0x46,0x69,0x69,0x69,0x69,0x69,0x69,
0x07,0x46,0x07,0x07,0x69,0x06,0x07,0x07,0x76,0x76,0xB9,0x69,0xB4,0x00,0x00,0x00,0x00,0x00,0x04,0x07,0x08,0x47,0x47,0x58,0x58,
0x08,0x07,0x07,0x07,0x07,0x59,0x59,0x08,0x07,0x07,0x59,0x0B,0x7D,0x76,0x53,0x53,0x53,0x53,0x53,0x7D,0x76,0x69,0x53,0x07,0x07,
0x07,0x76,0x76,0x53,0x76,0x53,0x69,0x06,0x06,0x06,0x06,0x46,0x46,0x46,0x46,0x70,0x70,0x70,0x04,0x04,0x03,0x45,0x01,0x02,0x01,
0x01,0x01,0x01,0x01,0x00,0x00,0x00,0x00,0x00,0x00,0x00,0x00,0x00,0x00,0x00,0x00,0x00,0x00,0x00,0x00,0x00,0x00,0x00,0x00,0x00,
0x00,0x00,0x00,0x00,0x00,0x00,0x00,0x00,0x00,0x00,0x00,0x00,0x00,0x00,0x00,0x00,0x00,0x00,0x00,0x00,0x00,0x00,0x00,0x00,0x00,
0x00,0x00,0x00,0x00,0x00,0x00,0x00,0x00,0x00,0x00,0x00,0x00,0x00,0x00,0x00,0x00,0x00,0x00,0x00,0x00,0x00,0x00,0x00,0x00,0x00,
0x00,0x00,0x00,0x00,0x00,0x00,0x00,0x00,0x00,0x00,0x00,0x00,0x00,0x00,0x00,0x00,0x00,0x00,0x00,0x00,0x00,0x00,0x00,0x00,0x00,
0x00,0x00,0x00,0x00,0x00,0x00,0x00,0x00,0x00,0x00,0x00,0x00,0x00,0x00,0x00,0x00,0x00,0x00,0x00,0x00,0x00,0x00,0x00,0x00,0x00,
0x00,0x00,0x00,0x00,0x00,0x01,0x01,0x01,0x02,0x02,0x03,0x03,0x45,0x45,0x45,0x45,0x04,0x04,0x04,0x05,0x46,0x46,0x04,0x00,0x00,
0x00,0x01,0x69,0x69,0x69,0x69,0x53,0x76,0x53,0x69,0x69,0x53,0x76,0x69,0x76,0x76,0x59,0x59,0x09,0x0A,0x07,0x07,0x76,0x76,0x76,
0x76,0x76,0x70,0x00,0x00,0x00,0x00,0x00,0x04,0x07,0x08,0x47,0x47,0x47,0x64,0x47,0x08,0x08,0x08,0x07,0x09,0x08,0x07,0x08,0x08,
0x08,0x0A,0x78,0x37,0x76,0x38,0x76,0x38,0x76,0x75,0x38,0x76,0x76,0x76,0x76,0x59,0x09,0x59,0x75,0xB9,0x76,0x07,0x47,0x47,0x47,
0x06,0x06,0x69,0x46,0x46,0x69,0x46,0x46,0x70,0x70,0x70,0x03,0x45,0x45,0x45,0x03,0x02,0x02,0x02,0x01,0x01,0x01,0x01,0x00,0x00,
0x00,0x00,0x00,0x00,0x00,0x00,0x00,0x00,0x00,0x00,0x00,0x00,0x00,0x00,0x00,0x00,0x00,0x00,0x00,0x00,0x00,0x00,0x00,0x00,0x00,
0x00,0x00,0x00,0x00,0x00,0x00,0x00,0x00,0x00,0x00,0x00,0x00,0x00,0x00,0x00,0x00,0x00,0x00,0x00,0x00,0x00,0x00,0x00,0x00,0x00,
0x00,0x00,0x00,0x00,0x00,0x00,0x00,0x00,0x00,0x00,0x00,0x00,0x00,0x00,0x00,0x00,0x00,0x00,0x00,0x00,0x00,0x00,0x00,0x00,0x00,
0x00,0x00,0x00,0x00,0x00,0x00,0x00,0x00,0x00,0x00,0x00,0x00,0x00,0x00,0x00,0x00,0x00,0x00,0x00,0x00,0x00,0x00,0x00,0x00,0x00,
0x00,0x00,0x00,0x00,0x00,0x00,0x00,0x00,0x00,0x00,0x00,0x00,0x00,0x00,0x00,0x00,0x00,0x00,0x01,0x01,0x02,0x02,0x45,0x03,0x03,
0x70,0x04,0x04,0x04,0x04,0x04,0x05,0x05,0x05,0x05,0x46,0x69,0x46,0x04,0x00,0x00,0xB4,0x69,0x53,0x53,0x53,0x76,0xB9,0x76,0x76,
0x59,0x59,0x59,0x59,0x7D,0x59,0x08,0x08,0x09,0x6B,0x1A,0x08,0x76,0x59,0xB9,0x59,0xB9,0x46,0x01,0x00,0x00,0x00,0x00,0x05,0x07,
0x07,0x08,0x08,0x09,0x64,0x6B,0x08,0x08,0x08,0x59,0x6B,0x08,0x08,0x08,0x08,0x59,0x6B,0x0B,0x75,0x38,0x7D,0x75,0x7D,0x75,0x9E,
0x7D,0x7D,0x7D,0x59,0x59,0x59,0x0A,0x78,0x77,0x77,0x59,0x47,0x47,0x47,0x47,0x47,0x69,0x69,0x69,0x69,0x69,0x69,0x69,0x46,0x46,
0x70,0x04,0x04,0x04,0x03,0x03,0x03,0x03,0x45,0x45,0x02,0x02,0x01,0x01,0x01,0x01,0x01,0x00,0x00,0x00,0x00,0x00,0x00,0x00,0x00,
0x00,0x00,0x00,0x00,0x00,0x00,0x00,0x00,0x00,0x00,0x00,0x00,0x00,0x00,0x00,0x00,0x00,0x00,0x00,0x00,0x00,0x00,0x00,0x00,0x00,
0x00,0x00,0x00,0x00,0x00,0x00,0x00,0x00,0x00,0x00,0x00,0x00,0x00,0x00,0x00,0x00,0x00,0x00,0x00,0x00,0x00,0x00,0x00,0x00,0x00,
0x00,0x00,0x00,0x00,0x00,0x00,0x00,0x00,0x00,0x00,0x00,0x00,0x00,0x00,0x00,0x00,0x00,0x00,0x00,0x00,0x00,0x00,0x00,0x00,0x00,
0x00,0x00,0x00,0x00,0x00,0x00,0x00,0x00,0x00,0x00,0x00,0x00,0x00,0x00,0x00,0x00,0x00,0x00,0x00,0x00,0x00,0x00,0x00,0x00,0x00,
0x00,0x00,0x00,0x00,0x00,0x00,0x00,0x01,0x01,0x02,0x45,0x04,0x04,0x70,0x70,0x70,0x70,0x04,0x04,0x04,0x05,0x05,0x05,0x06,0x06,
0x06,0x07,0x76,0x69,0x70,0x04,0x46,0x53,0xB9,0x76,0xB9,0xB9,0x9E,0x75,0x59,0x09,0x47,0x07,0x07,0x09,0x59,0x07,0x08,0x08,0x08,
0x09,0x1A,0x76,0x69,0x59,0xB9,0x78,0x76,0x04,0x01,0x00,0x00,0x02,0x46,0x07,0x07,0x08,0x08,0x09,0x6B,0x1A,0x09,0x08,0x08,0x0A,
0x6B,0x08,0x08,0x08,0x08,0x09,0x6B,0x0B,0x77,0x75,0x75,0x75,0x75,0x75,0x51,0x77,0x77,0x7D,0x77,0x77,0x0B,0x0B,0x78,0x77,0x59,
0x08,0x47,0x58,0x64,0x58,0x47,0x07,0x53,0x69,0x53,0x76,0x53,0x53,0x69,0x46,0x70,0x70,0x70,0x70,0x70,0x04,0x70,0x70,0x04,0x04,
0x45,0x45,0x45,0x02,0x02,0x02,0x01,0x02,0x01,0x00,0x01,0x00,0x00,0x00,0x00,0x00,0x00,0x00,0x00,0x00,0x00,0x00,0x00,0x00,0x00,
0x00,0x00,0x00,0x00,0x00,0x00,0x00,0x00,0x00,0x00,0x00,0x00,0x00,0x00,0x00,0x00,0x00,0x00,0x00,0x00,0x00,0x00,0x00,0x00,0x00,
0x00,0x00,0x00,0x00,0x00,0x00,0x00,0x00,0x00,0x00,0x00,0x00,0x00,0x00,0x00,0x00,0x00,0x00,0x00,0x00,0x00,0x00,0x00,0x00,0x00,
0x00,0x00,0x00,0x00,0x00,0x00,0x00,0x00,0x00,0x00,0x00,0x00,0x00,0x00,0x00,0x00,0x00,0x00,0x00,0x00,0x00,0x00,0x00,0x00,0x00,
0x00,0x00,0x00,0x00,0x00,0x00,0x00,0x00,0x00,0x00,0x00,0x00,0x00,0x00,0x00,0x00,0x00,0x00,0x00,0x00,0x00,0x01,0x02,0x45,0x04,
0x04,0x70,0x70,0x46,0x69,0x46,0x70,0x70,0x04,0x04,0x05,0x05,0x06,0x05,0x06,0x06,0x06,0x59,0x76,0x76,0x76,0x69,0x76,0xB9,0xB9,
0x7D,0x9E,0x78,0x87,0x09,0x47,0x47,0x47,0x06,0x09,0x09,0x08,0x07,0x08,0x59,0x09,0x6B,0x1A,0x76,0x76,0x59,0x78,0x9E,0x69,0x04,
0x04,0x04,0x70,0x07,0x76,0x8F,0x8F,0x59,0x59,0x6B,0x9D,0x6B,0x0A,0x09,0x6B,0x1A,0x09,0x09,0x09,0x09,0x09,0x6B,0x48,0x77,0x77,
0x77,0x77,0x77,0x77,0x61,0x51,0x77,0x77,0x77,0x78,0x87,0x65,0x0B,0x0A,0x7D,0x08,0x58,0x64,0x64,0x58,0x08,0x8F,0x76,0x53,0x76,
0x7D,0x7D,0x76,0x53,0x69,0x46,0x46,0x46,0x70,0x46,0x70,0x70,0x46,0x05,0x05,0x05,0x04,0x04,0x04,0x04,0x45,0x02,0x02,0x02,0x02,
0x01,0x01,0x01,0x01,0x01,0x00,0x00,0x00,0x00,0x00,0x00,0x00,0x00,0x00,0x00,0x00,0x00,0x00,0x00,0x00,0x00,0x00,0x00,0x00,0x00,
0x00,0x00,0x00,0x00,0x00,0x00,0x00,0x00,0x00,0x00,0x00,0x00,0x00,0x00,0x00,0x00,0x00,0x00,0x00,0x00,0x00,0x00,0x00,0x00,0x00,
0x00,0x00,0x00,0x00,0x00,0x00,0x00,0x00,0x00,0x00,0x00,0x00,0x00,0x00,0x00,0x00,0x00,0x00,0x00,0x00,0x00,0x00,0x00,0x00,0x00,
0x00,0x00,0x00,0x00,0x00,0x00,0x00,0x00,0x00,0x00,0x00,0x00,0x00,0x00,0x00,0x00,0x00,0x00,0x00,0x00,0x00,0x00,0x00,0x00,0x00,
0x00,0x00,0x00,0x00,0x00,0x00,0x00,0x00,0x00,0x00,0x01,0x02,0x03,0x04,0x70,0x70,0x46,0x69,0x69,0x53,0x69,0x46,0x04,0x02,0x02,
0x04,0x05,0x06,0x06,0x06,0x06,0x06,0x08,0x59,0xB9,0x76,0x53,0x76,0x9E,0x77,0xB9,0x9E,0x87,0x6B,0x47,0x47,0x47,0x47,0x06,0x08,
0x09,0x08,0x59,0x08,0x09,0x09,0x09,0xC0,0x6B,0x76,0x59,0x78,0x87,0xB9,0x69,0x07,0x59,0x59,0x0B,0x59,0x76,0x59,0x59,0x0A,0x0A,
0x0D,0x0D,0x6B,0x0A,0x6B,0xC0,0x1A,0x6B,0x6B,0x09,0x6B,0x6B,0x0A,0x9E,0x77,0x9E,0x36,0x77,0x9E,0x28,0x51,0x51,0x51,0x51,0x6F,
0x2F,0x65,0x78,0x0A,0x09,0x09,0x58,0x64,0x58,0x58,0x0A,0x7D,0x7D,0x7D,0x77,0x9E,0x77,0x7D,0x53,0x53,0x69,0x69,0x7E,0x69,0x69,
0x46,0x46,0x69,0x06,0x46,0x05,0x05,0x05,0x05,0x05,0x04,0x45,0x45,0x45,0x45,0x45,0x02,0x02,0x01,0x01,0x01,0x01,0x01,0x01,0x00,
0x00,0x00,0x00,0x00,0x00,0x00,0x00,0x00,0x00,0x00,0x00,0x00,0x00,0x00,0x00,0x00,0x00,0x00,0x00,0x00,0x00,0x00,0x00,0x00,0x00,
0x00,0x00,0x00,0x00,0x00,0x00,0x00,0x00,0x00,0x00,0x00,0x00,0x00,0x00,0x00,0x00,0x00,0x00,0x00,0x00,0x00,0x00,0x00,0x00,0x00,
0x00,0x00,0x00,0x00,0x00,0x00,0x00,0x00,0x00,0x00,0x00,0x00,0x00,0x00,0x00,0x00,0x00,0x00,0x00,0x00,0x00,0x00,0x00,0x00,0x00,
0x00,0x00,0x00,0x00,0x00,0x00,0x00,0x00,0x00,0x00,0x00,0x00,0x00,0x00,0x00,0x00,0x00,0x00,0x00,0x00,0x00,0x00,0x00,0x01,0x01,
0x01,0x45,0x04,0x70,0x46,0x69,0x69,0x53,0x76,0x76,0x69,0x70,0x02,0x01,0x02,0x02,0x05,0x46,0x07,0x08,0x47,0x47,0x47,0x08,0x78,
0x76,0x76,0xB9,0x78,0x9E,0x9E,0x78,0x87,0x6B,0x47,0x47,0x47,0x47,0x06,0x47,0x6B,0x09,0x09,0x59,0x09,0x09,0x6B,0x6B,0x19,0x09,
0x76,0x75,0x78,0x87,0x0B,0x0A,0x09,0x09,0x19,0x19,0x7D,0x77,0x63,0x0A,0x77,0x65,0x9D,0x48,0x0A,0x1A,0x85,0x1C,0x1A,0xC0,0x1A,
0x6B,0x1A,0x65,0x6F,0x34,0x9E,0x51,0x9E,0x9E,0x29,0x61,0x51,0x51,0x51,0x87,0x30,0x65,0x0A,0x0A,0x0A,0x09,0x6B,0x64,0x58,0x99,
0x3C,0x7D,0x77,0x77,0x9E,0x61,0x9E,0x75,0x7D,0x53,0x53,0x53,0x69,0x69,0x38,0x69,0x69,0x76,0x07,0x06,0x06,0x46,0x06,0x05,0x05,
0x05,0x05,0x04,0x04,0x04,0x04,0x04,0x45,0x02,0x02,0x02,0x01,0x01,0x01,0x01,0x01,0x01,0x01,0x01,0x01,0x00,0x00,0x00,0x00,0x00,
0x00,0x00,0x00,0x00,0x00,0x00,0x00,0x00,0x00,0x00,0x00,0x00,0x00,0x00,0x00,0x00,0x00,0x00,0x00,0x00,0x00,0x00,0x00,0x00,0x00,
0x00,0x00,0x00,0x00,0x00,0x00,0x00,0x00,0x00,0x00,0x00,0x00,0x00,0x00,0x00,0x00,0x00,0x00,0x00,0x00,0x00,0x00,0x00,0x00,0x00,
0x00,0x00,0x00,0x00,0x00,0x00,0x00,0x00,0x00,0x00,0x00,0x00,0x00,0x00,0x00,0x00,0x00,0x00,0x00,0x00,0x00,0x00,0x00,0x00,0x00,
0x00,0x00,0x00,0x00,0x00,0x00,0x00,0x00,0x00,0x00,0x00,0x01,0x01,0x02,0x45,0x02,0x04,0x04,0x46,0x46,0x69,0x76,0x7D,0xB9,0x7D,
0x69,0x70,0x02,0x02,0x02,0x02,0x46,0x07,0x58,0x09,0x09,0x47,0x47,0x47,0x09,0x78,0x76,0x76,0x9E,0x9E,0x9E,0x78,0x78,0x09,0x09,
0x09,0x47,0x47,0x47,0x08,0x09,0x6B,0x09,0x6B,0x6B,0x6B,0x09,0x6B,0x1A,0x19,0x7D,0x7D,0x78,0x66,0x1A,0x09,0x6B,0x09,0x6B,0x19,
0x0A,0x63,0x77,0x77,0x3C,0x6F,0x0D,0x48,0x6B,0x19,0x1C,0x1C,0x1A,0x1C,0x18,0x19,0x0A,0x0C,0x65,0x34,0x51,0x9E,0x51,0x51,0x29,
0x29,0x51,0x51,0x61,0x30,0x0E,0x48,0x48,0x0A,0x6B,0x6B,0x1A,0xC0,0x1A,0x9D,0x0B,0x0A,0x77,0x51,0x61,0x6F,0x9E,0x77,0x75,0x38,
0x53,0x53,0x53,0x53,0x9E,0x76,0x7D,0x59,0x59,0x07,0x07,0x07,0x06,0x06,0x05,0x05,0x05,0x05,0x05,0x05,0x05,0x05,0x04,0x03,0x03,
0x45,0x02,0x45,0x02,0x02,0x02,0x02,0x01,0x02,0x01,0x01,0x00,0x00,0x00,0x00,0x00,0x00,0x00,0x00,0x00,0x00,0x00,0x00,0x00,0x00,
0x00,0x00,0x00,0x00,0x00,0x00,0x00,0x00,0x00,0x00,0x00,0x00,0x00,0x00,0x00,0x00,0x00,0x00,0x00,0x00,0x00,0x00,0x00,0x00,0x00,
0x00,0x00,0x00,0x00,0x00,0x00,0x00,0x00,0x00,0x00,0x00,0x00,0x00,0x00,0x00,0x00,0x00,0x00,0x00,0x00,0x00,0x00,0x00,0x00,0x00,
0x00,0x00,0x00,0x00,0x00,0x00,0x00,0x00,0x00,0x00,0x00,0x00,0x00,0x00,0x00,0x00,0x00,0x00,0x00,0x00,0x00,0x00,0x00,0x00,0x00,
0x01,0x01,0x02,0x45,0x04,0x05,0x05,0x05,0x46,0x06,0x06,0x07,0x59,0x9E,0x75,0x76,0xB4,0x00,0x00,0x00,0x02,0x05,0x06,0x06,0x58,
0x58,0x09,0x47,0x47,0x47,0x6B,0x78,0x75,0x9E,0x78,0x9E,0x78,0x78,0x0A,0x0A,0x0A,0x58,0x47,0x47,0x09,0x59,0x0B,0x19,0x19,0x1A,
0x1A,0x6B,0x6B,0x6B,0x19,0x19,0x7D,0x75,0x19,0x6B,0x09,0x09,0x09,0x09,0x6B,0x48,0x77,0x77,0x78,0x51,0x77,0x0D,0x65,0x6B,0x19,
0x1B,0x1B,0x1B,0x1A,0xC0,0x18,0x0A,0x48,0x65,0x51,0x9E,0x51,0x51,0x61,0x2E,0x29,0x51,0x61,0x2D,0x30,0x66,0x48,0x48,0x48,0x0B,
0x19,0xC0,0x1A,0x6B,0x1A,0x9D,0x0D,0x9E,0x6F,0x61,0x61,0x51,0x51,0x38,0x38,0x38,0x53,0x38,0x75,0x61,0x87,0x6F,0x77,0x59,0x59,
0x59,0x59,0x06,0x06,0x06,0x69,0x46,0x46,0x05,0x05,0x46,0x46,0x70,0x70,0x04,0x03,0x03,0x03,0x03,0x03,0x03,0x03,0x45,0x03,0x02,
0x01,0x01,0x01,0x00,0x00,0x00,0x00,0x00,0x00,0x00,0x00,0x00,0x00,0x00,0x00,0x00,0x00,0x00,0x00,0x00,0x00,0x00,0x00,0x00,0x00,
0x00,0x00,0x00,0x00,0x00,0x00,0x00,0x00,0x00,0x00,0x00,0x00,0x00,0x00,0x00,0x00,0x00,0x00,0x00,0x00,0x00,0x00,0x00,0x00,0x00,
0x00,0x00,0x00,0x00,0x00,0x00,0x00,0x00,0x00,0x00,0x00,0x00,0x00,0x00,0x00,0x00,0x00,0x00,0x00,0x00,0x00,0x00,0x00,0x00,0x00,
0x00,0x00,0x00,0x00,0x00,0x00,0x00,0x00,0x00,0x00,0x00,0x00,0x00,0x00,0x00,0x01,0x02,0x02,0x04,0x05,0x05,0x46,0x46,0x06,0x06,
0x06,0x47,0x58,0x0A,0x9E,0x69,0x04,0x00,0x00,0x00,0x02,0x05,0x06,0x47,0x47,0x47,0x64,0x09,0x47,0x47,0x58,0x0B,0x77,0x9E,0x61,
0x9E,0x78,0x0B,0x77,0x77,0x0A,0x58,0x58,0x64,0x99,0x8F,0x78,0x19,0x9D,0x19,0x19,0x6B,0x6B,0x6B,0x6B,0x19,0x78,0x78,0x19,0x09,
0x09,0x09,0x09,0x09,0x6B,0x6B,0x77,0x77,0x51,0x51,0x77,0x66,0x0C,0x65,0x1C,0x6B,0x1A,0x95,0x6B,0x1C,0x85,0x48,0x0A,0x28,0x51,
0x51,0x51,0x61,0x51,0x2E,0x2E,0x61,0x29,0x30,0x66,0x65,0x0C,0x65,0x48,0x0D,0x1C,0x6B,0x6B,0x6B,0x6B,0x6B,0x9D,0x65,0x61,0x28,
0x61,0x29,0x51,0x39,0x7D,0x38,0x38,0x75,0x61,0x2F,0x2F,0x61,0x78,0x78,0x78,0x77,0x0A,0x08,0x07,0x07,0x07,0x69,0x06,0x69,0x69,
0x46,0x69,0x46,0x70,0x70,0x04,0x70,0x70,0x04,0x70,0x04,0x04,0x03,0x04,0x03,0x45,0x01,0x01,0x01,0x01,0x01,0x00,0x00,0x00,0x00,
0x00,0x00,0x00,0x00,0x00,0x00,0x00,0x00,0x00,0x00,0x00,0x00,0x00,0x00,0x00,0x00,0x00,0x00,0x00,0x00,0x00,0x00,0x00,0x00,0x00,
0x00,0x00,0x00,0x00,0x00,0x00,0x00,0x00,0x00,0x00,0x00,0x00,0x00,0x00,0x00,0x00,0x00,0x00,0x00,0x00,0x00,0x00,0x00,0x00,0x00,
0x00,0x00,0x00,0x00,0x00,0x00,0x00,0x00,0x00,0x00,0x00,0x00,0x00,0x00,0x00,0x00,0x00,0x00,0x00,0x00,0x00,0x00,0x00,0x00,0x00,
0x00,0x00,0x00,0x01,0x01,0x02,0x02,0x04,0x05,0x05,0x06,0x69,0x06,0x06,0x06,0x47,0x47,0x47,0x09,0x78,0x76,0x04,0x00,0x00,0x00,
0x01,0x05,0x06,0x06,0x47,0x47,0x58,0x09,0x09,0x58,0x47,0x09,0x78,0x9E,0x9E,0x78,0x0B,0x6F,0x6F,0x6F,0x0A,0x58,0x64,0x95,0x08,
0x8F,0x63,0x48,0x9D,0x9D,0x19,0x1A,0x19,0x6B,0x0B,0x0B,0x65,0x65,0x6B,0x09,0x09,0x09,0x09,0x09,0x0A,0x0A,0x77,0x77,0x51,0x51,
0x7D,0x28,0x0E,0x0C,0x0A,0x6B,0x1B,0x1B,0x1A,0x1A,0x18,0x1B,0x77,0x6F,0x51,0x9E,0x51,0x51,0x51,0x29,0x2C,0x2E,0x30,0x0E,0x66,
0x0D,0x0D,0x65,0x65,0x0D,0x1A,0x6B,0x6B,0x6B,0x09,0x6B,0x9D,0x0D,0x2E,0x2D,0x2C,0x27,0x77,0x39,0x77,0x39,0x51,0x28,0x2C,0x30,
0x28,0x28,0x87,0x2F,0x51,0x78,0x0A,0x59,0x08,0x07,0x07,0x07,0x07,0x07,0x07,0x07,0x07,0x69,0x46,0x46,0x70,0x70,0x70,0x70,0x70,
0x70,0x70,0x70,0x70,0x70,0x03,0x02,0x02,0x01,0x01,0x01,0x01,0x01,0x01,0x01,0x00,0x00,0x00,0x00,0x00,0x00,0x00,0x00,0x00,0x00,
0x00,0x00,0x00,0x00,0x00,0x00,0x00,0x00,0x00,0x00,0x00,0x00,0x00,0x00,0x00,0x00,0x00,0x00,0x00,0x00,0x00,0x00,0x00,0x00,0x00,
0x00,0x00,0x00,0x00,0x00,0x00,0x00,0x00,0x00,0x00,0x00,0x00,0x00,0x00,0x00,0x00,0x00,0x00,0x00,0x00,0x00,0x00,0x00,0x00,0x00,
0x00,0x00,0x00,0x00,0x00,0x00,0x00,0x00,0x00,0x00,0x00,0x00,0x00,0x00,0x00,0x00,0x00,0x01,0x01,0x02,0x45,0x04,0x04,0x05,0x05,
0x06,0x06,0x06,0x06,0x47,0x47,0x58,0x58,0x58,0x09,0x76,0x04,0x02,0x00,0x00,0x00,0x04,0x05,0x06,0x47,0x47,0x47,0x58,0x19,0x59,
0x47,0x58,0x0B,0x78,0x78,0x87,0x6F,0x6F,0x6F,0x0A,0x6B,0x6B,0x64,0x6B,0x8F,0x63,0x7D,0x77,0x0D,0x0D,0x19,0x65,0x48,0x48,0x0B,
0x0B,0x65,0x9D,0x6B,0x6B,0x58,0x09,0x09,0x08,0x6B,0x0A,0x77,0x77,0x51,0x51,0x63,0x87,0x0E,0x65,0x0A,0x99,0x6B,0x6B,0x6B,0x1A,
0x9D,0x6B,0x63,0x6F,0x51,0x9E,0x9E,0x51,0x9E,0x61,0x2C,0x2C,0x55,0x0E,0x4C,0x4C,0x0D,0x66,0x0E,0x0F,0x6B,0x6B,0x6B,0x6B,0x6B,
0x1A,0x19,0x4C,0x30,0x67,0x50,0x27,0x39,0x34,0x34,0x51,0x2F,0x67,0x50,0x26,0x2F,0x30,0x30,0x2E,0x61,0x6F,0x65,0x09,0x59,0x59,
0x59,0x59,0x07,0x07,0x07,0x59,0x59,0x76,0x69,0x69,0x70,0x46,0x69,0x46,0x69,0x46,0x69,0x46,0x46,0x70,0x03,0x03,0x71,0x45,0x02,
0x02,0x45,0x02,0x02,0x01,0x01,0x01,0x00,0x00,0x00,0x00,0x00,0x00,0x00,0x00,0x00,0x00,0x00,0x00,0x00,0x00,0x00,0x00,0x00,0x00,
0x00,0x00,0x00,0x00,0x00,0x00,0x00,0x00,0x00,0x00,0x00,0x00,0x00,0x00,0x00,0x00,0x00,0x00,0x00,0x00,0x00,0x00,0x00,0x00,0x00,
0x00,0x00,0x00,0x00,0x00,0x00,0x00,0x00,0x00,0x00,0x00,0x00,0x00,0x00,0x00,0x00,0x00,0x00,0x00,0x00,0x00,0x00,0x00,0x00,0x00,
0x00,0x00,0x00,0x00,0x00,0x00,0x01,0x02,0x02,0x45,0x04,0x05,0x05,0x06,0x06,0x06,0x06,0x08,0x47,0x47,0x47,0x58,0x58,0x58,0x6B,
0x09,0x70,0x02,0x01,0x00,0x00,0x02,0x05,0x06,0x47,0x47,0x47,0x58,0x1A,0x19,0x09,0x47,0x09,0x0B,0x87,0x28,0x28,0x6F,0x6F,0x6F,
0x0A,0x6B,0x6B,0x0A,0x8F,0x63,0x63,0x63,0x3C,0x17,0x0D,0x0C,0x19,0x65,0x48,0x0B,0x0B,0x4C,0x1A,0x64,0x64,0x64,0x64,0x09,0x09,
0x0A,0x63,0x9E,0x51,0x77,0x7D,0x51,0x55,0x48,0x0A,0x0A,0x95,0x6B,0x1B,0x1A,0x9D,0x48,0x7D,0x0B,0x34,0x39,0x39,0x77,0x34,0x51,
0x2C,0x6C,0x52,0x0D,0x85,0xF4,0x16,0x10,0x7C,0x0F,0x1A,0x6B,0x6B,0x6B,0x6B,0x1A,0x19,0x18,0x30,0x50,0x67,0x51,0x77,0x34,0x6F,
0x2F,0x2C,0x50,0x6C,0x26,0x55,0x55,0x26,0x2E,0x2E,0x28,0x19,0x6B,0x09,0x09,0x59,0x59,0x09,0x59,0x09,0x09,0x59,0x75,0x53,0x69,
0x69,0x69,0x69,0x69,0x69,0x76,0x07,0x69,0x69,0x46,0x04,0x03,0x03,0x03,0x03,0x04,0x04,0x04,0x45,0x02,0x01,0x01,0x01,0x01,0x00,
0x00,0x00,0x00,0x00,0x00,0x00,0x00,0x00,0x00,0x00,0x00,0x00,0x00,0x00,0x00,0x00,0x00,0x00,0x00,0x00,0x00,0x00,0x00,0x00,0x00,
0x00,0x00,0x00,0x00,0x00,0x00,0x00,0x00,0x00,0x00,0x00,0x00,0x00,0x00,0x00,0x00,0x00,0x00,0x00,0x00,0x00,0x00,0x00,0x00,0x00,
0x00,0x00,0x00,0x00,0x00,0x00,0x00,0x00,0x00,0x00,0x00,0x00,0x00,0x00,0x00,0x00,0x00,0x00,0x00,0x00,0x01,0x01,0x02,0x04,0x02,
0x05,0x05,0x05,0x05,0x06,0x06,0x08,0x07,0x47,0x47,0x58,0x58,0x64,0x64,0x64,0x58,0x07,0x02,0x02,0x00,0x00,0x02,0x05,0x06,0x47,
0x47,0x47,0x58,0x58,0x19,0x6B,0x47,0x58,0x6B,0x65,0x2F,0x28,0x28,0x6F,0x6F,0x0B,0x0A,0x0A,0x3C,0x63,0x38,0x63,0x7D,0x7D,0x65,
0x0F,0x0D,0x0C,0x65,0x65,0x28,0x0B,0x0F,0x1A,0x6B,0xF0,0xF0,0x64,0xF0,0x1A,0x63,0x75,0x77,0x6F,0x51,0x38,0x77,0x0E,0x0D,0x0A,
0x99,0x6B,0x1B,0x6B,0x1A,0x9D,0x48,0x77,0x6F,0x77,0x7D,0x39,0x39,0x39,0x77,0x26,0x6C,0x0E,0x1B,0x6B,0x8C,0xF4,0x10,0x4A,0x10,
0x1C,0x6B,0x6B,0x6B,0x6B,0x1A,0x1A,0x4C,0x0E,0x55,0x27,0x39,0x34,0x51,0x2C,0x55,0x26,0x6C,0x50,0x6C,0x25,0x6C,0x2C,0x2C,0x2D,
0x2D,0x4C,0x1A,0x09,0x6B,0x0A,0x09,0x09,0x09,0x09,0x6B,0x0A,0x07,0x76,0x53,0x69,0x53,0x76,0x76,0x08,0x07,0x07,0x07,0x59,0x07,
0x70,0x70,0x04,0x70,0x70,0x46,0x70,0x70,0x04,0x04,0x02,0x02,0x02,0x01,0x01,0x00,0x00,0x00,0x00,0x00,0x00,0x00,0x00,0x00,0x00,
0x00,0x00,0x00,0x00,0x00,0x00,0x00,0x00,0x00,0x00,0x00,0x00,0x00,0x00,0x00,0x00,0x00,0x00,0x00,0x00,0x00,0x00,0x00,0x00,0x00,
0x00,0x00,0x00,0x00,0x00,0x00,0x00,0x00,0x00,0x00,0x00,0x00,0x00,0x00,0x00,0x00,0x00,0x00,0x00,0x00,0x00,0x00,0x00,0x00,0x00,
0x00,0x00,0x00,0x00,0x00,0x00,0x00,0x00,0x00,0x01,0x02,0x02,0x04,0x04,0x05,0x05,0x05,0x06,0x06,0x06,0x47,0x09,0x08,0x47,0x58,
0x58,0x58,0x58,0x64,0x64,0x64,0x59,0x04,0x02,0x02,0x00,0x00,0x02,0x05,0x47,0x58,0x47,0x58,0x09,0x6B,0x19,0x09,0x47,0x09,0x66,
0x2D,0x28,0x28,0x28,0x6F,0x6F,0x6F,0x48,0x63,0x3D,0x38,0x7D,0x63,0x63,0x77,0x0F,0x0E,0x66,0x2D,0x65,0x0B,0x65,0x0F,0x1A,0x1A,
0xF0,0x64,0x95,0x58,0x1A,0x48,0x77,0x9E,0x51,0x51,0x38,0x75,0x26,0x0D,0x6B,0x6B,0x1B,0x6B,0x1B,0x19,0x0D,0x48,0x77,0x51,0x63,
0x38,0x38,0x38,0x7D,0x9E,0x67,0x55,0x0C,0x6B,0x1B,0x6B,0xC0,0x16,0x6C,0x10,0x1C,0x6B,0x6B,0x6B,0x6B,0x6B,0x19,0x18,0x0E,0x67,
0x29,0x38,0x51,0x29,0x55,0x6C,0x50,0x21,0x5D,0x21,0x21,0x55,0x67,0x67,0x30,0x66,0x0F,0x19,0x6B,0x0A,0x6B,0x6B,0x78,0x09,0x0A,
0x19,0x19,0x07,0x07,0x76,0x53,0x53,0x7D,0x09,0x08,0x08,0x07,0x59,0x59,0x59,0x46,0x70,0x70,0x46,0x46,0x69,0x46,0x70,0x05,0x04,
0x04,0x04,0x02,0x01,0x01,0x01,0x00,0x00,0x00,0x00,0x00,0x00,0x00,0x00,0x00,0x00,0x00,0x00,0x00,0x00,0x00,0x00,0x00,0x00,0x00,
0x00,0x00,0x00,0x00,0x00,0x00,0x00,0x00,0x00,0x00,0x00,0x00,0x00,0x00,0x00,0x00,0x00,0x00,0x00,0x00,0x00,0x00,0x00,0x00,0x00,
0x00,0x00,0x00,0x00,0x00,0x00,0x00,0x00,0x00,0x00,0x00,0x00,0x00,0x00,0x00,0x00,0x00,0x00,0x00,0x00,0x00,0x00,0x01,0x01,0x02,
0x02,0x45,0x04,0x05,0x05,0x05,0x06,0x06,0x06,0x06,0x47,0x09,0x59,0x09,0x58,0x58,0x58,0x64,0x64,0x64,0x64,0x58,0x69,0x02,0x02,
0x00,0x01,0x01,0x04,0x06,0x47,0x58,0x09,0x09,0x09,0x6B,0x19,0x58,0x09,0x65,0x2D,0x28,0x28,0x6F,0x6F,0x6F,0x0B,0x0A,0x63,0x38,
0x38,0x63,0x63,0x75,0x38,0x0E,0x32,0x65,0x65,0x65,0x28,0x65,0x0F,0x19,0xC0,0x8C,0x95,0x58,0x58,0x6B,0x0D,0x51,0x77,0x51,0x51,
0x38,0x38,0x2D,0x0D,0x0A,0x1B,0x1A,0x1B,0x1A,0x0C,0x0D,0x48,0x77,0x77,0x38,0x38,0x38,0x38,0x38,0x2E,0x2C,0x66,0x48,0x6B,0x1B,
0x1A,0xC0,0x85,0x0F,0x16,0x9D,0x6B,0x6B,0x6B,0x6B,0x09,0x1A,0x9D,0x66,0x67,0x3C,0x38,0x51,0x29,0x6C,0x60,0x21,0x25,0x6C,0x21,
0x50,0x67,0x5D,0x55,0x55,0x26,0x0F,0x9D,0x6B,0x19,0x6B,0x0B,0x6B,0x6B,0x0B,0x19,0x19,0x07,0x69,0x76,0x76,0x76,0x0A,0x09,0x59,
0x59,0x59,0x08,0x08,0x59,0x59,0x70,0x46,0x69,0x76,0x69,0x69,0x46,0x46,0x05,0x70,0x04,0x45,0x02,0x01,0x01,0x01,0x01,0x00,0x00,
0x00,0x00,0x00,0x00,0x00,0x00,0x00,0x00,0x00,0x00,0x00,0x00,0x00,0x00,0x00,0x00,0x00,0x00,0x00,0x00,0x00,0x00,0x00,0x00,0x00,
0x00,0x00,0x00,0x00,0x00,0x00,0x00,0x00,0x00,0x00,0x00,0x00,0x00,0x00,0x00,0x00,0x00,0x00,0x00,0x00,0x00,0x00,0x00,0x00,0x00,
0x00,0x00,0x00,0x00,0x00,0x00,0x00,0x00,0x00,0x00,0x01,0x01,0x01,0x02,0x45,0x45,0x04,0x05,0x05,0x46,0x06,0x06,0x06,0x06,0x47,
0x08,0x09,0x08,0x09,0x58,0x58,0x58,0x58,0x64,0x64,0x58,0x64,0x08,0x05,0x02,0x02,0x00,0x01,0x02,0x05,0x08,0x09,0x09,0x0A,0x59,
0x0A,0x0B,0x6B,0x09,0x65,0x2D,0x28,0x28,0x6F,0x6F,0x0B,0x6F,0x3C,0x63,0x3D,0x38,0x63,0x77,0x63,0x38,0x51,0x10,0x0E,0x66,0x28,
0x28,0x65,0x0F,0x0D,0x85,0x1A,0x58,0x6B,0x6B,0x6B,0x19,0x79,0x9E,0x51,0x34,0x63,0x38,0x6F,0x17,0x1B,0x1B,0x1A,0x1A,0x19,0x0C,
0x0D,0x54,0x77,0x63,0x38,0x38,0x38,0x38,0x77,0x27,0x29,0x2D,0x1C,0x6B,0x1C,0x85,0x1C,0x1A,0x1C,0x18,0x18,0x1A,0x6B,0x6B,0x09,
0x6B,0x19,0x9D,0x4C,0x30,0x63,0x38,0x29,0x27,0x6C,0x21,0x25,0x50,0x25,0x21,0x5D,0x5D,0x50,0x5D,0x5D,0x52,0x10,0xC0,0x19,0x19,
0x19,0x6B,0x19,0x6B,0x6B,0x9D,0x9D,0x76,0x07,0x59,0x38,0x7D,0x08,0x09,0x6B,0x09,0x09,0x59,0x59,0x09,0x09,0x69,0x69,0x75,0x75,
0x76,0x69,0x69,0x46,0x46,0x46,0x70,0x45,0x45,0x45,0x02,0x01,0x01,0x00,0x00,0x00,0x00,0x00,0x00,0x00,0x00,0x00,0x00,0x00,0x00,
0x00,0x00,0x00,0x00,0x00,0x00,0x00,0x00,0x00,0x00,0x00,0x00,0x00,0x00,0x00,0x00,0x00,0x00,0x00,0x00,0x00,0x00,0x00,0x00,0x00,
0x00,0x00,0x00,0x00,0x00,0x00,0x00,0x00,0x00,0x00,0x00,0x00,0x00,0x00,0x00,0x00,0x00,0x00,0x00,0x00,0x00,0x00,0x00,0x00,0x00,
0x01,0x02,0x02,0x45,0x04,0x04,0x05,0x05,0x46,0x06,0x46,0x06,0x06,0x47,0x47,0x47,0x09,0x0A,0x59,0x09,0x58,0x58,0x58,0x64,0x64,
0x58,0x64,0x58,0x06,0x04,0x02,0x02,0x00,0x02,0x02,0x05,0x59,0x59,0x0A,0x0A,0x0A,0x0A,0x0B,0x65,0x2D,0x2D,0x28,0x29,0x28,0x6F,
0x28,0x0B,0x63,0x38,0x38,0x63,0x77,0x51,0x39,0x38,0x38,0x52,0x20,0x0E,0x2D,0x28,0x2D,0x0F,0x0F,0x85,0x1B,0x6B,0x6B,0x6B,0x1A,
0x19,0x3C,0x77,0x34,0x34,0x38,0x38,0x87,0x49,0x0C,0x0C,0x0D,0x1C,0x0C,0x0C,0x66,0x3C,0x77,0x63,0x38,0x3E,0x38,0x38,0x51,0x51,
0x34,0x29,0x0D,0x1B,0xC0,0x1C,0x1A,0x1A,0x1A,0x1A,0x18,0x0D,0x6B,0x6B,0x6B,0x0A,0x1A,0x9D,0x0E,0x67,0x38,0x38,0x2F,0x67,0x55,
0x90,0x6C,0x50,0x21,0x50,0x50,0x5D,0x6C,0x6C,0x52,0x52,0x15,0x18,0x19,0x19,0x19,0x19,0x6B,0x19,0x19,0x9D,0x4C,0x08,0x76,0x59,
0x7D,0x8F,0x08,0x09,0x19,0x19,0x6B,0x09,0x09,0x0A,0x0B,0x69,0x53,0x9E,0x9E,0xB9,0x76,0x07,0x07,0x69,0x69,0x70,0x04,0x04,0x03,
0x45,0x02,0x02,0x01,0x00,0x00,0x00,0x00,0x00,0x00,0x00,0x00,0x00,0x00,0x00,0x00,0x00,0x00,0x00,0x00,0x00,0x00,0x00,0x00,0x00,
0x00,0x00,0x00,0x00,0x00,0x00,0x00,0x00,0x00,0x00,0x00,0x00,0x00,0x00,0x00,0x00,0x00,0x00,0x00,0x00,0x00,0x00,0x00,0x00,0x00,
0x00,0x00,0x00,0x00,0x00,0x00,0x00,0x00,0x00,0x00,0x00,0x00,0x00,0x00,0x00,0x02,0x45,0x45,0x45,0x04,0x05,0x05,0x46,0x69,0x07,
0x07,0x06,0x47,0x08,0x58,0x6B,0x6B,0x0B,0x0B,0x6B,0x6B,0x58,0x64,0x58,0x64,0x64,0x64,0x64,0x08,0x46,0x04,0x02,0x02,0x00,0x01,
0x02,0x46,0x59,0x0A,0x78,0x0A,0x78,0x0B,0x2F,0x2D,0x27,0x29,0x29,0x6F,0x28,0x6F,0x51,0x63,0x38,0x38,0x7D,0x6F,0x2F,0x39,0x38,
0x3E,0x87,0x13,0x52,0x65,0x28,0x66,0x0E,0x0F,0x5C,0x1A,0x1A,0x6B,0x1A,0x19,0x0C,0x3C,0x39,0x39,0x77,0x3D,0x38,0x65,0x0D,0x0C,
0x0D,0x1C,0x0D,0x0C,0x66,0x0D,0x63,0x39,0x77,0x38,0x53,0x3E,0x7D,0x39,0x39,0x39,0x51,0x0D,0x19,0x85,0x1B,0x1B,0x1A,0x1A,0x1A,
0x85,0x18,0x19,0x19,0x6B,0x6B,0x19,0x18,0x4C,0x67,0x38,0x3E,0x67,0x6C,0x67,0x21,0x6C,0x25,0x90,0x5F,0x5D,0x6C,0x4A,0x52,0x52,
0x7C,0x15,0xF4,0xC0,0x9D,0x19,0x19,0x19,0x0B,0x19,0x9D,0x4C,0x59,0x59,0x77,0x7D,0x08,0x08,0x6B,0x19,0x19,0x0B,0x6B,0x0B,0x6B,
0x19,0x76,0xB9,0x2F,0x78,0x9E,0x59,0x59,0x59,0x76,0x69,0x70,0x70,0x70,0x70,0x04,0x03,0x45,0x01,0x00,0x00,0x00,0x00,0x00,0x00,
0x00,0x00,0x00,0x00,0x00,0x00,0x00,0x00,0x00,0x00,0x00,0x00,0x00,0x00,0x00,0x00,0x00,0x00,0x00,0x00,0x00,0x00,0x00,0x00,0x00,
0x00,0x00,0x00,0x00,0x00,0x00,0x00,0x00,0x00,0x00,0x00,0x00,0x00,0x00,0x00,0x00,0x00,0x00,0x00,0x00,0x00,0x00,0x00,0x00,0x00,
0x00,0x00,0x00,0x00,0x00,0x03,0x04,0x04,0x04,0x05,0x05,0x46,0x06,0x69,0x76,0x76,0x08,0x08,0x08,0x09,0x6B,0x1A,0x19,0x0D,0x0B,
0x6B,0x64,0x58,0x64,0x58,0x64,0x64,0x58,0x58,0x06,0x05,0x02,0x02,0x00,0x00,0x00,0x45,0x07,0x77,0x78,0x77,0x0A,0x28,0x26,0x27,
0x29,0x29,0x28,0x29,0x6F,0x6F,0x51,0x8F,0x3E,0x38,0x77,0x28,0x2C,0x39,0x38,0x53,0x75,0x7B,0x4A,0x2D,0x6F,0x66,0x0E,0x0F,0x1C,
0x1C,0x1C,0x1C,0x9D,0x1C,0x48,0x63,0x63,0x39,0x39,0x3D,0x63,0x66,0x0C,0x0C,0x17,0x17,0x0C,0x0C,0x66,0x43,0x3D,0x63,0x77,0x38,
0x53,0x38,0x38,0x3D,0x3D,0x39,0x3C,0x0D,0x9D,0x85,0x6B,0x1A,0x1A,0x1C,0x1A,0x9D,0x18,0x9D,0x0D,0x19,0x0D,0x4C,0x18,0x7C,0x26,
0x38,0x53,0x55,0x23,0x6C,0x21,0x50,0x90,0x5D,0x5D,0x5D,0x52,0x4A,0x4A,0x4A,0x0F,0x8B,0xF4,0x18,0x9D,0x19,0x19,0x19,0x6B,0x19,
0x4C,0x4C,0x0A,0x59,0x77,0x7D,0x8F,0x08,0x6B,0x19,0x19,0x6B,0x19,0x6B,0x19,0x19,0x7D,0x2E,0x2F,0x61,0x78,0x09,0x58,0x47,0x08,
0x59,0x46,0x70,0x70,0x70,0x70,0x04,0x04,0x02,0x00,0x00,0x00,0x00,0x00,0x00,0x00,0x00,0x00,0x00,0x00,0x00,0x00,0x00,0x00,0x00,
0x00,0x00,0x00,0x00,0x00,0x00,0x00,0x00,0x00,0x00,0x00,0x00,0x00,0x00,0x00,0x00,0x00,0x00,0x00,0x00,0x00,0x00,0x00,0x00,0x00,
0x00,0x00,0x00,0x00,0x00,0x00,0x00,0x00,0x00,0x00,0x00,0x00,0x00,0x00,0x00,0x00,0x00,0x00,0x00,0x00,0x04,0x04,0x04,0x05,0x05,
0x46,0x06,0x69,0x69,0x76,0x59,0x59,0x59,0x09,0x6B,0x1A,0x19,0x4C,0x4C,0x0C,0x19,0x6B,0x64,0x64,0x64,0x58,0x64,0x64,0x58,0x47,
0x05,0x04,0x02,0x00,0x00,0x00,0x02,0x70,0x59,0x6F,0x77,0x77,0x2D,0x26,0x2E,0x29,0x29,0x29,0x28,0x6F,0x6F,0x3C,0x38,0x53,0x7D,
0x77,0x61,0x28,0x75,0x69,0x7E,0x69,0x6C,0x4A,0x2F,0x87,0x66,0x66,0x0F,0x0D,0x1C,0x1C,0x9D,0x9D,0x0D,0x3C,0x63,0x7D,0x3D,0x39,
0x38,0x77,0x49,0x17,0x0D,0x17,0x0E,0x1D,0x1D,0x0E,0x0C,0x38,0x38,0x39,0x63,0x53,0x38,0x7D,0x38,0x3D,0x39,0x77,0x0D,0x0D,0x85,
0x6B,0x1A,0x1A,0x1A,0x1C,0x9D,0x16,0x9D,0x0D,0x0D,0x4C,0x4C,0x0F,0x0F,0x30,0x38,0x53,0x50,0x23,0x60,0x50,0x50,0x50,0x67,0x5D,
0x52,0x4A,0x0F,0x9D,0x9D,0x5C,0x8B,0xF4,0x18,0x4C,0x9D,0x66,0x19,0x19,0x4C,0x4C,0x0F,0x0A,0x0A,0x78,0x8F,0x08,0x0A,0x6B,0x19,
0x19,0x19,0x19,0x19,0x19,0x19,0x2F,0x2F,0x61,0x78,0x1A,0x64,0x58,0x47,0x47,0x08,0x59,0x69,0x46,0x46,0x70,0x70,0x04,0x03,0x00,
0x00,0x00,0x00,0x00,0x00,0x00,0x00,0x00,0x00,0x00,0x00,0x00,0x00,0x00,0x00,0x00,0x00,0x00,0x00,0x00,0x00,0x00,0x00,0x00,0x00,
0x00,0x00,0x00,0x00,0x00,0x00,0x00,0x00,0x00,0x00,0x00,0x00,0x00,0x00,0x00,0x00,0x00,0x00,0x00,0x00,0x00,0x00,0x00,0x00,0x00,
0x00,0x00,0x00,0x00,0x00,0x00,0x00,0x00,0x00,0x00,0x05,0x46,0x46,0x05,0x46,0x06,0x69,0x76,0x07,0x76,0x78,0x59,0x09,0x6B,0x6B,
0x1A,0x19,0x4C,0x0F,0x66,0x65,0x19,0x6B,0x6B,0x6B,0x1A,0x6B,0x64,0x64,0x58,0x06,0x04,0x02,0x00,0x00,0x00,0x00,0x02,0x69,0x0B,
0x6F,0x6F,0x30,0x27,0x29,0x68,0x29,0x29,0x29,0x29,0x6F,0x39,0x3E,0x76,0x77,0x77,0x78,0x78,0x7E,0x03,0x03,0x04,0x46,0x78,0x2F,
0x6F,0x65,0x66,0x0F,0x0D,0x0D,0x0D,0x9D,0x0D,0x0C,0x3C,0x37,0x63,0x38,0x39,0x38,0x51,0x49,0x1D,0x1D,0x17,0x1D,0x1D,0x1D,0x52,
0x44,0x38,0x3D,0x7D,0x63,0x38,0x38,0x38,0x38,0x38,0x39,0x77,0x0D,0x9D,0x85,0x1A,0x1C,0x1C,0x19,0x19,0x9D,0x18,0x0F,0x0D,0x0D,
0x4C,0x4C,0x4C,0x0F,0x28,0x38,0x38,0x50,0x23,0x50,0x5D,0x25,0x26,0x5F,0x5D,0x4A,0x9D,0x1A,0x1A,0x6B,0x64,0x8B,0x8B,0x18,0x9D,
0x4C,0x0D,0x0D,0x0D,0x4C,0x4A,0x7C,0x0A,0x0B,0x77,0x8F,0x8F,0x0A,0x19,0x19,0x19,0x19,0x19,0x19,0x19,0x19,0x87,0x61,0x61,0x19,
0x64,0x64,0x58,0x58,0x47,0x47,0x59,0x76,0x69,0x69,0x46,0x46,0x70,0x04,0x01,0x00,0x00,0x00,0x00,0x00,0x00,0x00,0x00,0x00,0x00,
0x00,0x00,0x00,0x00,0x00,0x00,0x00,0x00,0x00,0x00,0x00,0x00,0x00,0x00,0x00,0x00,0x00,0x00,0x00,0x00,0x00,0x00,0x00,0x00,0x00,
0x00,0x00,0x00,0x00,0x00,0x00,0x00,0x00,0x00,0x00,0x00,0x00,0x00,0x00,0x00,0x00,0x00,0x00,0x00,0x00,0x00,0x00,0x00,0x00,0x00,
0x05,0x06,0x06,0x06,0x06,0x69,0x07,0x59,0x76,0x76,0x0B,0x0A,0x0B,0x19,0x19,0x19,0x9D,0x0F,0x10,0x0E,0x66,0x19,0x19,0x19,0x19,
0x0D,0x19,0x1A,0x6B,0x64,0x47,0x05,0x02,0x00,0x00,0x00,0x00,0x02,0x70,0x77,0x2F,0x30,0x52,0x29,0x51,0x51,0x29,0x6F,0x29,0x29,
0x29,0x63,0x38,0x75,0x78,0x53,0x46,0x46,0x45,0x02,0x02,0x02,0x00,0x02,0x59,0x78,0x65,0x65,0x49,0x0C,0x0C,0x0C,0x0D,0x0C,0x48,
0x3C,0x63,0x38,0x38,0x38,0x38,0x2F,0x52,0x1D,0x1D,0x49,0x1D,0x26,0x0E,0x4A,0x54,0x3E,0x38,0x3D,0x39,0x38,0x38,0x38,0x38,0x38,
0x63,0x39,0x0E,0x4C,0x18,0x1C,0x19,0x19,0x9D,0x9D,0x9D,0x18,0x18,0x66,0x0E,0x0E,0x0E,0x4C,0x7C,0x28,0x38,0x38,0x55,0x50,0x6A,
0x5D,0x5F,0x26,0x67,0x52,0x9D,0x6B,0x6B,0x1A,0x95,0x58,0x9B,0x8B,0x9D,0x4C,0x4C,0x4C,0x0D,0x66,0x0E,0x4A,0x52,0x78,0x0B,0x7D,
0x7D,0x8F,0x0A,0x0D,0x9D,0x4C,0x19,0x4C,0x9D,0x4C,0x0D,0x87,0x61,0x61,0x19,0x64,0x64,0x64,0x64,0x58,0x58,0x08,0x59,0x53,0x53,
0x69,0x69,0x46,0x70,0x01,0x00,0x00,0x00,0x00,0x00,0x00,0x00,0x00,0x00,0x00,0x00,0x00,0x00,0x00,0x00,0x00,0x00,0x00,0x00,0x00,
0x00,0x00,0x00,0x00,0x00,0x00,0x00,0x00,0x00,0x00,0x00,0x00,0x00,0x00,0x00,0x00,0x00,0x00,0x00,0x00,0x00,0x00,0x00,0x00,0x00,
0x00,0x00,0x00,0x00,0x00,0x00,0x00,0x00,0x00,0x00,0x00,0x00,0x00,0x00,0x00,0x05,0x06,0x06,0x47,0x07,0x07,0x76,0x59,0x7D,0x7D,
0x65,0x0B,0x65,0x19,0x9D,0x9D,0x4C,0x0F,0x15,0x20,0x0E,0x4C,0x0E,0x0E,0x0E,0x52,0x66,0x66,0x19,0x6B,0x09,0x06,0x01,0x00,0x00,
0x00,0x00,0x02,0x02,0x76,0x2F,0x55,0x5D,0x28,0x29,0x68,0x29,0x29,0x29,0x29,0x51,0x63,0x38,0x6F,0x77,0x04,0x02,0xC4,0x45,0x02,
0x01,0x00,0x00,0x00,0x02,0x76,0x65,0x28,0x0D,0x65,0x0C,0x66,0x65,0x65,0x0C,0x3C,0x38,0x38,0x38,0x3D,0x63,0x52,0x49,0x43,0x1D,
0x26,0x26,0x26,0x52,0x21,0x3B,0x3E,0x3D,0x38,0x77,0x39,0x38,0x3E,0x38,0x38,0x39,0x77,0x30,0x16,0x16,0x1C,0x9D,0x9D,0x9D,0x19,
0x9D,0x0F,0x0F,0x66,0x0E,0x4C,0x0E,0x0E,0x4A,0x27,0x3E,0x38,0x26,0x6A,0x6A,0x50,0x6A,0x67,0x5D,0x0F,0x6B,0x6B,0x6B,0x6B,0x6B,
0x95,0x9B,0x10,0x4C,0x4C,0x4C,0x4C,0x66,0x0E,0x0E,0x23,0x4A,0x65,0x65,0x7D,0x63,0x59,0x48,0x9D,0x4C,0x0D,0x0D,0x9D,0x19,0x4C,
0x0D,0x87,0x61,0x65,0x9D,0xF0,0xF0,0xF0,0x64,0x58,0x58,0x09,0x0A,0x76,0x53,0x69,0x69,0x69,0x70,0x01,0x00,0x00,0x00,0x00,0x00,
0x00,0x00,0x00,0x00,0x00,0x00,0x00,0x00,0x00,0x00,0x00,0x00,0x00,0x00,0x00,0x00,0x00,0x00,0x00,0x00,0x00,0x00,0x00,0x00,0x00,
0x00,0x00,0x00,0x00,0x00,0x00,0x00,0x00,0x00,0x00,0x00,0x00,0x00,0x00,0x00,0x00,0x00,0x00,0x00,0x00,0x00,0x00,0x00,0x00,0x00,
0x00,0x00,0x00,0x00,0x00,0x06,0x06,0x47,0x47,0x47,0x08,0x59,0x78,0x51,0x7D,0x66,0x66,0x0C,0x4C,0x4C,0x0F,0x0F,0x10,0x14,0x13,
0x4A,0x52,0x49,0x52,0x52,0x0E,0x0E,0x66,0x66,0x6B,0x58,0x06,0x02,0x00,0x00,0x00,0x00,0x02,0x45,0x69,0x2E,0x6C,0x67,0x27,0x29,
0x29,0x29,0x29,0x29,0x28,0x51,0x38,0x77,0x61,0x76,0x46,0x92,0x81,0xC4,0xC4,0xEC,0x71,0x00,0x01,0x00,0x02,0x7D,0x65,0x0C,0x48,
0x28,0x65,0x48,0x48,0x48,0x3C,0x38,0x38,0x38,0x3E,0x9E,0x21,0x1E,0x26,0x1E,0x26,0x1E,0x5D,0x52,0x20,0x3C,0x38,0x3D,0x3D,0x63,
0x3C,0x38,0x38,0x38,0x63,0x39,0x34,0x0E,0x15,0x16,0x0D,0x9D,0x9D,0x9D,0x9D,0x0D,0x0F,0x0F,0x1D,0x0E,0x0E,0x52,0x0E,0x6C,0x28,
0x3E,0x7D,0x27,0x27,0x5D,0x5F,0x6A,0x5F,0x0F,0x1C,0x6B,0x6B,0x1B,0x6B,0x6B,0x1A,0x9B,0x10,0x4C,0x4C,0x4C,0x0E,0x4C,0x0E,0x7C,
0x7B,0x20,0x0E,0x2D,0x7D,0x8F,0x63,0x0B,0x0D,0x4C,0x4C,0x4C,0x4C,0x4C,0x4C,0x0D,0x61,0x61,0x66,0x18,0xF0,0xC0,0xF0,0xF0,0x64,
0x64,0x1A,0x6B,0x75,0x76,0x76,0x53,0x69,0x46,0x01,0x00,0x00,0x00,0x00,0x00,0x00,0x00,0x00,0x00,0x00,0x00,0x00,0x00,0x01,0x00,
0x00,0x00,0x00,0x00,0x00,0x00,0x00,0x00,0x00,0x00,0x00,0x00,0x00,0x00,0x00,0x00,0x00,0x00,0x00,0x00,0x00,0x00,0x00,0x00,0x00,
0x00,0x00,0x00,0x00,0x00,0x00,0x00,0x00,0x00,0x00,0x00,0x00,0x00,0x00,0x00,0x00,0x00,0x00,0x00,0x00,0x06,0x06,0x47,0x58,0x58,
0x08,0x77,0x78,0x0B,0x7D,0x66,0x52,0x0E,0x4C,0x0F,0x10,0x10,0x11,0x14,0x4D,0x4A,0x0E,0x0E,0x52,0x0E,0x0E,0x52,0x0E,0x66,0x65,
0x09,0x06,0x04,0x02,0x00,0x00,0x00,0x00,0xB4,0x46,0x61,0x55,0x2C,0x2E,0x29,0x29,0x2A,0x61,0x29,0x29,0x3A,0x38,0x61,0x61,0x8F,
0x3E,0x3F,0x3F,0x88,0x81,0x81,0xC4,0x03,0x02,0x01,0x00,0x05,0x0B,0x66,0x6F,0x48,0x28,0x48,0x28,0x48,0x63,0x38,0x3E,0x3E,0x38,
0x28,0x25,0x6A,0x26,0x26,0x26,0x26,0x5D,0x52,0x20,0x3B,0x3E,0x63,0x0B,0x65,0x28,0x38,0x3E,0x38,0x63,0x77,0x51,0x55,0x15,0x0F,
0x0D,0x9D,0x9D,0x9D,0x9D,0x9D,0x10,0x10,0x26,0x26,0x55,0x5D,0x55,0x25,0x27,0x53,0x39,0x44,0x6A,0x50,0x6A,0x26,0x26,0x4C,0x1A,
0x1A,0x1A,0x6B,0x1A,0x1A,0xC0,0x15,0x10,0x4A,0x0F,0x4C,0x4C,0x0E,0x52,0x4A,0x23,0x20,0x52,0x2C,0x8F,0x7D,0x77,0x65,0x66,0x0D,
0x4C,0x4C,0x9D,0x4C,0x4C,0x66,0x87,0x87,0x4C,0xF4,0xC0,0xC0,0xF0,0xF0,0x64,0x64,0x1A,0x1A,0x7D,0x76,0x7D,0x76,0x53,0x46,0x02,
0x00,0x00,0x00,0x00,0x00,0x00,0x00,0x00,0x00,0x00,0x00,0x00,0x01,0x01,0x01,0x00,0x00,0x00,0x00,0x00,0x00,0x00,0x00,0x00,0x00,
0x00,0x00,0x00,0x00,0x00,0x00,0x00,0x00,0x00,0x00,0x00,0x00,0x00,0x00,0x00,0x00,0x00,0x00,0x00,0x00,0x00,0x00,0x00,0x00,0x00,
0x00,0x00,0x00,0x00,0x00,0x00,0x00,0x00,0x00,0x00,0x06,0x06,0x47,0x47,0x64,0x09,0x78,0x65,0x2D,0x63,0x66,0x20,0x0F,0x4A,0x10,
0x10,0x10,0x10,0x11,0x13,0x20,0x26,0x55,0x4A,0x55,0x0E,0x52,0x52,0x0E,0x2F,0x6B,0x47,0x05,0x02,0x00,0x00,0x00,0x01,0x02,0x69,
0x87,0x2C,0x29,0x51,0x68,0x51,0x51,0x51,0x29,0x29,0x3D,0x7D,0x87,0x2A,0x56,0x56,0xA0,0x3F,0x3F,0x3F,0x88,0x7E,0x7E,0xBD,0x45,
0x01,0x71,0x76,0x65,0x79,0x6F,0x79,0x6F,0x79,0x79,0x63,0x38,0x53,0x53,0x38,0x55,0x25,0x43,0x26,0x1E,0x26,0x1E,0x26,0x6C,0x20,
0x3C,0x63,0x19,0x1C,0x85,0x18,0x48,0x3E,0x38,0x38,0x77,0x9E,0x52,0x11,0x0F,0x4C,0x0F,0x0F,0x0F,0x4C,0x4C,0x0F,0x11,0x5D,0x26,
0x55,0x5D,0x6C,0x24,0x2D,0x53,0x3C,0x27,0x5D,0x5F,0x26,0x5F,0x52,0x9D,0x6B,0x1A,0x1A,0x1C,0x1A,0x1A,0x1C,0x8E,0x10,0x0F,0x4A,
0x52,0x52,0x6C,0x4A,0x21,0x23,0x23,0x20,0x2C,0x76,0x63,0x77,0x66,0x4C,0x7C,0x4C,0x4C,0x4C,0x4C,0x4C,0x66,0x2E,0x2F,0x10,0x18,
0xC0,0xC0,0xF0,0xF0,0xF0,0xC0,0xC0,0x19,0x59,0x6B,0x6B,0x6B,0x78,0x46,0x01,0x00,0x00,0x00,0x00,0x00,0x00,0x00,0x00,0x00,0x00,
0x00,0x00,0x01,0x02,0x01,0x01,0x01,0x01,0x00,0x00,0x00,0x00,0x00,0x00,0x00,0x00,0x00,0x00,0x00,0x00,0x00,0x00,0x00,0x00,0x00,
0x00,0x00,0x00,0x00,0x00,0x00,0x00,0x00,0x00,0x00,0x00,0x00,0x00,0x00,0x00,0x00,0x00,0x00,0x00,0x00,0x00,0x00,0x00,0x00,0x00,
0x06,0x47,0x47,0x58,0x64,0x58,0x0B,0x66,0x26,0x63,0x87,0x11,0x4A,0x4A,0x4A,0x10,0x20,0x10,0x11,0x13,0x20,0x1D,0x0E,0x52,0x26,
0x0E,0x55,0x55,0x55,0x2F,0x6B,0x58,0x46,0x02,0x02,0x01,0x00,0x00,0x45,0x76,0x2F,0x61,0x77,0x77,0x77,0x77,0x9E,0x9E,0x51,0x34,
0x38,0x75,0x87,0x34,0x40,0x40,0x40,0x56,0xA0,0x3F,0x3F,0x3F,0x88,0xA8,0xC4,0x04,0x45,0xC4,0x63,0x0B,0x79,0x6F,0x6F,0x6F,0x79,
0x63,0x38,0x3E,0x53,0x75,0x25,0x5D,0x6A,0x6A,0x6A,0x26,0x26,0x26,0x25,0x20,0x3B,0x48,0x85,0x1B,0x1B,0x1A,0x18,0x77,0x38,0x38,
0x39,0x51,0x52,0x12,0x0F,0x0E,0x0F,0x0F,0x0F,0x0F,0x4A,0x4A,0x11,0x52,0x5D,0x6C,0x20,0x20,0x23,0x5D,0x38,0x54,0x6A,0x6E,0x5F,
0x5F,0x26,0x4A,0x0D,0x1C,0x1C,0x9D,0xC0,0x9D,0x95,0x0D,0x13,0x7C,0x4A,0x4A,0x4A,0x4A,0x21,0x21,0x21,0x20,0x23,0x7B,0x2F,0x8F,
0x63,0x6F,0x0E,0x52,0x4A,0x7C,0x7C,0x4C,0x7C,0x4C,0x2F,0x2F,0x30,0x10,0x9D,0x1A,0xC0,0xF0,0xC0,0xC0,0xC0,0xC0,0x0A,0x1A,0x64,
0x09,0x08,0x09,0x07,0x05,0x04,0x04,0x00,0x00,0x00,0x00,0x00,0x00,0x00,0x00,0x00,0x00,0x03,0x03,0x02,0x02,0x01,0x01,0x01,0x01,
0x00,0x00,0x00,0x00,0x00,0x00,0x00,0x00,0x00,0x00,0x00,0x00,0x00,0x00,0x00,0x00,0x00,0x00,0x00,0x00,0x00,0x00,0x00,0x00,0x00,
0x00,0x00,0x00,0x00,0x00,0x00,0x00,0x00,0x00,0x00,0x00,0x00,0x00,0x00,0x00,0x07,0x47,0x47,0x64,0x64,0x64,0x79,0x66,0x5D,0x3A,
0x78,0x11,0x20,0x4A,0x10,0x20,0x20,0x20,0x20,0x11,0x23,0x2D,0x55,0x55,0x26,0x26,0x55,0x55,0x30,0x66,0x0B,0x64,0x06,0x04,0x02,
0x02,0x00,0x01,0x04,0x75,0x61,0x7D,0x38,0x38,0x38,0x3D,0x63,0x3A,0x3A,0x3D,0x3E,0x39,0x3C,0x40,0x40,0x89,0x93,0xA0,0xA0,0xA0,
0x3F,0x3F,0xA0,0x3F,0x92,0x7E,0xC4,0x45,0x7E,0x6F,0x6F,0x51,0x3C,0x6F,0x79,0x63,0x53,0x38,0x53,0x51,0x90,0x5D,0x26,0x6A,0x6A,
0x6A,0x26,0x26,0x50,0x20,0x79,0x9D,0x1B,0x1A,0x1B,0x1A,0x85,0x79,0x8F,0x77,0x77,0x9E,0x4A,0x11,0x4A,0x52,0x4A,0x4A,0x4A,0x4A,
0x4A,0x20,0x12,0x4A,0x25,0x23,0x7B,0x23,0x22,0x20,0x39,0x44,0x5F,0x5D,0x5F,0x1E,0x5F,0x0F,0x0D,0x19,0x1C,0x9D,0x85,0x1C,0x99,
0x26,0x13,0x4A,0x20,0x4A,0x21,0x4A,0x21,0x21,0x21,0x23,0x23,0x23,0x2F,0x63,0x77,0x28,0x55,0x4A,0x4A,0x4A,0x4A,0x10,0x20,0x7C,
0x2F,0x28,0x4A,0x0F,0x19,0x6B,0x6B,0x1A,0xF0,0xC0,0xF4,0xC0,0x6B,0x64,0x47,0x08,0x08,0x09,0x09,0x59,0x07,0x06,0x46,0x02,0x00,
0x00,0x00,0x00,0x00,0x00,0x00,0x00,0x03,0x04,0x03,0x45,0x02,0x01,0x01,0x01,0x01,0x01,0x00,0x00,0x00,0x00,0x00,0x00,0x00,0x00,
0x00,0x00,0x00,0x00,0x00,0x00,0x00,0x00,0x00,0x00,0x00,0x00,0x00,0x00,0x00,0x00,0x00,0x00,0x00,0x00,0x00,0x00,0x00,0x00,0x00,
0x00,0x00,0x00,0x00,0x00,0x08,0x47,0x58,0x64,0x64,0x1A,0x65,0x0E,0x52,0x34,0x77,0x8E,0x11,0x4A,0x4A,0x4A,0x4A,0x21,0x4A,0x21,
0x20,0x6A,0x30,0x55,0x26,0x30,0x26,0x30,0x30,0x66,0x65,0x64,0x07,0x02,0x02,0x02,0x00,0x70,0x53,0x53,0x3D,0x3E,0x3F,0x3F,0xA0,
0xA0,0x93,0x93,0x93,0x40,0x93,0x40,0x93,0x93,0xA3,0xA5,0xA3,0x93,0x93,0x93,0xA0,0xA0,0xA0,0xA0,0xA8,0x3F,0x7E,0x04,0xC4,0x77,
0x6F,0x3C,0x51,0x6F,0x51,0x3D,0x53,0x53,0x53,0x2F,0x90,0x5D,0x6A,0x6A,0x43,0x6A,0x6A,0x26,0x5D,0x24,0x48,0x5C,0x8C,0x1A,0x8C,
0x1C,0x85,0x1C,0x0D,0x18,0x16,0x10,0x15,0x12,0x4A,0x52,0x4A,0x4A,0x20,0x4A,0x20,0x11,0x14,0x25,0x25,0x7B,0x8E,0x23,0x7B,0x12,
0x29,0x27,0x5F,0x5F,0x5F,0x5F,0x5D,0x10,0x9D,0x0D,0x9D,0x9D,0x5C,0x1B,0x8F,0x6C,0x6D,0x21,0x21,0x20,0x20,0x21,0x4A,0x21,0x21,
0x20,0x23,0x23,0x2C,0x77,0x3C,0x66,0x6C,0x21,0x21,0x7C,0x4A,0x23,0x11,0x52,0x28,0x55,0x4A,0x66,0x65,0x19,0x6B,0x19,0x19,0xF4,
0xC0,0x0B,0x0A,0x58,0x47,0x08,0x08,0x09,0x58,0x09,0x07,0x07,0x06,0x46,0x02,0x00,0x00,0x00,0x00,0x00,0x00,0x02,0x70,0x70,0x03,
0x03,0x03,0x02,0x02,0x01,0x01,0x01,0x01,0x00,0x00,0x00,0x00,0x00,0x00,0x00,0x00,0x00,0x00,0x00,0x00,0x00,0x00,0x00,0x00,0x00,
0x00,0x00,0x00,0x00,0x00,0x00,0x00,0x00,0x00,0x00,0x00,0x00,0x00,0x00,0x00,0x00,0x00,0x00,0x00,0x00,0x09,0x08,0x58,0x58,0x64,
0x1A,0x48,0x55,0x25,0x54,0x7D,0x23,0x11,0x25,0x4A,0x25,0x4A,0x4A,0x6C,0x7C,0x21,0x26,0x2D,0x30,0x26,0x30,0x30,0x2C,0x30,0x2D,
0x65,0x0B,0x59,0x9E,0x9E,0x62,0xE3,0xE7,0xB8,0x3F,0xA0,0xA8,0xA0,0x93,0x93,0x93,0x93,0xA3,0xA3,0xA5,0xA3,0xA5,0xA3,0xA3,0xA5,
0xA5,0xA5,0xA5,0xAD,0xA5,0x93,0xA3,0x93,0xA0,0xA0,0xA0,0x92,0xC4,0x05,0x53,0x6F,0x51,0x51,0x6F,0x3C,0x39,0x53,0x53,0x53,0x26,
0x90,0x5D,0x6A,0x6A,0x6A,0x6A,0x6A,0x26,0x5D,0x20,0x44,0x85,0x1B,0x1A,0x8C,0xF4,0xF4,0x1C,0x9D,0x9D,0x5C,0x16,0x15,0x14,0x20,
0x4A,0x20,0x20,0x20,0x20,0x23,0x11,0x13,0x52,0x26,0x7B,0x12,0x7B,0x7B,0x73,0x5D,0x6A,0x1E,0x1E,0x5D,0x5F,0x25,0x10,0x17,0x9D,
0x9D,0x5C,0x5C,0x3C,0x3C,0x6D,0x6D,0x21,0x20,0x23,0x23,0x23,0x21,0x21,0x21,0x23,0x23,0x21,0x2F,0x3C,0x51,0x30,0x21,0x21,0x21,
0x4A,0x21,0x23,0x23,0x55,0x2F,0x52,0x0E,0x66,0x65,0x0B,0x0B,0x19,0x19,0x9D,0x19,0x77,0x08,0x99,0x47,0x08,0x09,0x08,0x6B,0x09,
0x08,0x08,0x07,0x07,0x02,0x00,0x00,0x00,0x04,0x46,0x46,0x46,0x46,0x70,0x70,0x04,0x04,0x04,0x03,0x45,0x02,0x01,0x01,0x01,0x00,
0x00,0x00,0x00,0x00,0x00,0x00,0x00,0x00,0x00,0x00,0x00,0x00,0x00,0x00,0x00,0x00,0x00,0x00,0x00,0x00,0x00,0x00,0x00,0x00,0x00,
0x00,0x00,0x00,0x00,0x00,0x00,0x00,0x00,0x00,0x00,0x0A,0x09,0x08,0x58,0x09,0x1A,0x0C,0x7C,0x20,0x44,0x7D,0x7C,0x7B,0x52,0x5D,
0x5D,0x55,0x26,0x26,0x55,0x4A,0x5D,0x2E,0x30,0x30,0x2C,0x2C,0x2F,0x28,0x30,0x8E,0xD9,0xD2,0xE0,0xD1,0xD8,0xCA,0xCF,0x97,0xA8,
0x93,0x93,0xA4,0x93,0xA4,0x93,0xA5,0x93,0xA5,0xA5,0xA5,0xA5,0xB3,0xA5,0xB3,0xB3,0xB3,0xAD,0xA5,0xA5,0xAD,0xAD,0xA3,0x93,0xA0,
0xA0,0xA8,0x3F,0xC4,0xC4,0x7D,0x51,0x51,0x54,0x3C,0x39,0x53,0x53,0x38,0x55,0x25,0x6E,0x26,0x6A,0x6A,0x26,0x6A,0x26,0x5D,0x24,
0x0C,0x85,0x1C,0x8C,0xC0,0xF4,0x85,0x1C,0x9D,0x1C,0x9D,0x9D,0x9D,0x10,0x14,0x20,0x20,0x22,0x11,0x7B,0x11,0x12,0x13,0x52,0x6A,
0x22,0x6D,0x7B,0x12,0x7A,0x7B,0x1E,0x42,0x5F,0x5D,0x5F,0x11,0x11,0x0F,0x0F,0x0F,0x16,0x0C,0x3A,0x5D,0x4D,0x13,0x22,0x22,0x22,
0x7B,0x22,0x20,0x20,0x21,0x21,0x7B,0x21,0x2E,0x34,0x29,0x6C,0x21,0x23,0x21,0x6C,0x21,0x23,0x8E,0x55,0x2F,0x28,0x87,0x87,0x6F,
0x0B,0x0B,0x65,0x19,0x65,0x77,0x7D,0x0A,0x08,0x99,0x08,0x08,0x09,0x64,0x6B,0x08,0x76,0x08,0x07,0x02,0x00,0x00,0x46,0x07,0x06,
0x07,0x46,0x46,0x46,0x46,0x70,0x70,0x04,0x04,0x04,0x45,0x02,0x02,0x01,0x01,0x00,0x00,0x00,0x00,0x00,0x00,0x00,0x00,0x00,0x00,
0x00,0x00,0x00,0x00,0x00,0x00,0x00,0x00,0x00,0x00,0x00,0x00,0x00,0x00,0x00,0x00,0x00,0x00,0x00,0x00,0x00,0x00,0x00,0x00,0x00,
0x0B,0x09,0x59,0x09,0x6B,0x1A,0x0C,0x52,0x23,0x27,0x63,0x66,0x12,0x5D,0x26,0x26,0x2D,0x2D,0x2F,0x2D,0x55,0x5D,0x29,0x2C,0x2C,
0x2F,0x28,0x2A,0x28,0xCD,0xCA,0xCA,0xCF,0xCF,0xCF,0xCF,0xCF,0xCF,0xC6,0xA8,0x93,0xA4,0x93,0xA4,0x93,0xA4,0xA4,0xA5,0xA4,0xA4,
0xA4,0xA4,0xA5,0xA4,0xB3,0xA5,0xB3,0xB3,0xB3,0xB3,0x96,0xAD,0xA5,0xA3,0x93,0xA0,0xA0,0xA8,0x7E,0x45,0x53,0x3C,0x3C,0x51,0x3C,
0x39,0x3E,0x53,0x39,0x55,0x25,0x5D,0x6A,0x6A,0x6A,0x26,0x26,0x67,0x5D,0x24,0x1D,0x5C,0x8C,0x8C,0x8C,0xF4,0x1C,0x1C,0x1C,0x1C,
0x9D,0x1C,0x9D,0x18,0x14,0x11,0x11,0x7B,0x12,0x12,0x13,0x13,0x4D,0x25,0x6A,0x22,0x6D,0x12,0x12,0x13,0x13,0x1E,0x42,0x5D,0x4E,
0x21,0x13,0x10,0x33,0x4C,0x0F,0x0F,0x54,0x44,0x6D,0x7A,0x73,0x7B,0x12,0x12,0x7B,0x7B,0x23,0x20,0x21,0x21,0x23,0x6C,0x29,0x51,
0x28,0x6C,0x23,0x23,0x20,0x21,0x4A,0x21,0x11,0x55,0x2F,0x29,0x87,0x6F,0x51,0x6F,0x87,0x0B,0x0B,0x77,0x8F,0x87,0x48,0x6B,0x09,
0x99,0x09,0x09,0x6B,0x6B,0x59,0x59,0x59,0x05,0x02,0x00,0x06,0x08,0x08,0x07,0x07,0x06,0x46,0x46,0x69,0x46,0x70,0x46,0x70,0x04,
0x04,0x45,0x02,0x02,0x01,0x01,0x01,0x00,0x00,0x00,0x00,0x00,0x00,0x00,0x00,0x00,0x00,0x00,0x00,0x00,0x00,0x00,0x00,0x00,0x00,
0x00,0x00,0x00,0x00,0x00,0x00,0x00,0x00,0x00,0x00,0x00,0x00,0x00,0x00,0x00,0x0C,0x0A,0x0A,0x0A,0x0A,0x19,0x0D,0x0E,0x7B,0x6A,
0x63,0x87,0x7B,0x52,0x26,0x2D,0x28,0x61,0x51,0x61,0x2F,0x55,0x2A,0x28,0x2F,0x29,0x40,0xA3,0x1E,0xD2,0xCF,0xCF,0xCF,0xCF,0xCF,
0xCF,0xCF,0xCF,0xD4,0x93,0xA4,0xA5,0xA4,0xA5,0xA5,0xA5,0xA5,0xA4,0xA4,0xA5,0xA4,0xA4,0xA4,0xA4,0xA4,0xB3,0xA4,0xB3,0xB3,0xB3,
0xB3,0xA5,0xAD,0xAD,0xA5,0x93,0xA0,0xA8,0x7E,0xC4,0x69,0x77,0x77,0x34,0x3C,0x39,0x53,0x53,0x9E,0x67,0x6C,0x5F,0x6A,0x6A,0x6A,
0x6A,0x6A,0x5F,0x6C,0x20,0x49,0x85,0x8C,0x8C,0x85,0x8B,0x1B,0x1A,0x1C,0x1C,0x1C,0x9D,0x9D,0x16,0x9B,0xA1,0x12,0x13,0x13,0x13,
0x7A,0x13,0xC3,0x24,0x6A,0x22,0x6D,0x6D,0x6D,0x6D,0x73,0x1E,0x2B,0x1E,0x5D,0x73,0x13,0x20,0x4A,0x4A,0x33,0x33,0x3C,0x21,0x7B,
0x73,0x73,0x12,0x6D,0x6D,0x12,0x7B,0x22,0x23,0x20,0x21,0x7B,0x55,0x29,0x54,0x2E,0x21,0x23,0x23,0x23,0x21,0x21,0x21,0x23,0x6C,
0x2E,0x2E,0x61,0x61,0x51,0x6F,0x6F,0x6F,0x77,0x7D,0x51,0x2F,0x0B,0x1A,0x6B,0x6B,0x09,0x09,0x1A,0x6B,0x8F,0x59,0x08,0x04,0x02,
0x05,0x09,0x08,0x08,0x07,0x07,0x07,0x06,0x69,0x69,0x69,0x69,0x46,0x70,0x70,0x05,0x04,0x04,0x45,0x02,0x02,0x01,0x00,0x00,0x00,
0x00,0x00,0x00,0x00,0x00,0x00,0x00,0x00,0x00,0x00,0x00,0x00,0x00,0x00,0x00,0x00,0x00,0x00,0x00,0x00,0x00,0x00,0x00,0x00,0x00,
0x00,0x00,0x00,0x00,0x00,0x0D,0x48,0x0A,0x0A,0x6B,0x48,0x0D,0x2D,0x21,0x4E,0x39,0x77,0x20,0x25,0x26,0x2E,0x61,0x9E,0x77,0x77,
0x6F,0x2F,0x51,0x77,0x3B,0x93,0x93,0x93,0x57,0xD2,0xCF,0xCF,0xCF,0xCF,0xCF,0xCF,0xCF,0xCF,0xCF,0x97,0xA4,0xAD,0xA5,0xAD,0xB3,
0xA4,0xA5,0xA5,0xA5,0xA4,0xA4,0xA5,0xA4,0xA4,0xB3,0xA4,0xB5,0xB3,0xB3,0xB3,0xB3,0xBE,0xBE,0x96,0xA5,0xA5,0x93,0xA0,0xA8,0x7E,
0x8F,0x3C,0x63,0x77,0x63,0x39,0x38,0x92,0x51,0x67,0x50,0x5F,0x6A,0x6A,0x6A,0x6A,0x26,0x5D,0x6C,0x20,0x0F,0x8B,0x85,0x1C,0x85,
0x8B,0x1C,0x1A,0x1C,0x19,0x1C,0x9D,0x85,0x8B,0x9B,0xA1,0xA1,0x13,0x4D,0x7A,0x13,0x4D,0xC3,0x22,0x43,0x22,0x72,0x22,0x22,0x22,
0x13,0x5F,0x2B,0x26,0x22,0xC3,0x11,0x20,0x20,0x20,0x4B,0x4E,0x54,0x8E,0x24,0x73,0x73,0x72,0x6D,0x12,0x12,0x7B,0x22,0x24,0x20,
0x21,0x7B,0x67,0x29,0x2A,0x2D,0x21,0x7B,0x8E,0x23,0x23,0x23,0x21,0x8E,0x6C,0x2E,0x87,0x61,0x6F,0x61,0x61,0x6F,0x51,0x77,0x77,
0x2E,0x61,0x6F,0x0D,0x19,0x19,0x6B,0x6B,0xC0,0x6B,0x59,0x78,0x59,0x02,0xB4,0x59,0x0A,0x59,0x59,0x08,0x08,0x07,0x07,0x07,0x07,
0x76,0x53,0x69,0x69,0x46,0x46,0x70,0x05,0x05,0x04,0x45,0x01,0x01,0x01,0x01,0x01,0x00,0x00,0x00,0x00,0x00,0x00,0x00,0x00,0x00,
0x00,0x00,0x00,0x00,0x00,0x00,0x00,0x00,0x00,0x00,0x00,0x00,0x00,0x00,0x00,0x00,0x00,0x00,0x00,0x00,0x0E,0x48,0x48,0x48,0x48,
0x65,0x0D,0x44,0x26,0x5F,0x3C,0x7D,0x7C,0x25,0x2D,0x29,0x6F,0x9E,0x7D,0x77,0x77,0x87,0x51,0x3F,0x93,0x94,0xBB,0xB7,0xAA,0xD3,
0xCF,0xCF,0xCF,0xCF,0xCF,0xCF,0xCF,0xCF,0xCF,0xC1,0xA4,0xAD,0xAD,0xAD,0xB3,0x96,0xB3,0xB3,0xB3,0xB3,0xB3,0xB5,0xB3,0xB5,0xA4,
0xB5,0xB3,0xA4,0xB3,0xB3,0xB3,0xB3,0x96,0xB3,0xAD,0xAD,0xA5,0x93,0x88,0x88,0x0A,0x8F,0x7D,0x8F,0x3E,0x63,0x3E,0x69,0x61,0x2C,
0x25,0x50,0x6A,0x43,0x6A,0x26,0x5F,0x5F,0x5D,0x10,0x9B,0x9B,0xF3,0x8B,0x5C,0x8B,0x85,0x1C,0x1A,0x19,0x1C,0x9D,0x18,0x8B,0x9B,
0x9B,0xA1,0xA1,0x4D,0x13,0x4D,0x4D,0xCD,0x22,0x6A,0x24,0x24,0x25,0x25,0x25,0x7B,0x4E,0x2B,0x1E,0x4D,0x73,0x23,0x21,0x20,0x23,
0x11,0x1E,0x67,0x6D,0x25,0x7A,0x4D,0x72,0x6D,0x13,0x6D,0x7B,0x22,0x23,0x24,0x23,0x8E,0x67,0x54,0x29,0x2C,0x23,0x7B,0x7B,0x7B,
0x23,0x23,0x23,0x8E,0x21,0x2F,0x28,0x61,0x61,0x29,0x28,0x61,0x77,0x51,0x2F,0x61,0x51,0x65,0x0E,0x66,0x19,0x19,0x19,0xF4,0xC0,
0x9D,0x4C,0x66,0x59,0x76,0x78,0x78,0x09,0x59,0x59,0x59,0x07,0x07,0x08,0x59,0x7D,0x76,0x76,0x53,0x69,0x69,0x46,0x46,0x46,0x03,
0x02,0x01,0x02,0x01,0x01,0x01,0x00,0x00,0x00,0x00,0x00,0x00,0x00,0x00,0x00,0x00,0x00,0x00,0x00,0x00,0x00,0x00,0x00,0x00,0x00,
0x00,0x00,0x00,0x00,0x00,0x00,0x00,0x00,0x00,0x00,0x0F,0x0C,0x48,0x65,0x48,0x65,0x1D,0x0C,0x28,0x26,0x3C,0x7D,0x55,0x21,0x2D,
0x29,0x61,0x9E,0x75,0x7D,0x7D,0x7D,0x3F,0x82,0xBC,0xB7,0xBA,0xC5,0xC5,0xD3,0xCF,0xCF,0xCF,0xCF,0xCF,0xCF,0xCF,0xCF,0xCF,0xE2,
0xA4,0x98,0xBE,0x96,0xBE,0xAD,0x96,0xBE,0xB3,0xB3,0xB3,0xB3,0xB3,0xB3,0xB3,0xA4,0xB3,0xB3,0xB3,0xB3,0xB3,0xBE,0xBE,0xBE,0xAD,
0xAD,0xA5,0xA4,0xA8,0x56,0xE7,0x63,0x07,0x3E,0x53,0x38,0x3E,0x69,0x29,0x27,0x6C,0x6E,0x6A,0x6A,0x6A,0x26,0x5F,0x43,0x4A,0x31,
0x85,0x86,0x85,0x8B,0x9B,0x8B,0x8B,0x1C,0x1C,0x19,0x9D,0x85,0x18,0x8B,0x9B,0x9B,0xA1,0xA1,0x4D,0xC3,0x4D,0xC3,0xCD,0x72,0x43,
0x4F,0x25,0x1E,0x1E,0x5F,0x24,0x6E,0x44,0x5F,0x7F,0x23,0x25,0x21,0x23,0x7B,0x6D,0x6A,0x24,0x7B,0x25,0x7A,0x7A,0x7B,0x6D,0x13,
0x13,0x7B,0x22,0x23,0x21,0x23,0x6D,0x2C,0x54,0x29,0x26,0x23,0x6D,0x8E,0x7B,0x23,0x23,0x7B,0x7B,0x6C,0x2E,0x28,0x61,0x51,0x61,
0x28,0x61,0x77,0x29,0x61,0x51,0x2D,0x52,0x30,0x2F,0x87,0x66,0x18,0xF4,0xC0,0xC0,0x19,0x0B,0x66,0x30,0x61,0x0B,0x0B,0x09,0x09,
0x59,0x09,0x09,0x59,0x77,0x9E,0xB9,0x76,0x76,0x76,0x76,0x07,0x46,0x04,0x03,0x03,0x03,0x03,0x02,0x01,0x01,0x01,0x01,0x01,0x01,
0x00,0x00,0x00,0x00,0x00,0x00,0x00,0x00,0x00,0x00,0x00,0x00,0x00,0x00,0x00,0x00,0x00,0x00,0x00,0x00,0x00,0x00,0x00,0x00,0x00,
0x10,0x1D,0x0C,0x0C,0x2D,0x0C,0x66,0x43,0x28,0x2D,0x34,0x8F,0x2F,0x23,0x2C,0x2E,0x6F,0x51,0x75,0x7D,0x76,0x56,0xB5,0xB6,0xB7,
0x82,0xC2,0xC5,0xC5,0xD4,0xCF,0xCF,0xCF,0xCF,0xCF,0xCF,0xCF,0xCF,0xCF,0xD4,0xB5,0xBE,0xBE,0xBE,0x96,0xBE,0xBE,0x98,0x96,0xB3,
0xB3,0xB3,0xB3,0xB3,0xB3,0xB3,0xB3,0xB3,0xB3,0xB3,0xB3,0xB3,0xBE,0xAD,0x98,0xAD,0xAD,0xAD,0xA8,0x7B,0xE0,0x7A,0x43,0x92,0x69,
0x76,0x53,0x69,0x61,0x29,0x90,0x5D,0x27,0x27,0x6A,0x6A,0x6A,0x5D,0x5B,0x1C,0x8C,0x85,0x86,0x85,0x9B,0x9B,0x8B,0x9D,0x1C,0x1C,
0x9D,0x18,0x16,0x8B,0x9B,0x8B,0xA1,0xA1,0xA1,0xC3,0xC3,0xC3,0xD3,0x72,0x1E,0x25,0x4E,0x42,0x42,0x6A,0x4E,0x6E,0x41,0x25,0x4D,
0x24,0x25,0x25,0x20,0x7B,0x22,0x6A,0x7B,0x24,0x50,0x7A,0x4D,0x72,0x13,0x13,0x13,0x72,0x22,0x23,0x21,0x21,0x7B,0x28,0x2A,0x2B,
0x67,0x7B,0x6D,0x6D,0x8E,0x7B,0x7B,0x7B,0x8E,0x55,0x29,0x61,0x61,0x61,0x61,0x61,0x87,0x61,0x61,0x51,0x61,0x26,0x30,0x2F,0x87,
0x2F,0x7C,0x18,0xC0,0xC0,0xC0,0x1A,0x0B,0x65,0x7C,0x65,0x0B,0x19,0x6B,0x6B,0x6B,0x09,0x6B,0x0B,0x61,0x78,0x9E,0x75,0xB9,0x7D,
0x76,0x69,0x46,0x03,0x04,0x04,0x04,0x03,0x03,0x45,0x02,0x01,0x01,0x01,0x00,0x01,0x00,0x00,0x00,0x00,0x00,0x00,0x00,0x00,0x00,
0x00,0x00,0x00,0x00,0x00,0x00,0x00,0x00,0x00,0x00,0x00,0x00,0x00,0x00,0x00,0x10,0x1D,0x1D,0x66,0x1D,0x66,0x0E,0x1D,0x44,0x27,
0x54,0x38,0x87,0x23,0x26,0x2E,0x28,0x61,0x77,0x7D,0x56,0x93,0xB6,0xB6,0x71,0x00,0x00,0x94,0xCB,0xD5,0xCF,0xCF,0xCF,0xCF,0xCF,
0xCF,0xCF,0xCF,0xCF,0xE1,0xA5,0xB3,0xBE,0xBE,0xBE,0xBE,0x96,0xBE,0xBE,0x98,0x98,0x98,0x96,0xBE,0xB3,0xB3,0xB3,0xB3,0xB3,0xB3,
0xB3,0xBE,0x96,0x98,0xAD,0x9A,0xAD,0xA4,0x41,0xE0,0xD2,0xC9,0x54,0x05,0xC4,0x07,0x3E,0x46,0x51,0x61,0x6C,0x67,0x27,0x6A,0x26,
0x6A,0x27,0x52,0x5B,0x1B,0x5C,0x86,0x85,0x85,0x8B,0x80,0x9B,0x18,0x9D,0x9D,0x18,0x18,0x16,0x9B,0x9B,0x8B,0xA1,0xA1,0xC3,0xC3,
0xC3,0xC3,0xD2,0xD7,0x1E,0x25,0x1E,0x6A,0x42,0x43,0x5F,0x5D,0x2A,0x21,0x7F,0x74,0x6C,0x25,0x21,0x60,0x90,0x5D,0x7B,0x24,0x5D,
0x73,0x7A,0x6D,0xA9,0x73,0x13,0x7B,0x22,0x23,0x24,0x24,0x23,0x61,0x44,0x2E,0x5D,0x7B,0x6D,0x13,0x6D,0x8E,0x7B,0x7B,0x8E,0x55,
0x61,0x87,0x28,0x61,0x61,0x61,0x28,0x2E,0x51,0x51,0x2D,0x2C,0x2F,0x2F,0x2E,0x2F,0x4C,0xC0,0xC0,0xF0,0xC0,0x1A,0x1A,0x19,0x9D,
0x4C,0x66,0x0D,0x9D,0x19,0x19,0x19,0x65,0x2F,0x87,0x61,0x61,0x9E,0x78,0xB9,0x76,0x53,0x46,0x04,0x70,0x70,0x70,0x70,0x04,0x03,
0x03,0x45,0x02,0x01,0x01,0x01,0x01,0x00,0x00,0x00,0x00,0x00,0x00,0x00,0x00,0x00,0x00,0x00,0x00,0x00,0x00,0x00,0x00,0x00,0x00,
0x00,0x00,0x00,0x00,0x00,0x11,0x49,0x0D,0x1D,0x1D,0x1D,0x0E,0x49,0x27,0x28,0x29,0x8F,0x78,0x23,0x26,0x2D,0x2E,0x61,0x77,0x39,
0xA3,0xA5,0xB7,0xB7,0xBD,0x00,0x00,0x88,0xBA,0xC7,0xDA,0xCF,0xCF,0xCF,0xCF,0xCF,0xCF,0xCF,0xCF,0xE6,0x97,0xB3,0xBE,0x98,0xAD,
0xBE,0x98,0x98,0x98,0x9F,0x98,0x98,0x98,0x98,0x98,0x98,0xBE,0xBE,0xAD,0xAD,0xB3,0xAD,0xAD,0xAD,0xAD,0xA4,0x89,0x1F,0xD2,0xCA,
0xE0,0xDC,0xE7,0x28,0x07,0x7E,0x07,0xC4,0x77,0x87,0x30,0x2D,0x2D,0x30,0x26,0x5D,0x26,0x52,0x32,0x17,0x86,0x5C,0x5C,0x16,0x31,
0x1C,0x80,0x16,0x9D,0x9D,0x18,0x18,0x16,0x15,0x9B,0x15,0x9B,0xA1,0xA1,0xC3,0xCD,0xCD,0xD3,0xA9,0x1E,0x6E,0x1E,0x42,0x27,0x27,
0x6A,0x5D,0x2A,0x24,0x7F,0x8E,0x60,0x90,0x90,0x90,0x6E,0x6E,0x7B,0x90,0x25,0x6D,0x7A,0x72,0x13,0xA9,0x6D,0x7B,0x22,0x60,0x21,
0x21,0x23,0x51,0x27,0x44,0x50,0x7B,0x13,0x73,0x6D,0x13,0x8E,0x7B,0x6D,0x30,0x61,0x29,0x28,0x61,0x61,0x87,0x2F,0x61,0x51,0x61,
0x2C,0x67,0x2C,0x2C,0x2F,0x30,0x4C,0x19,0xC0,0xC0,0xC0,0xC0,0xC0,0x1A,0xC0,0x9D,0x4C,0x4C,0x0F,0x66,0x2F,0x2F,0x2F,0x2F,0x2F,
0x2E,0x61,0x61,0x9E,0x7D,0x76,0x76,0x70,0x70,0x70,0x70,0x70,0x70,0x70,0x04,0x04,0x03,0x03,0x02,0x02,0x01,0x01,0x01,0x01,0x00,
0x00,0x00,0x00,0x00,0x00,0x00,0x00,0x00,0x00,0x00,0x00,0x00,0x00,0x00,0x00,0x00,0x00,0x00,0x00,0x00,0x11,0x49,0x49,0x49,0x0E,
0x1D,0x0E,0x52,0x43,0x28,0x29,0x63,0x7D,0x21,0x5D,0x2C,0x28,0x61,0x77,0x40,0x96,0xA5,0x94,0xBA,0xBA,0x82,0x88,0xB0,0xBF,0xAA,
0xD2,0xCF,0xCF,0xCF,0xCF,0xCF,0xCF,0xCF,0xCF,0xCF,0xA6,0xB3,0xAF,0x98,0x98,0x98,0x98,0x98,0x98,0x98,0x98,0x98,0x98,0x98,0xAF,
0x98,0x98,0x96,0xBE,0x96,0xB3,0xB3,0xB3,0xA4,0x40,0xAE,0xD3,0xCF,0xCF,0xD8,0xD1,0xDC,0xE0,0xDD,0x61,0x59,0x77,0x78,0x21,0x38,
0x46,0x7E,0xC4,0x69,0x3A,0x28,0x26,0x49,0x32,0x17,0x17,0x5C,0x15,0x31,0x0C,0x0C,0x80,0x16,0x9D,0x9D,0x0F,0x16,0x15,0x15,0x9B,
0x8B,0x9B,0xA1,0xA1,0xC3,0xCD,0xCD,0xD2,0x7A,0x4E,0x4E,0x1E,0x6A,0x42,0x27,0x6A,0x5F,0x2A,0x23,0x73,0x74,0x21,0x90,0x25,0x90,
0x90,0x24,0x23,0x25,0x5D,0xF2,0x7F,0x72,0x12,0x6D,0x72,0x7B,0x23,0x24,0x21,0x21,0x60,0x51,0x27,0x27,0x25,0x7B,0x13,0x73,0x73,
0x6D,0x8E,0x8E,0x13,0x30,0x61,0x29,0x61,0x61,0x61,0x2F,0x2F,0x51,0x51,0x2E,0x67,0x55,0x2C,0x2F,0x2E,0x0E,0x9D,0x1A,0xC0,0xC0,
0xC0,0xC0,0xC0,0x1A,0xC0,0x9D,0x4C,0x10,0x4A,0x30,0x2F,0x2C,0x2C,0x2C,0x2E,0x2E,0x87,0x2E,0x77,0xB9,0xB9,0x76,0x46,0x70,0x46,
0x69,0x46,0x70,0x70,0x70,0x70,0x03,0x03,0x04,0x03,0x02,0x01,0x01,0x01,0x01,0x00,0x00,0x00,0x00,0x00,0x00,0x00,0x00,0x00,0x00,
0x00,0x00,0x00,0x00,0x00,0x00,0x00,0x00,0x00,0x00,0x11,0x33,0x49,0x49,0x49,0x0E,0x49,0x52,0x43,0x44,0x29,0x63,0x7D,0x21,0x25,
0x30,0x2F,0x61,0x40,0xA3,0x96,0xB3,0xB3,0xBB,0xBA,0xBA,0xB7,0xBB,0xCC,0xAF,0xD9,0xCF,0xCF,0xCF,0xCF,0xCF,0xCF,0xCF,0xCF,0xCF,
0xC6,0xB3,0xAF,0xA7,0xA7,0xAF,0xA2,0xCC,0x98,0x98,0x98,0x98,0x98,0x98,0x98,0x98,0x98,0xBE,0xBE,0xB3,0xB3,0xDF,0xA8,0x49,0xD3,
0xCF,0xCF,0xD8,0xD0,0xD1,0xD8,0xD1,0xD1,0xE0,0xDD,0xD3,0xD9,0xD1,0xEF,0xEC,0xBD,0x7E,0xBD,0xC4,0xEC,0xC4,0x63,0x26,0x4A,0x0F,
0x33,0x10,0x32,0x0C,0x0C,0x0C,0x15,0x18,0x17,0x9D,0x18,0x0F,0x16,0x16,0x15,0x9B,0x14,0xA1,0xA1,0xA1,0xCD,0xCD,0xD2,0xC3,0x5D,
0x6E,0x1E,0x42,0x42,0x42,0x43,0x5F,0x44,0x7B,0xF2,0x23,0x90,0x50,0x50,0x90,0x23,0x74,0x21,0x50,0x5D,0x72,0x7F,0x72,0xF2,0x12,
0x72,0x22,0x23,0x24,0x24,0x90,0x21,0x29,0x6A,0x27,0x90,0x8E,0x73,0x73,0x73,0x73,0x6D,0x6D,0x73,0x2C,0x2E,0x28,0x61,0x61,0x2E,
0x30,0x2E,0x9E,0x29,0x2C,0x67,0x55,0x55,0x67,0x30,0x7C,0x19,0x19,0xC0,0xC0,0x9D,0xC0,0xC0,0xC0,0x19,0x19,0x10,0x11,0x55,0x2C,
0x2C,0x2F,0x2F,0x2F,0x2F,0x2F,0x2F,0x9E,0x7D,0x7D,0xB9,0x53,0x70,0x69,0x53,0x69,0x69,0x46,0x46,0x70,0x70,0x70,0x70,0x04,0x04,
0x03,0x45,0x02,0x01,0x01,0x01,0x00,0x00,0x00,0x00,0x00,0x00,0x00,0x00,0x00,0x00,0x00,0x00,0x00,0x00,0x00,0x00,0x00,0x00,0x00,
0x12,0x4A,0x49,0x52,0x5D,0x49,0x49,0x52,0x27,0x29,0x44,0x39,0x7D,0x7C,0x90,0x26,0x2F,0x29,0x9A,0x97,0x96,0x96,0x96,0xA5,0xAB,
0xAB,0x98,0x9F,0xCC,0xAF,0xDB,0xCF,0xCF,0xCF,0xCF,0xCF,0xCF,0xCF,0xCF,0xCF,0xE2,0xB3,0xA7,0xA7,0xA7,0xA7,0xA7,0xA7,0xA7,0x98,
0x98,0x98,0x98,0x98,0x98,0xAD,0xBE,0xB3,0xA4,0xDF,0xA8,0x83,0xD3,0xCF,0xCF,0xD0,0xD0,0xD0,0xD0,0xD0,0xD0,0xD0,0xD8,0xE0,0xE0,
0xCA,0xCA,0xC7,0xBD,0x7E,0x88,0xA8,0x82,0x82,0xC4,0x45,0xEC,0x7E,0x49,0x32,0x0F,0x32,0x49,0x49,0x49,0x83,0x14,0x0F,0x5C,0x4C,
0x0F,0x4C,0x18,0x0F,0x16,0x15,0x9B,0xA1,0xA1,0xCD,0xCD,0xD3,0xD2,0xC9,0x4E,0x4E,0x1E,0x42,0x27,0x2B,0x27,0x1E,0x26,0x23,0x60,
0x24,0x90,0x25,0x50,0x21,0x7B,0x7B,0x90,0x50,0x5D,0xF2,0x7F,0x72,0x6D,0x72,0x7B,0x22,0x23,0x24,0x21,0x90,0x21,0x29,0x6A,0x27,
0x21,0x6D,0x73,0x73,0x73,0x73,0x13,0x73,0x6D,0x2C,0x28,0x2E,0x61,0x61,0x2E,0x67,0x9E,0x51,0x27,0x2C,0x2C,0x67,0x55,0x6C,0x21,
0x4A,0x65,0x19,0xC0,0x9D,0xC0,0x9D,0xC0,0xC0,0x19,0x19,0x13,0x12,0x55,0x2C,0x2C,0x2C,0x27,0x2F,0x2C,0x2C,0x2E,0x75,0x75,0x9E,
0x9E,0x53,0x69,0x38,0x53,0x53,0x69,0x69,0x69,0x46,0x46,0x70,0x46,0x70,0x70,0x04,0x03,0x71,0x02,0x01,0x01,0x01,0x00,0x00,0x00,
0x00,0x00,0x00,0x00,0x00,0x00,0x00,0x00,0x00,0x00,0x00,0x00,0x00,0x00,0x00,0x12,0x32,0x33,0x52,0x49,0x49,0x5D,0x25,0x27,0x54,
0x29,0x63,0x76,0x55,0x21,0x26,0x2F,0x2E,0x9A,0x96,0xAF,0x96,0x98,0x98,0x96,0x9F,0x9F,0x98,0xA2,0xCC,0xB2,0xDA,0xCF,0xCF,0xCF,
0xCF,0xCF,0xCF,0xCF,0xCF,0xC1,0xAD,0xA7,0xA7,0xAC,0xAC,0xAC,0xAC,0xA2,0xA2,0x98,0x98,0x98,0xBE,0xA4,0xA4,0xA8,0xA8,0x99,0x4E,
0x7F,0xCA,0xCF,0xD0,0xD0,0xD0,0xCA,0xCA,0xD0,0xD8,0xD0,0xD8,0xD1,0xD1,0xCF,0xD4,0xAA,0x88,0x88,0x88,0xA8,0x82,0xA0,0xA0,0x82,
0x88,0xEC,0x71,0x69,0x49,0x4A,0x33,0x49,0x49,0x49,0x0C,0x15,0x5B,0x0F,0x0F,0x4C,0x0F,0x0F,0x0F,0x16,0x15,0x15,0xA1,0xA1,0xCD,
0xCD,0xCD,0xD2,0xD3,0x33,0x6E,0x1E,0x6A,0x42,0x2B,0x27,0x1E,0x5F,0x90,0x25,0x50,0x25,0x6C,0x90,0x60,0xF2,0x74,0x50,0x5D,0x5F,
0x6D,0x7F,0x12,0x6D,0x6D,0x7B,0x7B,0x23,0x24,0x21,0x21,0x21,0x27,0x6A,0x6A,0x23,0x13,0x73,0x73,0x7A,0x73,0x6D,0xEA,0x13,0x2C,
0x61,0x29,0x61,0x29,0x2C,0x2E,0x77,0x51,0x2E,0x2E,0x2E,0x2E,0x2E,0x2F,0x6C,0x4A,0x65,0x19,0x19,0x9D,0xC0,0x1C,0xC0,0x19,0x19,
0x0E,0x4D,0x21,0x30,0x30,0x2C,0x2C,0x2F,0x2C,0x2C,0x2C,0x77,0x77,0x9E,0x9E,0x75,0x69,0x76,0x37,0x76,0x53,0x53,0x69,0x69,0x69,
0x69,0x69,0x69,0x70,0x70,0x70,0x04,0xB4,0x03,0x02,0x01,0x01,0x01,0x01,0x01,0x00,0x00,0x00,0x00,0x00,0x00,0x00,0x00,0x00,0x00,
0x00,0x00,0x00,0x00,0x00,0x13,0x20,0x33,0x4A,0x5D,0x49,0x52,0x4A,0x2B,0x54,0x29,0x28,0x77,0x55,0x23,0x67,0x2D,0x2B,0x9A,0x97,
0x9F,0x98,0x96,0x98,0x9F,0xAF,0xA7,0xA7,0xAF,0xAF,0x8A,0xE0,0xCF,0xCF,0xCF,0xCF,0xCF,0xCF,0xCF,0xE9,0x82,0xAD,0xA7,0xA7,0xAC,
0xAC,0xAC,0xA7,0xA7,0xCC,0x98,0xA4,0xDF,0xA0,0x83,0xA9,0xCD,0xC9,0xE0,0xCF,0xCF,0xCA,0xD0,0xD1,0xCA,0xD8,0xCE,0xCA,0xCF,0xCA,
0xD0,0xD0,0xD0,0xCF,0xE2,0xA0,0xA0,0x93,0xA0,0x93,0xA0,0xA0,0x82,0xA5,0xA5,0xA5,0x81,0x45,0x71,0x07,0x33,0x33,0x33,0x33,0x49,
0x83,0x10,0x14,0x0F,0x0F,0x0F,0x0F,0x0F,0x10,0x16,0x15,0x15,0x14,0xA1,0xC3,0xCD,0xCD,0xD2,0xD3,0x22,0x4E,0x1E,0x42,0x27,0x2B,
0x44,0x6A,0x5D,0x5F,0x5F,0x50,0x50,0x90,0x90,0x21,0x6D,0x21,0x50,0x5F,0x67,0x73,0x7F,0x6D,0x6D,0x72,0x7B,0x74,0x23,0x60,0x90,
0x90,0x90,0x27,0x5F,0x6A,0x22,0x73,0x7A,0x7A,0x73,0x73,0x73,0x73,0x8E,0x2C,0x2E,0x61,0x61,0x2E,0x30,0x51,0x77,0x2A,0x61,0x61,
0x61,0x61,0x29,0x67,0x21,0x21,0x65,0x0C,0x0D,0x19,0x19,0x19,0x19,0x19,0x19,0x0F,0x8E,0x55,0x67,0x30,0x2C,0x2C,0x2C,0x30,0x2C,
0x9E,0x77,0x75,0x9E,0x77,0x7D,0x38,0x75,0x38,0x75,0x76,0x53,0x53,0x69,0x53,0x53,0x53,0x69,0x69,0x70,0x70,0x70,0x04,0x04,0x03,
0x03,0x45,0x02,0x01,0x01,0x01,0x00,0x00,0x00,0x00,0x00,0x00,0x00,0x00,0x00,0x00,0x00,0x00,0x00,0x00,0x12,0x24,0x4A,0x33,0x52,
0x5D,0x52,0x25,0x42,0x34,0x29,0x66,0x66,0x21,0x23,0x26,0x2F,0x27,0xAA,0x9F,0x9F,0x9F,0x9F,0x9F,0x9F,0xA7,0xA7,0xA7,0xA7,0x98,
0xA6,0xD2,0xCF,0xCF,0xCF,0xCF,0xCF,0xCF,0xCF,0xD5,0x88,0xAF,0xA7,0xA2,0xA7,0xAC,0xAC,0xAC,0xCC,0xA4,0x93,0x8A,0x7A,0xD3,0xCF,
0xCF,0xCF,0xCF,0xCF,0xCF,0xCA,0xCE,0xCA,0xD0,0xD0,0xCA,0xD0,0xD0,0xD0,0xCF,0xCA,0xD0,0xCA,0xD4,0x93,0xA5,0x96,0xA5,0xA5,0xA4,
0x82,0xA4,0x93,0x93,0x93,0xA5,0xA5,0xC4,0x00,0x45,0x65,0x4A,0x33,0x33,0x49,0x49,0x33,0x14,0x32,0x0F,0x0F,0x0F,0x0F,0x0F,0x0F,
0x10,0x15,0x14,0xA1,0xC3,0xCD,0xCD,0xD2,0xD2,0x72,0x4E,0x42,0x42,0x2B,0x44,0x2B,0x6A,0x1E,0x6A,0x6A,0x5D,0x90,0x21,0x90,0x23,
0x74,0x90,0x5D,0x5F,0x26,0x7A,0x7A,0xA9,0x6D,0xF2,0x7B,0x22,0x60,0x21,0x24,0x21,0x25,0x27,0x1E,0x67,0x6D,0x7A,0x4D,0x7A,0x4D,
0x73,0x73,0x73,0x7B,0x2E,0x2E,0x2E,0x29,0x2F,0x2C,0x77,0x9E,0x29,0x68,0x61,0x68,0x61,0x55,0x6C,0x21,0x6C,0x65,0x66,0x4C,0x9D,
0x9D,0x19,0x0D,0x0D,0x19,0x52,0x6C,0x2C,0x2C,0x2C,0x2F,0x2F,0x67,0x2C,0x6F,0x75,0x7D,0x7D,0x7D,0x76,0x38,0x7D,0x75,0x75,0x75,
0x75,0xB9,0xB9,0x76,0xB9,0xB9,0x53,0x69,0x69,0x69,0x46,0x70,0x46,0x70,0x70,0x04,0x03,0x71,0x02,0x01,0x01,0x00,0x00,0x00,0x00,
0x00,0x00,0x00,0x00,0x00,0x00,0x00,0x00,0x00,0x00,0x13,0x4B,0x4A,0x25,0x33,0x5D,0x52,0x4A,0x42,0x3C,0x29,0x29,0x28,0x6C,0x23,
0x5D,0x2C,0x2E,0xAA,0xA7,0xB0,0xAC,0x9F,0x9F,0xA7,0xAC,0xAC,0xAC,0xA7,0xA6,0xC7,0xD2,0xCF,0xCF,0xCF,0xCF,0xCF,0xCF,0xCF,0xC6,
0xA8,0xAF,0xA7,0xA7,0xA7,0xAB,0xAC,0x98,0xAA,0xDB,0xD3,0xCF,0xCF,0xCF,0xCF,0xCF,0xCF,0xCA,0xCF,0xCA,0xCE,0xCA,0xCE,0xE6,0xCA,
0xCA,0xD0,0xCE,0xCA,0xCA,0xD0,0xCA,0xE6,0xAA,0x93,0xAD,0xAD,0xBE,0xB3,0xA4,0xA5,0xA4,0x93,0x82,0xA4,0xA5,0xA5,0x88,0x45,0x00,
0x8F,0x33,0x4A,0x33,0x49,0x49,0x49,0x14,0x14,0x10,0x0F,0x0F,0x0F,0x0F,0x32,0x10,0x11,0x4D,0xC3,0xCD,0xD9,0xCD,0xD3,0xD2,0x22,
0x5F,0x1E,0x27,0x2B,0x41,0x44,0x27,0x6A,0x27,0x27,0x6A,0x5D,0x50,0x50,0x60,0x60,0x67,0x5D,0x5D,0x5F,0x7F,0x7A,0x6D,0xEA,0x6D,
0x7B,0x22,0x60,0x24,0x21,0x24,0x50,0x6A,0x5F,0x5F,0x73,0x7F,0x7F,0x7F,0x4D,0x7A,0x73,0x4D,0x7B,0x29,0x2E,0x2E,0x2E,0x26,0x61,
0x39,0x51,0x68,0x68,0x51,0x2E,0x6C,0x6C,0x67,0x21,0x52,0x2D,0x66,0x0E,0x0D,0x0D,0x0D,0x0D,0x19,0x0D,0x0E,0x26,0x2C,0x30,0x2C,
0x30,0x26,0x2C,0x9E,0x7D,0x7D,0x76,0x38,0x76,0x76,0x75,0x75,0x75,0x77,0x9E,0x9E,0x9E,0x9E,0x9E,0x9E,0x75,0xB9,0x53,0x53,0x69,
0x69,0x53,0x69,0x46,0x70,0x70,0x04,0x03,0x03,0x02,0x01,0x01,0x01,0x00,0x00,0x00,0x00,0x00,0x00,0x00,0x00,0x00,0x00,0x00,0x00,
0x13,0x20,0x33,0x4A,0x52,0x5D,0x5D,0x25,0x42,0x3C,0x29,0x29,0x77,0x30,0x23,0x5F,0x2C,0x28,0x42,0xA6,0xAC,0xAC,0xAC,0xAC,0xAB,
0xA7,0xAC,0xA7,0xC1,0xC7,0xC8,0xDA,0xCF,0xCF,0xCF,0xCF,0xCF,0xCF,0xCF,0xB2,0xA8,0xA7,0xA7,0xA7,0xA2,0xAC,0xCC,0x8A,0xE0,0xCF,
0xCF,0xCF,0xCF,0xCF,0xCF,0xCE,0xCA,0xCE,0xCA,0xCE,0xCF,0xCA,0xCF,0xCA,0xCE,0xCF,0xCA,0xCA,0xD8,0xCE,0xCA,0xCF,0xC6,0xA8,0xB3,
0xB3,0xB3,0xB3,0xB3,0xB3,0xA5,0xA5,0xA4,0xA5,0x93,0x93,0xA5,0xB3,0xEC,0x00,0x69,0x4A,0x4A,0x33,0x33,0x32,0x17,0x4B,0x4D,0x10,
0x32,0x33,0x4A,0x4A,0x4A,0x4B,0x12,0x13,0xCD,0xCD,0xC3,0xCD,0xD3,0xD2,0x1F,0x1E,0x42,0x2B,0x2B,0x44,0x41,0x27,0x27,0x2B,0x27,
0x6A,0x67,0x5F,0x67,0x23,0x90,0x67,0x5F,0x5D,0x6E,0x7F,0x6D,0x6D,0xA9,0x6D,0x74,0x22,0x60,0x60,0x4F,0x21,0x5D,0x6A,0x6A,0x6E,
0x7A,0x7F,0xC3,0x7F,0x4D,0x7A,0x73,0x4D,0x23,0x61,0x2E,0x2E,0x67,0x2C,0x75,0x34,0x51,0x68,0x51,0x2E,0x50,0x50,0x55,0x67,0x21,
0x6C,0x66,0x66,0x0E,0x66,0x66,0x0D,0x0D,0x0D,0x0D,0x0E,0x26,0x2C,0x26,0x67,0x67,0x2E,0x75,0x7D,0x76,0x38,0x76,0x76,0x53,0x38,
0x77,0x77,0x77,0x78,0x0B,0x87,0x2F,0x2F,0x2F,0x2E,0x9E,0x75,0xB9,0xB9,0xB9,0xB9,0x53,0x69,0x69,0x46,0x70,0x70,0x04,0x03,0x45,
0x02,0x01,0x01,0x00,0x00,0x00,0x00,0x00,0x00,0x00,0x00,0x00,0x00,0x00,0x00,0x13,0x4B,0x4A,0x25,0x52,0x5D,0x5D,0x4A,0x1E,0x3B,
0x6F,0x27,0x3C,0x2F,0x23,0x5D,0x6A,0x27,0x41,0xAA,0xB1,0xAC,0xAC,0xAB,0x9F,0xAC,0x9F,0xC1,0xC6,0xC7,0xD3,0xCE,0xCF,0xCF,0xCF,
0xCF,0xCF,0xCF,0xCF,0xC7,0xDE,0xA7,0xA7,0xA2,0xA7,0xCC,0xA6,0xD2,0xCF,0xCF,0xCF,0xCF,0xCF,0xCE,0xCA,0xCF,0xCF,0xCF,0xCF,0xCF,
0xCF,0xCE,0xCF,0xCF,0xCA,0xCE,0xCF,0xCA,0xCA,0xD0,0xCF,0xE1,0xA0,0xA4,0xDE,0xB5,0xBC,0xBC,0xB3,0xB3,0xB3,0xB3,0xA5,0xA4,0xA5,
0xA5,0xA5,0xB3,0xBD,0x00,0x69,0x20,0x33,0x33,0x33,0x32,0x33,0x4B,0x4D,0x12,0x20,0x20,0x32,0x4A,0x24,0x20,0x22,0x13,0xCD,0xCD,
0xC3,0xD9,0xD3,0xD2,0xE4,0x42,0x6A,0x2B,0x44,0x41,0x44,0x27,0x2B,0x2A,0x27,0x27,0x67,0x67,0x5F,0x74,0x90,0x5D,0x5F,0x5D,0x90,
0x7F,0xF2,0x6D,0x73,0x6D,0x7B,0x22,0x23,0x60,0x60,0x60,0x67,0x6A,0x6A,0x25,0x73,0x7F,0xC3,0x7F,0x7F,0x73,0x73,0x7A,0x21,0x68,
0x2E,0x2C,0x55,0x34,0x39,0x9E,0x34,0x51,0x2E,0x55,0x50,0x26,0x67,0x26,0x7B,0x52,0x26,0x26,0x30,0x0E,0x0E,0x0E,0x0E,0x0D,0x0D,
0x55,0x30,0x26,0x67,0x26,0x6F,0x7D,0x76,0x7D,0x7D,0x76,0x38,0x53,0x38,0x39,0x77,0x77,0x78,0x0B,0x0D,0x4C,0x4C,0x30,0x30,0x2E,
0x9E,0x61,0x61,0x61,0x9E,0xB9,0xB9,0x53,0x53,0x69,0x46,0x70,0x70,0x04,0x03,0x45,0x02,0x01,0x01,0x00,0x00,0x00,0x00,0x00,0x00,
0x00,0x00,0x00,0x00,0x00,0x13,0x4B,0x21,0x4A,0x33,0x5D,0x5D,0x25,0x1E,0x3B,0x6F,0x2C,0x54,0x6F,0x23,0x50,0x2C,0x2C,0x2E,0x57,
0xA6,0xAC,0xAC,0xAC,0x9F,0x9F,0xA6,0xC6,0xC8,0xC8,0xDA,0xCF,0xCF,0xD5,0xC8,0xDD,0xD5,0xE5,0xCF,0xD5,0xB3,0xA2,0xA2,0xA2,0x98,
0xCC,0xC7,0xCF,0xCF,0xCF,0xCF,0xCF,0xCF,0xCA,0xCF,0xCF,0xCF,0xCF,0xCF,0xCA,0xCF,0xCF,0xCF,0xCF,0xCF,0xCA,0xCE,0xCF,0xCE,0xCA,
0xCF,0xB2,0xA8,0xDE,0xDE,0xDE,0xDE,0xBC,0xBC,0xBC,0xB3,0xB3,0xB3,0xA5,0xA5,0xA5,0xA5,0xB3,0x81,0x00,0x77,0x20,0x33,0x49,0x32,
0x33,0x5A,0x22,0xC3,0x13,0x12,0x22,0x23,0x20,0x20,0x20,0x11,0x13,0xCD,0xCD,0xCD,0xCD,0xD3,0xE0,0x1F,0x27,0x27,0x2B,0x41,0x2B,
0x41,0x27,0x2B,0x2A,0x29,0x27,0x26,0x6A,0x50,0x74,0x90,0x5F,0x5D,0x5F,0xE4,0x7F,0x7B,0x6D,0x73,0xA9,0xF2,0x7B,0x22,0x60,0x24,
0x60,0x6A,0x6A,0x6A,0x24,0x73,0x7A,0x7F,0x7A,0x73,0x73,0xEA,0x7A,0x90,0x61,0x2E,0x67,0x27,0x7D,0x77,0x36,0x34,0x29,0x2C,0x50,
0x67,0x2C,0x67,0x67,0x8E,0x6C,0x30,0x26,0x55,0x26,0x0E,0x0E,0x0E,0x66,0x0E,0x26,0x26,0x67,0x2C,0x63,0x53,0x8F,0x38,0x76,0x38,
0x76,0x53,0x76,0x66,0x4A,0x7C,0x65,0x65,0xC0,0xF4,0xF4,0xC0,0x4C,0x30,0x2C,0x2C,0x2C,0x2E,0x61,0x68,0x9E,0xB9,0xB9,0xB9,0x53,
0x69,0x46,0x70,0x70,0x04,0x03,0x03,0x02,0x00,0x00,0x00,0x00,0x00,0x00,0x00,0x00,0x00,0x00,0x00,0x00,0x13,0x20,0x20,0x25,0x25,
0x52,0x5D,0x25,0x4E,0x3B,0x6F,0x26,0x2B,0x6F,0x23,0x25,0x6A,0x2C,0x27,0x2A,0x97,0xAC,0xAC,0x9F,0x9F,0x98,0xC1,0xC7,0xC8,0xC9,
0xD4,0xB2,0x35,0x71,0x00,0x04,0x71,0x69,0xD9,0xE5,0x98,0x98,0xAC,0x9F,0xA2,0x98,0xB2,0xCF,0xCF,0xCF,0xCF,0xCF,0xCF,0xCF,0xCF,
0xCF,0xCF,0xCF,0xCF,0xCF,0xCF,0xCF,0xCF,0xCF,0xCA,0xCE,0xCF,0xCA,0xD0,0xCF,0xD4,0xA0,0xDE,0xDE,0xDE,0xDE,0xDE,0xDE,0xBC,0xBC,
0xBE,0xB3,0xAD,0xAD,0xB3,0xA5,0xA5,0xB5,0x82,0x01,0x65,0x32,0x4E,0x33,0x33,0x33,0x4F,0x13,0xC3,0x7A,0x72,0x12,0x22,0x22,0x22,
0x22,0x72,0x13,0xC3,0xCD,0xD3,0xD3,0xD3,0xE0,0x72,0x44,0x27,0x2B,0x41,0x2A,0x44,0x27,0x41,0x2A,0x27,0x6A,0x26,0x6A,0x90,0x23,
0x90,0x50,0x50,0x50,0xF2,0x7A,0x74,0x6D,0x6D,0xEA,0x6D,0x7B,0x7B,0x60,0x21,0x60,0x27,0x5F,0x5F,0x74,0x73,0x7A,0x7F,0x7A,0x7A,
0x73,0xEA,0x7A,0x6C,0x61,0x27,0x55,0x9E,0x39,0x39,0x39,0x51,0x2E,0x27,0x67,0x2C,0x67,0x67,0x50,0x8E,0x6C,0x26,0x55,0x55,0x5D,
0x5D,0x52,0x0E,0x0E,0x66,0x26,0x67,0x2D,0x63,0x69,0x92,0x53,0x76,0x76,0x76,0x53,0x8F,0x7C,0x15,0x10,0x18,0x15,0xF4,0xF3,0xF0,
0xF0,0xF0,0x18,0x7C,0x55,0x2C,0x2C,0x2E,0x2E,0x61,0x61,0x9E,0x75,0xB9,0x53,0x69,0x69,0x46,0x70,0x70,0x70,0xB4,0x00,0x00,0x00,
0x00,0x00,0x00,0x00,0x00,0x00,0x00,0x00,0x00,0x00,0x12,0x20,0x24,0x4A,0x33,0x52,0x5D,0x6C,0x6E,0x3B,0x51,0x30,0x5D,0x29,0x21,
0x90,0x26,0x2C,0x2C,0x2E,0x41,0x9A,0xA7,0x98,0x98,0xA7,0xB2,0xC7,0xCD,0xD6,0x93,0x00,0x00,0x00,0x00,0x00,0x00,0x00,0x04,0xEA,
0xA7,0xA2,0xAB,0xAB,0x9F,0x98,0x8A,0xD0,0xCF,0xCF,0xCF,0xCF,0xCF,0xCF,0xCF,0xCF,0xCF,0xCF,0xCF,0xCF,0xCF,0xCF,0xCF,0xCF,0xCF,
0xCF,0xCA,0xCE,0xCA,0xCF,0xB2,0x82,0xDE,0xDE,0xDE,0xDE,0xDE,0xDE,0xB3,0xBE,0xBE,0x98,0x96,0xAD,0xAD,0xB3,0xB3,0xB3,0x81,0x02,
0x30,0x4E,0x49,0x32,0x33,0x5A,0x72,0xC3,0xCD,0x4D,0x72,0x72,0x22,0x22,0x22,0x22,0x12,0x73,0xC3,0xCD,0xD3,0xD2,0xD3,0xE0,0xA9,
0x41,0x2B,0x2B,0x41,0x41,0x29,0x27,0x44,0x2A,0x27,0x6A,0x6A,0x2C,0x23,0x74,0x90,0x25,0x90,0x6E,0x73,0x7A,0x74,0x74,0xF2,0x6D,
0x6D,0xF2,0x74,0x60,0x24,0x23,0x44,0x5F,0x25,0x6D,0x7A,0x7F,0x7F,0x7A,0x7A,0xEA,0x8E,0x73,0x50,0x68,0x2C,0x30,0x39,0x63,0x39,
0x51,0x68,0x61,0x2E,0x2C,0x2C,0x55,0x50,0x21,0x6D,0x6C,0x55,0x5D,0x5D,0x5D,0x52,0x55,0x5D,0x30,0x30,0x26,0x27,0x63,0x53,0x53,
0x53,0x53,0x53,0x53,0x53,0x53,0x7C,0x15,0x15,0xF4,0xF4,0x18,0xF4,0xF0,0xF0,0xF0,0xF0,0xF4,0x4C,0x67,0x2C,0x2C,0x2C,0x2C,0x2E,
0x2E,0x61,0x9E,0x75,0x76,0x53,0x69,0x69,0x46,0x70,0x04,0x00,0x00,0x00,0x00,0x00,0x00,0x00,0x00,0x00,0x00,0x00,0x00,0x00,0x00,
0x12,0x4B,0x25,0x33,0x6C,0x5D,0x5D,0x25,0x24,0x41,0x3C,0x2D,0x6C,0x27,0x52,0x24,0x67,0x2C,0x2C,0x27,0x51,0x89,0x9A,0x9F,0x96,
0xC1,0xC1,0xB2,0xC7,0x40,0x91,0x00,0x00,0x71,0x04,0x92,0x81,0x02,0x00,0x05,0x97,0xBB,0xAB,0xAB,0xA2,0xA2,0xA3,0xCD,0xCF,0xCF,
0xCA,0xCF,0xCF,0xCF,0xCF,0xCF,0xCF,0xCA,0xCF,0xCF,0xCF,0xCF,0xCF,0xCF,0xCA,0xCF,0xCF,0xCA,0xCF,0xD4,0xA8,0xB3,0xBC,0xDE,0xDE,
0xDE,0xBC,0xBC,0xBE,0xBE,0x98,0xBE,0xBE,0x96,0xAD,0xAD,0xA5,0xBC,0xBD,0x46,0x52,0x49,0x33,0x33,0x5A,0x72,0x4D,0xD9,0xC9,0xCD,
0x13,0x12,0x72,0x22,0x72,0x12,0x13,0x73,0x4D,0xC3,0xCD,0xD3,0xD3,0xD2,0x7A,0x2B,0x2B,0x44,0x41,0x2A,0x41,0x6A,0x41,0x2A,0x27,
0x27,0x6A,0x67,0xF2,0x23,0x90,0x90,0x90,0x50,0x7A,0xEA,0x22,0x74,0x72,0x6D,0x6D,0x72,0x7B,0x23,0x60,0x23,0x27,0x5F,0x90,0x73,
0x7A,0x7F,0x7F,0x73,0x73,0x73,0xEA,0x73,0x67,0x61,0x67,0x2E,0x75,0x39,0x34,0x51,0x2A,0x29,0x2E,0x2C,0x67,0x55,0x50,0x7B,0x7B,
0x6C,0x52,0x6C,0x5D,0x55,0x52,0x5D,0x55,0x0E,0x26,0x27,0x63,0x3E,0x3E,0x8F,0x8F,0x53,0x53,0x53,0x53,0x52,0x15,0x8B,0x8B,0xF4,
0x4C,0xF4,0xF4,0xF0,0xF0,0xF0,0xF0,0xF0,0x19,0x2C,0x55,0x50,0x67,0x2C,0x2E,0x2E,0x61,0x9E,0x9E,0xB9,0x76,0x53,0x69,0x69,0x70,
0x00,0x00,0x00,0x00,0x00,0x00,0x00,0x00,0x00,0x00,0x00,0x00,0x00,0x00,0x00,0x14,0x22,0x4A,0x25,0x25,0x52,0x5D,0x52,0x23,0x42,
0x3C,0x28,0x52,0x5F,0x50,0x23,0x5F,0x26,0x2D,0x2C,0x61,0x35,0x9A,0xAF,0xBE,0xB2,0xC3,0xC8,0x93,0x00,0x00,0x00,0x04,0xA3,0x93,
0xAF,0xAD,0xA0,0x81,0xB4,0xA3,0xB6,0xAB,0xAB,0xAB,0xA2,0x98,0x8A,0xD0,0xCF,0xCF,0xCE,0xCF,0xCF,0xCF,0xCF,0xCF,0xCF,0xCF,0xCF,
0xCF,0xCF,0xCF,0xCF,0xCF,0xCE,0xCF,0xCF,0xCF,0xC7,0xA8,0xBC,0xDE,0xDE,0xDE,0xDE,0xDE,0xB3,0xBE,0xBE,0x98,0x98,0x98,0xBE,0xAD,
0xAD,0xB3,0xBE,0xBD,0x07,0x5D,0x33,0x33,0x5A,0x22,0x73,0x7A,0xC3,0xD9,0xD9,0x7F,0xA9,0x72,0x12,0x12,0xA9,0xA9,0x13,0x7A,0x4D,
0xC3,0xCD,0xD3,0xE0,0x7F,0x44,0x2B,0x2B,0x41,0x41,0x41,0x6A,0x2A,0x54,0x29,0x27,0x27,0x50,0x6D,0x60,0x25,0x6E,0x6E,0x25,0x7F,
0xF2,0x74,0x22,0xF2,0x6D,0x6D,0xF2,0x74,0x23,0x23,0x24,0x27,0x5F,0x60,0x73,0x7F,0x7F,0x7A,0x7A,0x73,0x73,0xEA,0xEA,0x2C,0x2E,
0x2C,0x51,0x39,0x39,0x34,0x51,0x68,0x61,0x27,0x2C,0x67,0x55,0x50,0xEA,0x7B,0x50,0x52,0x6C,0x52,0x6C,0x52,0x52,0x52,0x0E,0x28,
0x63,0x63,0x7D,0x7D,0x63,0x76,0x69,0x53,0x69,0x2F,0x15,0x7C,0x10,0x10,0xF4,0xC0,0xF4,0xF4,0xF0,0xF0,0x64,0xF0,0xF0,0x19,0x2C,
0x50,0x50,0x55,0x67,0x2F,0x2E,0x61,0x9E,0x9E,0x75,0xB9,0xB9,0x53,0x46,0x00,0x00,0x00,0x00,0x00,0x00,0x00,0x01,0x01,0x00,0x00,
0x00,0x00,0x00,0x00,0x00,0x15,0x4B,0x25,0x33,0x52,0x5D,0x5D,0x52,0x20,0x6E,0x3C,0x29,0x55,0x25,0x55,0x23,0x5D,0x26,0x2C,0x27,
0x2E,0x34,0x56,0x9A,0xAF,0x9A,0xA6,0xC7,0xA9,0xD7,0x5F,0x3E,0x3F,0xAD,0xAD,0xAD,0xAD,0xBE,0xB3,0x7E,0x89,0xB7,0xBB,0xAB,0xA2,
0xA2,0xAB,0xA4,0x7A,0xCF,0xCF,0xCA,0xCF,0xCF,0xCF,0xCF,0xCF,0xCF,0xCF,0xCF,0xCF,0xCF,0xCF,0xCF,0xCE,0xCA,0xCF,0xCF,0xCF,0x89,
0xA4,0xDE,0xDE,0xDE,0xDE,0xDE,0xBC,0xBE,0xBE,0x98,0x98,0x98,0xBE,0x98,0x98,0xAD,0xB3,0xBC,0xBD,0x78,0x49,0x1E,0x4E,0x22,0x6D,
0x6D,0x7A,0x7F,0xD9,0xC3,0xC3,0x7A,0x13,0xA9,0x6D,0x13,0x13,0xA9,0x13,0x4D,0x4D,0xC3,0xD3,0xD2,0xD9,0x41,0x2B,0x44,0x41,0x54,
0x44,0x6A,0x2A,0x3B,0x29,0x44,0x2E,0x24,0x6D,0x24,0x25,0x6E,0x50,0x24,0x7A,0x7B,0x74,0x74,0x72,0xF2,0xF2,0x72,0x7B,0x22,0x60,
0x24,0x6A,0x5F,0xF2,0x7A,0x7F,0x7F,0x7A,0x73,0xEA,0xEA,0xEA,0x8E,0x2C,0x2C,0x2C,0x39,0x39,0x39,0x34,0x34,0x68,0x29,0x2C,0x67,
0x67,0x67,0x5D,0x73,0x21,0x5D,0x6C,0x25,0x6C,0x25,0x6C,0x25,0x52,0x55,0x77,0x63,0x77,0x77,0x77,0x7D,0x53,0x53,0x69,0x3A,0x11,
0x10,0x4C,0x8B,0xF4,0xF4,0x18,0xF4,0xF4,0xF0,0xF0,0x64,0xF0,0xF0,0x9D,0x2E,0x50,0x55,0x67,0x2C,0x2E,0x2E,0x61,0x68,0x9E,0x9E,
0x75,0x76,0x69,0xB4,0x00,0x00,0x00,0x00,0x00,0x01,0x02,0x02,0x01,0x01,0x00,0x00,0x00,0x00,0x00,0x00,0x15,0x4B,0x4A,0x52,0x52,
0x5D,0x5D,0x5D,0x21,0x22,0x41,0x29,0x26,0x21,0x5D,0x24,0x5D,0x6A,0x2C,0x6A,0x27,0x29,0x39,0x40,0xAA,0xAF,0xAD,0xB2,0xCE,0xCF,
0xCF,0xE1,0xE2,0x9A,0xA3,0xA4,0xA4,0xA4,0xDE,0x3F,0x93,0xCC,0xBB,0xBF,0xBF,0xAB,0xA2,0x98,0xA8,0xC3,0xCF,0xCF,0xCF,0xCF,0xCF,
0xCF,0xCF,0xCF,0xCF,0xCA,0xCF,0xCF,0xCA,0xCF,0xCA,0xCF,0xCA,0xCF,0xD5,0xA8,0xB3,0xDE,0xDE,0xDE,0xDE,0xBC,0xB3,0xBE,0x98,0x98,
0x98,0x98,0x98,0xBE,0xAD,0xBE,0xBE,0xBC,0xC4,0x65,0x43,0x1E,0x22,0x6D,0x72,0x6D,0x6D,0x6D,0x7F,0xCD,0x7F,0x4D,0x7A,0x13,0xA9,
0x5E,0xA9,0x6D,0x13,0x13,0xA9,0x4D,0xC9,0xD2,0xCD,0x2B,0x44,0x41,0x41,0x2A,0x44,0x1E,0x2A,0x54,0x2A,0x29,0x29,0x7B,0xF2,0x90,
0x25,0x25,0x50,0x74,0x7A,0x7B,0x74,0x7B,0x7B,0x72,0x7B,0x7B,0x74,0x23,0x74,0x24,0x1E,0x6E,0x73,0x7A,0x7F,0x7F,0x7A,0x73,0xEA,
0xEA,0x73,0x7B,0x2C,0x67,0x2E,0x39,0x34,0x34,0x77,0x34,0x51,0x29,0x27,0x2C,0x67,0x30,0x90,0x73,0x21,0x6C,0x25,0x6C,0x52,0x6C,
0x25,0x6C,0x6C,0x0E,0x77,0x51,0x51,0x77,0x63,0x53,0x53,0x69,0x3E,0x23,0x20,0x4C,0x10,0xF4,0x18,0x18,0x8B,0x10,0xF4,0xF4,0x64,
0xF0,0x64,0xC0,0x19,0x61,0x30,0x67,0x30,0x66,0x2F,0x87,0x61,0x61,0x61,0x9E,0x76,0x69,0x46,0x01,0x00,0x00,0x01,0x02,0x03,0x04,
0x04,0x03,0x02,0x01,0x01,0x01,0x00,0x00,0x00,0x00,0x16,0x15,0x5A,0x52,0x52,0x5D,0x5D,0x5D,0x25,0x24,0x42,0x6F,0x26,0x25,0x21,
0x22,0x25,0x67,0x6A,0x2C,0x2C,0x29,0x51,0x39,0x89,0xA6,0x9A,0xC9,0xCF,0xD0,0xCF,0xCE,0xCE,0xDA,0xE2,0xA3,0xA4,0xA4,0xA4,0x9C,
0xBC,0xCC,0xA2,0xAB,0xAB,0xBB,0xA2,0xCC,0xDE,0x40,0xD2,0xCF,0xCF,0xCF,0xCF,0xCF,0xCF,0xCA,0xCF,0xCF,0xCF,0xCF,0xCF,0xCE,0xCF,
0xCF,0xCE,0xCF,0xB2,0xA4,0xDE,0xBC,0xDE,0xDE,0xDE,0xBC,0xBE,0x98,0x98,0xCC,0x98,0x98,0x98,0x98,0xBE,0xBE,0xBE,0xDE,0x69,0x79,
0x43,0x24,0x72,0x7B,0x7B,0x74,0x7B,0x72,0x6D,0xD9,0x7F,0xC3,0x7A,0x4D,0x73,0x13,0x13,0x5E,0xA9,0x13,0x13,0x4D,0xCD,0xD3,0xCD,
0x42,0x41,0x2B,0x41,0x41,0x27,0x67,0x2A,0x54,0x2A,0x2A,0x27,0xEA,0x7B,0x21,0x90,0x90,0x50,0xF2,0x73,0x74,0x74,0x7B,0x74,0x7B,
0x72,0x7B,0x7B,0x74,0x7B,0x4F,0x5F,0x4F,0x73,0x7A,0x7F,0x7F,0x7A,0xEA,0x73,0x6D,0xEA,0x74,0x2C,0x55,0x68,0x39,0x39,0x39,0x34,
0x34,0x51,0x29,0x2E,0x2C,0x2C,0x6A,0x6D,0x7B,0x25,0x6C,0x25,0x21,0x25,0x25,0x25,0x25,0x4A,0x26,0x6F,0x9E,0x77,0x39,0x53,0x53,
0x69,0x53,0x21,0x23,0x7C,0x4C,0x0F,0x18,0x18,0x18,0x18,0x8B,0xF4,0xC0,0x1A,0x64,0xF0,0xC0,0x6B,0x51,0x65,0x0B,0x6B,0x09,0x09,
0x65,0x61,0x61,0x9E,0x53,0x46,0x46,0x70,0xB4,0x03,0x70,0x46,0x46,0x46,0x46,0x70,0x04,0x45,0x02,0x01,0x00,0x01,0x00,0x00,0x00,
0x0F,0x15,0x32,0x5D,0x5D,0x5D,0x5D,0x26,0x5D,0x21,0x4E,0x29,0x2C,0x6C,0x21,0x7B,0x25,0x67,0x26,0x6A,0x2C,0x27,0x29,0x34,0x77,
0x40,0x7A,0xCA,0xD0,0xD8,0xCA,0xCF,0xCF,0xCE,0xD4,0x93,0xBE,0xA4,0xA3,0xB3,0xBE,0xCC,0xCC,0xAB,0xAB,0xBB,0xC2,0xB6,0xBC,0xDF,
0x3E,0xD2,0xCF,0xCF,0xCF,0xCF,0xCF,0xCF,0xCF,0xCF,0xCF,0xCF,0xCF,0xCF,0xCF,0xCA,0xCF,0xE1,0xA0,0xDE,0xDE,0xDE,0xDE,0xDE,0xBC,
0xB3,0xBE,0x98,0xAF,0xAF,0xAF,0x98,0xCC,0x98,0xAF,0x98,0x98,0xDE,0x07,0x8F,0x5D,0xEA,0xF2,0x7B,0x74,0x74,0x7B,0x6D,0xF2,0xA9,
0x7A,0x7A,0x7F,0x4D,0x7A,0x13,0xA9,0x13,0x13,0xA9,0xA9,0x4D,0xCD,0xC3,0xD3,0x5A,0x41,0x44,0x41,0x41,0x44,0x5F,0x2A,0x34,0x51,
0x2A,0x5D,0x73,0x60,0x24,0x24,0x90,0x25,0xEA,0x6D,0x74,0x74,0x74,0x72,0x74,0x7B,0x72,0x7B,0x74,0x7B,0x24,0x5F,0x22,0x73,0x7A,
0x7F,0x7A,0x73,0xEA,0xEA,0xEA,0x73,0x21,0x2C,0x55,0x39,0x39,0x39,0x39,0x39,0x34,0x51,0x29,0x29,0x27,0x2C,0x67,0x73,0x23,0x90,
0x21,0x21,0x4A,0x25,0x25,0x4A,0x25,0x25,0x28,0x77,0x77,0x63,0x38,0x76,0x7D,0x77,0x60,0x7B,0x52,0x52,0x0F,0x18,0x18,0x9D,0x18,
0x18,0x10,0x4C,0x1A,0x6B,0x1A,0xC0,0xC0,0x6B,0x0B,0x09,0x08,0x08,0x08,0x08,0x6B,0x65,0x7D,0x53,0x69,0x53,0x53,0x76,0x76,0x76,
0x76,0x07,0x69,0x46,0x05,0x04,0x04,0x02,0x02,0x01,0x01,0x00,0x00,0x00,0x00,0x0D,0x16,0x5B,0x49,0x5D,0x26,0x5D,0x5D,0x5D,0x52,
0x4F,0x27,0x2D,0x52,0x21,0x23,0x24,0x5F,0x6A,0x6A,0x27,0x27,0x2E,0x2A,0x34,0x51,0x7F,0xCA,0xD1,0xD0,0xD0,0xD0,0xCF,0xCF,0xC6,
0x99,0xA4,0xA4,0x8A,0xA4,0xB3,0xBE,0xBE,0xA2,0xAB,0xA2,0xB7,0xB6,0xB6,0xBC,0xDF,0x63,0xD1,0xCF,0xCA,0xCF,0xCF,0xCF,0xCF,0xCE,
0xCF,0xCA,0xCE,0xCF,0xD0,0xCF,0xCF,0xD5,0xA8,0xDE,0xBC,0xDE,0xDE,0xBC,0xBC,0xBE,0x98,0xAF,0xA7,0xCC,0x98,0x98,0x98,0x98,0x98,
0xBE,0xBE,0xA8,0x07,0x7E,0x7B,0x7A,0x7B,0x7B,0x74,0x22,0x22,0xF2,0xEA,0x73,0x7A,0x7A,0x7F,0x7F,0x4D,0x7A,0x73,0x5E,0x5E,0x12,
0x13,0x4D,0xC3,0xC3,0xCD,0x7F,0x41,0x44,0x41,0x2A,0x44,0x1E,0x2A,0x34,0x2A,0x54,0x24,0x6D,0x24,0x24,0x24,0x90,0x90,0x73,0x7B,
0x74,0x7B,0x74,0x7B,0x7B,0x7B,0x72,0x7B,0x7B,0x7B,0x4F,0x5F,0x72,0x73,0x7A,0x7F,0x7A,0xEA,0x6D,0x6D,0xEA,0xEA,0x50,0x67,0x27,
0x63,0x39,0x39,0x39,0x39,0x34,0x51,0x2A,0x29,0x27,0x2E,0x90,0xEA,0x90,0x21,0x21,0x24,0x21,0x25,0x21,0x25,0x25,0x4A,0x87,0x39,
0x77,0x34,0x9E,0x34,0x29,0x74,0x7B,0x6C,0x55,0x52,0x49,0x9D,0x5C,0x85,0x18,0x18,0x7C,0x19,0x6B,0x99,0x09,0x64,0x19,0x6B,0x09,
0x08,0x09,0x08,0x08,0x08,0x09,0x19,0x78,0x9E,0x61,0x78,0x78,0x75,0x7D,0x76,0x69,0x69,0x46,0x70,0x05,0x04,0x04,0x04,0x02,0x01,
0x01,0x00,0x00,0x00,0x00,0x17,0x0F,0x10,0x33,0x26,0x5D,0x26,0x26,0x5D,0x6C,0x21,0x1E,0x2C,0x52,0x21,0x23,0x23,0x5D,0x26,0x6A,
0x2C,0x27,0x27,0x29,0x2A,0x51,0x2C,0xC9,0xD1,0xD1,0xD8,0xD0,0xCA,0xD6,0x40,0x3F,0xA8,0x9C,0xA4,0xBE,0xBE,0xBE,0xBE,0xAF,0x98,
0xA2,0xB6,0xB6,0xB6,0xBC,0xDE,0x81,0x73,0xCF,0xCF,0xCF,0xCF,0xCA,0xCF,0xCA,0xCF,0xCF,0xCF,0xCA,0xCF,0xD0,0xCF,0xC8,0xDF,0xBC,
0xDE,0xDE,0xBC,0xDE,0xB3,0xBE,0x98,0xA7,0xA7,0xAF,0xAF,0x98,0xBE,0xCC,0x98,0x98,0xBC,0x88,0xC4,0x92,0x4D,0x7A,0x7B,0x22,0x23,
0x60,0x23,0x74,0x6D,0x7F,0x7A,0x32,0x7A,0x4D,0x7A,0x4D,0x13,0xA9,0x72,0x12,0x73,0x4D,0x4D,0x4D,0xC3,0xD3,0x5A,0x41,0x2B,0x41,
0x44,0x6A,0x2A,0x3C,0x29,0x2A,0x22,0x7B,0x90,0x24,0x21,0x90,0x24,0x73,0x74,0x74,0x72,0x7B,0x7B,0x74,0x7B,0x74,0x7B,0x74,0x72,
0x4F,0x6E,0x6D,0x73,0x73,0x7A,0x73,0x6D,0x6D,0x6D,0xEA,0xEA,0x50,0x67,0x9E,0x38,0x39,0x39,0x39,0x39,0x39,0x51,0x68,0x2E,0x27,
0x2A,0x74,0x74,0x21,0x21,0x21,0x24,0x21,0x24,0x21,0x24,0x20,0x11,0x11,0x28,0x2A,0x51,0x63,0x51,0x23,0x7B,0x6C,0x5D,0x5D,0x0E,
0x4C,0x5C,0x1C,0x85,0x18,0x4C,0x4C,0x78,0x0A,0x0A,0x09,0x6B,0x19,0x6B,0x08,0x08,0x08,0x08,0x08,0x08,0x09,0x0B,0x87,0x78,0x9E,
0x9E,0x75,0x7D,0x76,0x53,0x69,0x69,0x46,0x46,0x46,0x06,0x06,0x05,0x05,0x04,0x02,0x00,0x00,0x00,0x00,0x0F,0x4C,0x10,0x10,0x1E,
0x26,0x26,0x67,0x5D,0x5D,0x21,0x6E,0x2D,0x55,0x25,0x23,0x22,0x50,0x67,0x6A,0x2C,0x27,0x27,0x27,0x29,0x2A,0x51,0x2C,0xC9,0xD1,
0xD0,0xCA,0xCA,0xC8,0x42,0x83,0x57,0xA3,0xB3,0xB3,0xBE,0xBE,0xBE,0xBE,0x98,0xC2,0xB6,0xB6,0xB6,0xBC,0xBC,0xDE,0x3F,0xD2,0xCF,
0xCF,0xCF,0xCF,0xCF,0xCF,0xCF,0xCE,0xCF,0xCE,0xCF,0xE8,0xCF,0xB2,0xDF,0xDE,0xDE,0xBC,0xDE,0xBC,0xBE,0xBE,0x98,0xAF,0xA7,0xA7,
0x98,0x98,0xBE,0x98,0xCC,0xBE,0xDE,0x7E,0xC4,0xC4,0x4D,0xEA,0x23,0x60,0x24,0x60,0x24,0x60,0x23,0x6D,0x33,0x48,0x5E,0x7F,0x7A,
0x4D,0x7A,0x5E,0x12,0x72,0x13,0x7A,0x7A,0x4D,0xC3,0xCD,0x7A,0x41,0x44,0x41,0x2B,0x1E,0x2A,0x3A,0x51,0x27,0x6D,0x74,0x24,0x24,
0x24,0x90,0x60,0x7A,0x60,0x74,0x7B,0x74,0x7B,0x74,0x74,0x7B,0x72,0x7B,0x74,0x5A,0x4F,0xEA,0x6D,0x73,0x73,0xEA,0x6D,0xF2,0x6D,
0xEA,0xF2,0x67,0x2C,0x39,0x3D,0x39,0x39,0x39,0x77,0x36,0x51,0x29,0x2E,0x29,0x6A,0xEA,0x21,0x90,0x24,0x20,0x24,0x24,0x23,0x23,
0x23,0x23,0x14,0xA1,0x11,0x77,0x38,0x34,0x7B,0x7B,0x50,0x5D,0x55,0x0E,0x49,0x17,0x17,0x86,0x1C,0x9D,0x4C,0x65,0x3C,0x3C,0x63,
0x3C,0x0B,0x19,0x09,0x08,0x08,0x08,0x08,0x59,0x08,0x09,0x1A,0x78,0x75,0x77,0x75,0x7D,0x76,0x76,0x76,0x69,0x69,0x69,0x07,0x47,
0x06,0x06,0x05,0x05,0x04,0x02,0x01,0x00,0x00,0x00,0x0F,0x0F,0x0F,0x10,0x33,0x6A,0x26,0x26,0x26,0x5D,0x25,0x4F,0x27,0x26,0x52,
0x21,0x22,0x25,0x26,0x6A,0x2C,0x2C,0x27,0x2E,0x27,0x2A,0x2A,0x51,0x2E,0xD9,0xDC,0xDC,0xDD,0xAE,0x2B,0x41,0xA3,0xAD,0xAD,0xBE,
0xA4,0xBE,0xBE,0xB3,0xB3,0xB6,0xB6,0xB6,0xB6,0xB6,0xBC,0xBC,0xDF,0x24,0xCF,0xCF,0xCF,0xCF,0xCF,0xCF,0xCF,0xCA,0xCF,0xCA,0xCF,
0xD0,0xCF,0xAA,0xDF,0xBC,0xDE,0xDE,0xBC,0xB3,0xBE,0xBE,0xAF,0xA7,0xA7,0xA7,0x98,0x98,0xBE,0xBE,0xCC,0xBE,0xDE,0x05,0x71,0xEC,
0x7B,0xF2,0x60,0x24,0x24,0x60,0x60,0x60,0x60,0x4B,0x83,0x48,0x49,0xC3,0x7A,0x7A,0x7A,0x13,0x12,0x12,0xA9,0x13,0x13,0x7A,0x4D,
0xC3,0xCD,0x42,0x41,0x41,0x44,0x5F,0x2A,0x3C,0x51,0x26,0x7A,0x23,0x60,0x60,0x60,0x90,0x74,0x73,0x60,0x22,0x74,0x74,0x74,0x22,
0x74,0x72,0x74,0x72,0x72,0x6E,0x74,0xA9,0xEA,0xA9,0x73,0x6D,0xF2,0xF2,0x6D,0xEA,0x74,0x2C,0x2E,0x38,0x39,0x39,0x77,0x39,0x39,
0x39,0x51,0x61,0x51,0x68,0x90,0x7B,0x90,0x21,0x21,0x60,0x24,0x23,0x22,0x12,0x7B,0x12,0x4D,0xA1,0xA1,0x87,0x39,0x74,0x7B,0x50,
0x55,0x67,0x5D,0x1D,0x0C,0x83,0x1B,0x1B,0x1C,0x18,0x0D,0x48,0x29,0x6F,0x77,0x77,0x65,0x6B,0x07,0x08,0x08,0x08,0x08,0x08,0x09,
0x6B,0x0B,0x9E,0x77,0x77,0x77,0x75,0x75,0x76,0x76,0x53,0x7D,0x59,0x08,0x06,0x06,0x06,0x05,0x05,0x04,0x45,0x02,0x00,0x00,0x00,
0x0F,0x33,0x49,0x4A,0x20,0x1E,0x6A,0x26,0x26,0x5D,0x6C,0x21,0x1E,0x2D,0x55,0x21,0x22,0x25,0x67,0x6A,0x6A,0x2D,0x2C,0x27,0x27,
0x29,0x2A,0x29,0x67,0x7A,0xDD,0xC3,0x1F,0x1D,0x0A,0xA0,0xBE,0xAD,0xAD,0xAD,0xBE,0xBE,0xB3,0xA4,0xDE,0xBC,0xB6,0xB6,0xB6,0xB6,
0xB6,0xBC,0xDE,0xA8,0xD2,0xCF,0xCF,0xCF,0xCA,0xCF,0xCF,0xCF,0xCE,0xCF,0xCE,0xCA,0xCF,0x89,0xDE,0xDE,0xBC,0xBC,0xBE,0xBE,0xBE,
0x98,0xAF,0xA7,0xA7,0xA7,0x98,0xBE,0xBE,0x98,0x98,0xBC,0xA8,0x05,0x71,0x71,0x0E,0x74,0x25,0x90,0x90,0x90,0x4F,0x24,0x60,0x20,
0x48,0x0C,0x83,0xA9,0x4D,0x13,0x7A,0x73,0x13,0x12,0x72,0x12,0x6D,0x13,0x4D,0x4D,0xC3,0x6D,0x27,0x54,0x2B,0x1E,0x2A,0x3A,0x3C,
0x90,0x73,0x23,0x24,0x60,0x24,0x25,0xF2,0xEA,0x60,0x23,0x74,0x74,0x22,0x22,0x74,0x72,0x7B,0xF2,0x74,0x5A,0x7B,0xEA,0x6D,0xEA,
0xF2,0x7B,0x7B,0xF2,0x6D,0xEA,0x60,0x2C,0x29,0x38,0x39,0x39,0x39,0x39,0x39,0x51,0x34,0x39,0x39,0x68,0x7B,0x60,0x25,0x21,0x24,
0x21,0x21,0x22,0x23,0x6D,0x6D,0x11,0x0F,0x5B,0x15,0x11,0x23,0x7B,0x50,0x5D,0x67,0x26,0x26,0x43,0x83,0x44,0x1B,0x1B,0x17,0x4C,
0x43,0x27,0x29,0x2A,0x51,0x28,0x0B,0x59,0x08,0x07,0x08,0x07,0x08,0x08,0x6B,0x6B,0x0B,0x9E,0x9E,0x9E,0x77,0x77,0x7D,0x76,0x76,
0x78,0x77,0x59,0x07,0x47,0x06,0x06,0x06,0x05,0x05,0x04,0x02,0x01,0x00,0x00,0x0F,0x4A,0x49,0x52,0x10,0x25,0x2D,0x26,0x6A,0x26,
0x5D,0x90,0x4E,0x28,0x26,0x55,0x23,0x24,0x67,0x6A,0x2C,0x2C,0x27,0x27,0x2E,0x29,0x2A,0x2E,0x60,0x73,0x4B,0x33,0x0F,0x32,0x15,
0x5B,0xA3,0xAD,0xAD,0xA4,0xBE,0xBE,0xB3,0xA4,0xDF,0xDE,0xB6,0xB6,0xB6,0xBC,0xB6,0xBC,0xBC,0xDE,0x32,0xCF,0xCF,0xCF,0xCF,0xCF,
0xCF,0xCA,0xCF,0xD0,0xCA,0xCE,0xE6,0x93,0xDE,0xDE,0xBC,0xB3,0xBE,0xB3,0xBE,0xBE,0xAF,0xA7,0xA7,0xAF,0xAF,0xBE,0x98,0xB3,0xA4,
0xDE,0x92,0x45,0x01,0x71,0x79,0x25,0x5F,0x6E,0x6E,0x6E,0x90,0x90,0x4F,0x20,0x17,0x83,0x0C,0x5A,0xC3,0xA9,0xA9,0x7A,0x5E,0x72,
0x72,0x72,0x12,0xA9,0x73,0x7A,0xC3,0x7F,0x13,0x5D,0x54,0x26,0x2A,0x39,0x34,0x7B,0x6D,0x60,0x90,0x24,0x90,0x90,0xEA,0xF2,0x24,
0x60,0x23,0x23,0x23,0x74,0x7B,0x72,0x72,0x72,0x74,0x4F,0xF2,0x6D,0x6D,0x6D,0xF2,0x74,0x74,0x6D,0xEA,0x6D,0x90,0x2C,0x51,0x39,
0x39,0x39,0x39,0x77,0x34,0x77,0x38,0x38,0x39,0x27,0xF2,0x6C,0x25,0x90,0x21,0x24,0x24,0x22,0x7B,0x13,0x13,0x33,0x17,0x0C,0x49,
0x73,0x7B,0x50,0x50,0x5D,0x67,0x6A,0x43,0x43,0x44,0x8D,0x8D,0x83,0x49,0x1D,0x43,0x27,0x2E,0x29,0x29,0x66,0x0A,0x76,0x08,0x08,
0x07,0x08,0x08,0x08,0x6B,0x6B,0x78,0x9E,0x77,0x77,0x77,0x75,0x7D,0x7D,0x65,0x78,0x59,0x59,0x08,0x47,0x47,0x06,0x06,0x05,0x05,
0x05,0x02,0x01,0x01,0x01,0x0F,0x4A,0x52,0x52,0x4A,0x20,0x26,0x2C,0x26,0x6A,0x26,0x6C,0x25,0x27,0x2D,0x30,0x21,0x24,0x26,0x2C,
0x2D,0x27,0x27,0x2E,0x2E,0x29,0x29,0x51,0x30,0x4A,0x49,0x17,0x17,0x0C,0x17,0x16,0x5B,0xA3,0xB3,0xAD,0xAD,0xB3,0xA4,0xDF,0xDF,
0xDE,0xB6,0xB6,0xB6,0xBC,0xBC,0xB6,0xB6,0xBC,0x40,0xD2,0xCF,0xCF,0xCF,0xCF,0xCF,0xCE,0xCF,0xCF,0xCA,0xCF,0xE9,0x82,0xDE,0xBC,
0xBC,0xBE,0xBE,0xBE,0xBE,0xAF,0xAF,0xAF,0xA7,0xAF,0xAF,0xB3,0xA4,0xAA,0xDB,0x89,0x92,0x45,0x71,0x71,0x63,0x26,0x6A,0x1E,0x67,
0x5F,0x5F,0x6E,0x6E,0x90,0x32,0x17,0x0C,0x48,0x5E,0xA9,0x5E,0x13,0x13,0x72,0x22,0x72,0x72,0x12,0x13,0x13,0x7A,0x4D,0x13,0x7F,
0x7B,0x27,0x44,0x3C,0x51,0xEA,0x74,0x90,0x90,0x24,0x90,0x21,0x7A,0xF2,0x24,0x60,0x23,0xE4,0x23,0x74,0x72,0x7B,0xF2,0xF2,0xE4,
0xE4,0x6D,0x6D,0x6D,0x6D,0x72,0x74,0x74,0x7B,0xEA,0x6D,0x50,0x2C,0x77,0x39,0x39,0x63,0x39,0x77,0x39,0x3E,0x3E,0x38,0x63,0x50,
0x74,0x50,0x25,0x90,0x21,0x24,0x23,0x7B,0x6D,0x73,0x13,0x0D,0x0C,0x49,0x73,0x7B,0x90,0x50,0x50,0x5D,0x26,0x6A,0x27,0x44,0x44,
0x54,0x44,0x1D,0x49,0x1D,0x6A,0x27,0x44,0x29,0x0E,0x0B,0x59,0x08,0x08,0x08,0x08,0x08,0x08,0x09,0x6B,0x0B,0x78,0x61,0x9E,0x77,
0x77,0x77,0x77,0x66,0x65,0x78,0x77,0x59,0x09,0x47,0x47,0x06,0x06,0x06,0x05,0x05,0x02,0x02,0x01,0x01,0x18,0x4A,0x4A,0x5D,0x52,
0x20,0x25,0x2D,0x6A,0x6A,0x26,0x5F,0x25,0x6A,0x28,0x2D,0x6C,0x21,0x6A,0x2D,0x2E,0x61,0x29,0x29,0x29,0x29,0x29,0x34,0x0E,0x17,
0x17,0x17,0x17,0x0C,0x1B,0x9D,0x16,0x80,0xA3,0xB3,0xBE,0xAD,0xA4,0xA8,0xDF,0xDE,0xB6,0xB6,0xB6,0xB6,0xB6,0xBC,0xB6,0xB6,0xA4,
0xA9,0xCF,0xCF,0xCF,0xCF,0xCF,0xCA,0xCE,0xCA,0xCE,0xCA,0xD4,0xDF,0xDE,0xBC,0xBC,0xBC,0xBE,0xBE,0xBE,0xBE,0xAF,0xA7,0xA7,0xAF,
0xA4,0x8A,0xC9,0xD0,0xCF,0xE0,0xC9,0x3E,0x00,0x78,0x25,0x54,0x2B,0x6A,0x6A,0x6A,0x6A,0x6A,0x5F,0x5D,0x33,0x33,0x17,0x0C,0x33,
0x5E,0x72,0x12,0x5E,0x72,0x72,0x22,0x72,0x72,0x72,0x13,0x7A,0x7F,0x13,0x7B,0xC3,0x7A,0x29,0x39,0x44,0xEA,0x23,0x25,0x25,0x25,
0x90,0x90,0x7A,0x74,0x60,0x60,0x74,0x74,0x22,0x74,0xF2,0xF2,0x72,0xF2,0xE4,0x72,0x73,0x6D,0x6D,0xF2,0x7B,0x74,0x23,0x7B,0xF2,
0x7B,0x67,0x2E,0x39,0x39,0x39,0x39,0x39,0x39,0x53,0x53,0x3E,0x38,0x34,0xF2,0x21,0x50,0x90,0x21,0x21,0x24,0x22,0x7B,0x73,0x4D,
0x11,0x0C,0x49,0x73,0xEA,0x90,0x90,0x25,0x50,0x5F,0x6A,0x43,0x27,0x44,0x54,0x44,0x1D,0x5D,0x26,0x6A,0x6A,0x27,0x2E,0x1D,0x66,
0x77,0x59,0x59,0x59,0x59,0x08,0x59,0x59,0x6B,0x6B,0x78,0x6F,0x28,0x61,0x9E,0x9E,0x61,0x0E,0x66,0x78,0x78,0x78,0x59,0x09,0x47,
0x47,0x47,0x06,0x06,0x46,0x05,0x04,0x45,0x02,0x01,0x18,0x32,0x20,0x25,0x5D,0x4A,0x20,0x1E,0x2C,0x6A,0x26,0x26,0x25,0x5F,0x29,
0x28,0x30,0x6C,0x0E,0x4C,0x4C,0x0E,0x0C,0x51,0x51,0x51,0x68,0x51,0x0E,0x0C,0x17,0x17,0x9C,0x1B,0x1B,0x1C,0x18,0x80,0x14,0x84,
0xA3,0xA4,0xA8,0xA8,0x82,0xDE,0xBC,0xB6,0xB6,0xB6,0xB6,0xB6,0xB6,0xB6,0xB6,0x8A,0xCF,0xCF,0xCF,0xCF,0xCF,0xCE,0xCF,0xCF,0xD0,
0xCA,0xE2,0xDF,0xB3,0xBC,0xBE,0xBE,0xBE,0xBE,0xBE,0xBE,0xAF,0xAF,0xAF,0xAD,0xAE,0xCA,0xCF,0xD0,0xD1,0xD0,0xCF,0xC8,0xEF,0x7F,
0x1D,0x3A,0x2A,0x2B,0x27,0x27,0x2B,0x27,0x27,0x6A,0x5F,0x1D,0x48,0x0C,0x25,0x72,0x72,0x72,0x72,0x12,0x72,0x22,0x22,0x72,0x72,
0x72,0x13,0x7A,0x7A,0x24,0x7B,0xCD,0x7A,0x63,0x27,0xEA,0x60,0x25,0x90,0x25,0x50,0x24,0x73,0x23,0x60,0x60,0x23,0x23,0x23,0x74,
0x7B,0x72,0xF2,0x6D,0xE4,0x6D,0x73,0xA9,0x6D,0xF2,0x7B,0x74,0x60,0x7B,0xF2,0x23,0x67,0x61,0x38,0x38,0x39,0x77,0x38,0x53,0x53,
0x3E,0x3E,0x38,0x2C,0x7B,0x50,0x50,0x90,0x90,0x24,0x24,0x23,0x72,0x73,0x73,0x5B,0x32,0x4D,0x73,0x21,0x21,0x90,0x90,0x5D,0x5F,
0x26,0x6A,0x27,0x44,0x41,0x6A,0x5D,0x5F,0x67,0x26,0x6A,0x27,0x26,0x0E,0x78,0x0A,0x0A,0x0A,0x09,0x08,0x59,0x09,0x09,0x6B,0x6B,
0x66,0x28,0x2C,0x28,0x87,0x87,0x65,0x0B,0x0B,0x0B,0x0B,0x78,0x78,0x59,0x09,0x47,0x47,0x06,0x06,0x46,0x70,0x04,0x03,0x02,0x01,
0x19,0x18,0x20,0x20,0x5D,0x52,0x20,0x25,0x6A,0x26,0x6A,0x26,0x5D,0x6E,0x54,0x6F,0x2E,0x7C,0x0D,0x0C,0x1A,0x9D,0x18,0x5C,0x79,
0x77,0x51,0x9E,0x65,0x0C,0x1B,0x1B,0x1C,0x1B,0x1C,0x1C,0x5C,0x18,0x16,0x14,0xC3,0xDB,0x93,0xA8,0xA4,0xB5,0xBC,0xB6,0xB6,0xB6,
0xB6,0xBC,0xB6,0xB6,0xB6,0x57,0xD2,0xCF,0xCF,0xCF,0xCA,0xCF,0xCA,0xE8,0xD0,0xCF,0xB2,0xDF,0xDE,0xBE,0xBE,0xBE,0xBE,0xBE,0xBE,
0xBE,0xAF,0xAF,0xAF,0xDB,0xCF,0xCF,0xD0,0xD8,0xD1,0xD1,0xD1,0xCF,0xD6,0x1E,0x43,0x3D,0x3B,0x2B,0x2B,0x2B,0x2B,0x2B,0x2B,0x27,
0x27,0x2C,0x28,0x51,0x22,0x72,0x72,0x72,0x72,0x72,0x72,0x72,0x72,0x7B,0x72,0x72,0x6D,0x13,0x73,0x72,0x24,0x6D,0xC3,0xEA,0x2C,
0xF2,0x25,0x25,0x25,0x50,0x5D,0x60,0xEA,0x60,0x60,0x60,0x23,0xE4,0x23,0x7B,0xF2,0x72,0x6D,0xD7,0xE4,0x73,0xEA,0xEA,0x6D,0xF2,
0x74,0x60,0x74,0xF2,0xEA,0x60,0x2C,0x77,0x3D,0x39,0x39,0x38,0x3E,0x92,0x3E,0x53,0x38,0x63,0x60,0x23,0x50,0x25,0x90,0x21,0x24,
0x24,0x23,0x72,0x13,0x25,0x83,0xC3,0x73,0x24,0x21,0x90,0x25,0x25,0x50,0x5D,0x1E,0x6A,0x27,0x41,0x6A,0x25,0x5D,0x5F,0x26,0x26,
0x6A,0x6A,0x52,0x65,0x3C,0x0A,0x0A,0x09,0x09,0x09,0x59,0x09,0x0A,0x09,0x0A,0x65,0x2D,0x5F,0x2E,0x77,0x77,0x8F,0x77,0x78,0x0B,
0x87,0x78,0x59,0x59,0x59,0x59,0x07,0x07,0x69,0x69,0x46,0x70,0x04,0x03,0x02,0x1A,0x0D,0x10,0x22,0x25,0x25,0x4A,0x24,0x1E,0x2C,
0x6A,0x26,0x67,0x6C,0x2B,0x77,0x65,0x0D,0x1B,0x1B,0x1B,0x6B,0x19,0x9D,0x18,0x48,0x63,0x9E,0x77,0x48,0x1C,0x1C,0x1C,0x85,0x85,
0x85,0x85,0x5C,0x0F,0x15,0x13,0xC3,0xCD,0xC7,0xA3,0xDE,0x94,0xB6,0xB6,0xB6,0xB6,0xB6,0xBC,0xB6,0xB6,0xA3,0xD2,0xCF,0xCF,0xCF,
0xCE,0xCF,0xCE,0xCA,0xD0,0xCF,0xAA,0xDF,0xBC,0xBE,0xBE,0xBE,0xCC,0xBE,0xBE,0xCC,0xBE,0xAF,0xAA,0xE0,0xCF,0xD0,0xD0,0xD0,0xD0,
0xD1,0xD1,0xCF,0xC1,0x6F,0x79,0x3E,0x34,0x54,0x2A,0x2B,0x2B,0x2B,0x2B,0x2B,0x2B,0x29,0x77,0x75,0x72,0x72,0x12,0x72,0x12,0x72,
0x12,0x72,0x72,0x22,0x72,0x72,0x72,0x12,0x73,0x73,0x24,0x7B,0x6D,0xC3,0x7A,0x60,0x50,0x50,0x50,0x50,0x5D,0x60,0x6D,0x60,0x60,
0x60,0x60,0x23,0x74,0x7B,0x72,0xF2,0xA9,0xF2,0xF2,0x73,0xA9,0xEA,0xEA,0x72,0x7B,0x74,0x74,0xF2,0xEA,0x6C,0x2C,0x38,0x39,0x39,
0x38,0x53,0x53,0x3E,0x53,0x3E,0x3E,0x2A,0xEA,0x90,0x50,0x25,0x90,0x90,0x24,0x23,0x23,0x7B,0x6D,0x25,0x7F,0x7A,0x23,0x24,0x24,
0x90,0x25,0x25,0x6E,0x5D,0x5F,0x6A,0x27,0x1E,0x25,0x5D,0x5F,0x5F,0x5F,0x26,0x26,0x21,0x66,0x6F,0x6F,0x0B,0x0A,0x0A,0x0A,0x09,
0x0A,0x0A,0x0A,0x0A,0x59,0x77,0x5F,0x6E,0x78,0x69,0x07,0x07,0x59,0x6F,0x0B,0x0B,0x78,0x0A,0x59,0x59,0x59,0x59,0x07,0x07,0x69,
0x70,0x70,0x70,0x04,0x45,0x1A,0x19,0x4C,0x12,0x22,0x25,0x5D,0x20,0x25,0x6A,0x2D,0x6A,0x26,0x5D,0x6A,0x9E,0x66,0x19,0x0C,0x1A,
0x1B,0x1B,0x6B,0x19,0x9D,0x85,0x0D,0x3C,0x63,0x53,0x6B,0x1C,0x86,0x85,0x85,0x85,0x86,0x5C,0x31,0x5B,0x15,0x5E,0x13,0xCD,0xD9,
0xC7,0x9F,0xC2,0xB7,0xB6,0xB6,0xB6,0xBC,0xB6,0xB6,0xA4,0xD9,0xCF,0xCF,0xCF,0xCA,0xCF,0xCA,0xD8,0xD0,0xE6,0x89,0xDF,0xB3,0xBC,
0xBE,0xBE,0xBE,0xBE,0xBE,0xBE,0xAF,0xBE,0xB2,0xCF,0xD0,0xD0,0xD8,0xD0,0xD1,0xD0,0xCA,0xD4,0xA3,0x0B,0x3C,0x92,0x39,0x34,0xED,
0x2A,0x29,0x2B,0x41,0x44,0x2A,0x34,0x7D,0x53,0x24,0xA9,0x72,0x12,0x72,0x12,0x72,0x72,0x72,0x22,0x22,0x7B,0x72,0x72,0x13,0x7A,
0x24,0x23,0x7B,0x8E,0xC3,0x7B,0x67,0x5F,0x5D,0x50,0x5F,0x74,0xF2,0x60,0x24,0x60,0x60,0x60,0x74,0x7B,0x7B,0xF2,0xA9,0xD7,0xA9,
0x7A,0x73,0x73,0x73,0x6D,0xF2,0x7B,0xF2,0x6D,0xF2,0x50,0x61,0x39,0x39,0x3E,0x3E,0x53,0x3E,0x53,0x3E,0x53,0x3E,0x90,0x7B,0x50,
0x50,0x90,0x21,0x24,0x24,0x23,0x72,0x7B,0x73,0xC3,0x4D,0x7B,0x22,0x60,0x24,0x24,0x25,0x6E,0x4E,0x5D,0x1E,0x6A,0x5F,0x25,0x5F,
0x5F,0x26,0x5F,0x26,0x5F,0x23,0x52,0x28,0x28,0x0B,0x6F,0x79,0x0A,0x0A,0x0A,0x0A,0x0A,0x09,0x8F,0x07,0x54,0x4E,0x42,0x8F,0x77,
0x6F,0x8F,0x07,0x59,0x0B,0x78,0x0A,0x59,0x59,0x59,0x59,0x59,0x76,0x69,0x69,0x69,0x46,0x70,0x05,0x04,0x1B,0x19,0x5C,0x10,0x6D,
0x24,0x25,0x4A,0x23,0x5F,0x27,0x6A,0x6A,0x26,0x26,0x51,0x65,0x0C,0x1B,0x1B,0x1B,0x1B,0x6B,0x1A,0x1C,0x9D,0x85,0x5C,0x79,0x3E,
0x53,0x95,0x1C,0x85,0x31,0x31,0x85,0x5C,0x31,0x16,0x84,0x11,0x5E,0x7A,0x7F,0xC3,0x7F,0xC6,0xAB,0xB6,0xB6,0xB6,0xBC,0xBC,0xB6,
0xDE,0x5E,0xCF,0xCF,0xCF,0xCF,0xCF,0xCE,0xD0,0xD0,0xCF,0x89,0xDF,0xBE,0xBE,0xBE,0xBE,0xBE,0xBE,0xBE,0xCC,0xBE,0xB3,0xC8,0xCF,
0xD0,0xD8,0xD0,0xD0,0xD0,0xD0,0xCA,0xC1,0x93,0x59,0x28,0x92,0x3D,0x3A,0x3A,0x2A,0x41,0x41,0x44,0x2A,0x3B,0x3C,0x75,0x70,0x26,
0xA9,0x12,0x72,0x5E,0x72,0x5E,0x12,0x72,0x72,0x72,0x72,0x22,0x72,0x72,0x13,0x22,0x25,0x74,0x22,0x6D,0x7F,0x6E,0x26,0x5F,0x5F,
0x5D,0x74,0x74,0x60,0x21,0x60,0x60,0x23,0x74,0x7B,0xF2,0x6D,0x6D,0xA9,0x7A,0x4D,0x7A,0x73,0x73,0x6D,0xF2,0x74,0xF2,0x73,0x74,
0x67,0x51,0x7D,0x3E,0x53,0x53,0x53,0x3E,0x53,0x3D,0x26,0x11,0x73,0x90,0x50,0x25,0x25,0x90,0x24,0x23,0x72,0x6D,0x13,0xC3,0x7A,
0x7B,0x74,0x23,0x60,0x24,0x90,0x25,0x25,0x6E,0x5D,0x67,0x6E,0x25,0x5D,0x5F,0x1E,0x5F,0x26,0x5D,0x22,0x4A,0x66,0x28,0x28,0x28,
0x6F,0x6F,0x3C,0x77,0x77,0x0A,0x0A,0x59,0x76,0x59,0x2B,0x57,0xB8,0xC8,0xDC,0xD0,0xD2,0x6D,0x65,0x59,0x0A,0x59,0x59,0x09,0x59,
0x59,0x76,0x69,0x53,0x53,0x53,0x69,0x46,0x05,0x04,0x1C,0x0D,0x0D,0x10,0x13,0x72,0x25,0x25,0x23,0x24,0x6A,0x2C,0x6A,0x6A,0x67,
0x29,0x87,0x0C,0x1B,0x1B,0x6B,0x1B,0x1B,0x1A,0x1C,0x1C,0x1C,0x18,0x16,0x8D,0x92,0x59,0x86,0x31,0x16,0x31,0x5C,0x17,0x31,0x32,
0x5B,0x84,0x5E,0x5E,0xA9,0xA9,0x7F,0xCD,0xD9,0xA6,0xB6,0xBC,0xBC,0xBC,0xBC,0xDE,0x8A,0xCF,0xCF,0xCF,0xCE,0xCA,0xCA,0xD8,0xD8,
0xCF,0xAA,0xDE,0xBE,0xBE,0xBE,0x98,0xBE,0xBE,0xBE,0xBE,0xAF,0xBE,0xC8,0xCE,0xD0,0xD0,0xD8,0xD8,0xD1,0xCF,0xC8,0xA3,0x93,0x69,
0x65,0x92,0x53,0x3D,0x3A,0x34,0x2A,0x29,0x2B,0x2A,0x3B,0x34,0x39,0x70,0x75,0x72,0x72,0x72,0x6D,0x5E,0x6D,0x72,0x12,0x72,0x72,
0x22,0x22,0x72,0x7B,0x6D,0x72,0x6E,0x22,0x22,0x23,0x7A,0x7A,0x6A,0x6A,0x67,0x5F,0x74,0x23,0x60,0x60,0x60,0x60,0x60,0x23,0x74,
0x72,0x6D,0xA9,0xA9,0xC3,0x4D,0x73,0x7A,0xA9,0x6D,0x7B,0x7B,0x73,0x7F,0x90,0x30,0x39,0x3E,0x53,0x3E,0x3E,0x3E,0x53,0x3D,0x4A,
0x10,0x13,0x7B,0x50,0x6C,0x50,0x25,0x24,0x24,0x23,0x6D,0x6D,0x7F,0x73,0x7B,0x72,0x22,0x22,0x23,0x24,0x24,0x25,0x25,0x6E,0x6E,
0x25,0x90,0x5D,0x50,0x5F,0x67,0x26,0x5D,0x7B,0x21,0x0E,0x66,0x2D,0x28,0x28,0x6F,0x6F,0x6F,0x78,0x0A,0x0A,0x7D,0x7D,0x7D,0x8F,
0x8D,0xB2,0xE1,0xCF,0xCF,0xE0,0xE5,0xD6,0xDD,0x8E,0x08,0x08,0x08,0x08,0x08,0x59,0x76,0x76,0x75,0x59,0x76,0x07,0x69,0x46,0x05,
0x0D,0x17,0x5C,0x0F,0x11,0x13,0x24,0x25,0x21,0x22,0x5D,0x6A,0x26,0x2D,0x26,0x27,0x51,0x0D,0x0C,0x1B,0x1B,0x6B,0x1B,0x1B,0x1B,
0x1A,0x1C,0x9D,0x18,0x80,0x8D,0x92,0x0A,0x5C,0x5B,0x31,0x31,0x17,0x33,0x32,0x5B,0x84,0xAE,0xDB,0x5E,0xA9,0xA9,0x7F,0xD9,0xD9,
0xA6,0xB6,0xBC,0xDE,0xBC,0xBC,0xA8,0xD2,0xCF,0xCA,0xCF,0xCE,0xCE,0xD0,0xD0,0xE6,0x89,0xDF,0xBE,0xBE,0x98,0xBE,0xBE,0xBE,0xBE,
0xBE,0xBE,0xAD,0xC9,0xCF,0xD8,0xD8,0xD0,0xD0,0xCA,0xE0,0x89,0xAF,0x93,0x46,0x0B,0x92,0x92,0x3E,0x3D,0x3A,0x3B,0x2A,0x2A,0x2A,
0x34,0x39,0x63,0x70,0x46,0x24,0xF2,0x72,0x5E,0x72,0x5E,0x72,0x72,0x72,0x72,0x22,0x22,0x7B,0x72,0x72,0x6D,0x6E,0x90,0x60,0x23,
0x7B,0x7F,0x74,0x27,0x6A,0x5F,0x7B,0x60,0x24,0x60,0x24,0x60,0x60,0x60,0x74,0x72,0x6D,0xA9,0x7A,0xCD,0x7F,0x7A,0x7A,0x73,0x6D,
0xF2,0x73,0x7F,0x7A,0x67,0x2C,0x38,0x53,0x53,0x53,0x53,0x3E,0x53,0x26,0x21,0x52,0xEA,0x21,0x50,0x6E,0x25,0x90,0x24,0x60,0x22,
0x6D,0x13,0x73,0x7B,0x7B,0x7B,0x72,0x22,0x60,0x24,0x24,0x90,0x25,0x90,0x24,0x24,0x4E,0x5D,0x5D,0x5D,0x5F,0x6E,0x6D,0x20,0x55,
0x26,0x26,0x2D,0x2D,0x28,0x28,0x0B,0x6F,0x6F,0x77,0x0B,0x6F,0x7D,0x07,0x07,0xB8,0xE1,0xD1,0xC8,0xAA,0x94,0xB5,0xB5,0x94,0xAA,
0x3D,0x06,0x06,0x06,0x07,0x76,0x75,0x78,0x78,0x78,0x59,0x07,0x06,0x46,0x05,0x0D,0x0E,0x49,0x0F,0x10,0x73,0x72,0x24,0x25,0x20,
0x4F,0x43,0x2D,0x2C,0x6A,0x6A,0x39,0x78,0x0D,0x17,0x0C,0x1C,0x1B,0x1A,0x1B,0x19,0x1C,0x5C,0x18,0x16,0x5B,0x8D,0x92,0x0A,0x31,
0x5B,0x5B,0x32,0x32,0x5B,0xAE,0x84,0xAE,0xDB,0xDB,0xDB,0xDB,0xA9,0x7A,0x7F,0xCD,0xC1,0xBC,0xDE,0xDE,0xBC,0xDE,0xC3,0xCF,0xD0,
0xD0,0xCA,0xD8,0xD0,0xD0,0xE6,0xA0,0xDF,0xBE,0xBE,0xBE,0xAF,0xBE,0xBE,0xBE,0xAD,0xBE,0xA4,0xC9,0xCF,0xD0,0xD1,0xD8,0xD1,0xCF,
0xC8,0xA3,0xAF,0xA4,0x04,0x59,0x8F,0x92,0x53,0x3D,0x39,0x3A,0x54,0x2A,0x54,0x35,0x39,0x3D,0x46,0x03,0x27,0xA9,0x72,0xF2,0x12,
0xF2,0x12,0x72,0x22,0x22,0x22,0x22,0x22,0x7B,0x72,0x6D,0x4F,0x5D,0x24,0x24,0x23,0x8E,0x7A,0x67,0x27,0x5D,0x74,0x60,0x60,0x60,
0x60,0x24,0x60,0x23,0x74,0x72,0x6D,0xD7,0x7F,0xCD,0xC3,0xC3,0x7F,0x7A,0x73,0x73,0x7A,0xC3,0xEA,0x67,0x29,0x92,0x53,0x3E,0x3E,
0x3E,0x53,0x3D,0x24,0x55,0x60,0xF2,0x50,0x25,0x25,0x25,0x90,0x24,0x23,0x7B,0x7B,0x73,0xF2,0x7B,0x22,0x74,0x22,0xE4,0x22,0x24,
0x4F,0x24,0x4F,0x22,0x60,0x6E,0x5F,0x5F,0x5D,0x5D,0x4F,0x13,0x20,0x5D,0x5D,0x5D,0x26,0x30,0x2D,0x28,0x28,0x28,0x6F,0x0A,0x0A,
0x78,0x76,0x69,0x05,0x53,0xD4,0xC7,0xA0,0xDF,0x82,0xB5,0x82,0xB5,0xB5,0x82,0x82,0xDF,0x88,0x7E,0x76,0x87,0x87,0x87,0x78,0x59,
0x59,0x07,0x69,0x46,0x05,0x1D,0x49,0x49,0x0F,0x4A,0x13,0x73,0x22,0x24,0x20,0x7B,0x5F,0x2D,0x6A,0x2C,0x26,0x2A,0x77,0x6F,0x0C,
0x1C,0x83,0x0C,0x0C,0x0C,0x1C,0x0D,0x9D,0x5C,0x0F,0x16,0x31,0x57,0x92,0x63,0x17,0x32,0x5B,0x5B,0x5E,0x5E,0x5E,0xDB,0xDB,0xAE,
0xAE,0xAE,0xDB,0xA9,0xA9,0x73,0xC3,0xC7,0xDE,0xDE,0xDE,0xDE,0x5A,0xCF,0xD0,0xD0,0xD0,0xD0,0xD8,0xD0,0xCA,0x93,0xDE,0xBE,0xBE,
0xBE,0xBE,0xBE,0xBE,0xAD,0xBE,0xAF,0xAD,0xC8,0xCF,0xD8,0xD8,0xD0,0xD0,0xCF,0xB8,0xAD,0xAF,0xB3,0x04,0x69,0x07,0x53,0x92,0x3E,
0x3D,0x3A,0x34,0x3B,0x3B,0x34,0x39,0x3D,0x46,0x00,0x53,0x74,0x72,0xF2,0x5E,0x72,0x72,0x72,0xE4,0x22,0x22,0x22,0x22,0x22,0x72,
0x13,0x22,0x5F,0x25,0x90,0x24,0x24,0x6D,0x74,0x29,0x50,0xF2,0x24,0x60,0x60,0x60,0x60,0x60,0x22,0x74,0x7B,0x6D,0xA9,0xD9,0xCD,
0x7F,0xC3,0x7F,0x7F,0x7A,0x73,0x7F,0xC3,0xF2,0x30,0x34,0x53,0x3E,0x53,0x53,0x3E,0x53,0x2A,0x21,0x67,0xEA,0x21,0x50,0x25,0x90,
0x90,0x24,0x60,0x23,0x7B,0x6D,0x6D,0x22,0x72,0x22,0x22,0x22,0x22,0x22,0x22,0x24,0x24,0x74,0x22,0x5D,0x5D,0x5F,0x5D,0x5D,0x24,
0x73,0x23,0x5D,0x50,0x5D,0x55,0x26,0x30,0x2D,0x28,0x28,0x0B,0x77,0x77,0x77,0x8F,0x07,0x05,0x45,0xB8,0x8A,0x81,0xDF,0xDF,0x82,
0xB5,0xB5,0x94,0xB5,0xB5,0xB5,0xDF,0xDF,0xDF,0x8F,0x65,0x87,0x0B,0x78,0x78,0x59,0x76,0x07,0x69,0x46,0x1D,0x49,0x49,0x33,0x33,
0x11,0x7A,0x72,0x23,0x24,0x7B,0x24,0x27,0x2D,0x2D,0x26,0x2B,0x63,0x61,0x67,0x48,0x17,0x17,0x0D,0x0C,0x0C,0x0C,0x0D,0x4C,0x0D,
0x5C,0x0F,0x49,0x40,0x92,0x7D,0x0F,0x80,0x5B,0x11,0x5E,0xDB,0xAE,0xAE,0xDB,0xEB,0xEB,0xAE,0xDB,0xDB,0xDB,0xA9,0xC3,0xC7,0xDF,
0xDF,0xDE,0xA4,0xD2,0xCF,0xD1,0xD0,0xD8,0xD0,0xD8,0xCF,0x89,0xDF,0xBC,0xBE,0xBE,0xAD,0xBE,0xAD,0xBE,0xAD,0xBE,0xBE,0xEB,0xCF,
0xD8,0xD0,0xD8,0xD0,0xE1,0x89,0xAD,0xAF,0xAD,0xC4,0x05,0x07,0x53,0x92,0x92,0x38,0x3D,0x3A,0x34,0x3B,0x34,0x3D,0x3D,0x46,0x00,
0x03,0x67,0xF2,0x72,0x72,0x72,0x22,0x24,0x4F,0x24,0xE4,0x22,0x22,0x22,0x22,0x6D,0x72,0x6A,0x5F,0x25,0x50,0x90,0x21,0xF2,0x67,
0x6E,0x7B,0x4F,0x60,0x60,0x23,0x60,0x24,0x23,0x74,0x72,0xF2,0xA9,0xC9,0xD9,0xC3,0xD9,0xC3,0x7F,0x7A,0x7F,0x7F,0xD9,0xF2,0x2C,
0x39,0x53,0x3E,0x53,0x3E,0x53,0x53,0xE3,0x6C,0x60,0x6D,0x6C,0x25,0x90,0x90,0x24,0x60,0x23,0x22,0x7B,0x13,0x7B,0x74,0x7B,0x72,
0x72,0x7B,0x74,0x22,0x74,0x7B,0xF2,0x7B,0x6E,0x5F,0x25,0x21,0x25,0x74,0x73,0x23,0x5D,0x5D,0x55,0x5D,0x55,0x26,0x2D,0x2D,0x28,
0x28,0x6F,0x0A,0x77,0x7D,0x76,0x46,0x04,0x7E,0xEB,0xDF,0x81,0xDE,0xDE,0xB5,0xBC,0xB6,0xB6,0xB6,0xB6,0x94,0xB5,0x81,0x81,0xC4,
0x78,0x78,0x0B,0x0B,0x0A,0x59,0x59,0x07,0x69,0x46,0x1D,0x0E,0x52,0x33,0x52,0x4A,0x13,0x73,0x22,0x23,0x23,0x7B,0x1E,0x27,0x2C,
0x26,0x6A,0x39,0x77,0x6C,0x27,0x48,0x1D,0x17,0x1D,0x0C,0x0D,0x0C,0x0C,0x0C,0x0C,0x0E,0x0E,0x44,0x83,0x9D,0x17,0x1C,0x1C,0x31,
0x11,0xDB,0xAE,0xAE,0xAE,0xEB,0xEB,0xAE,0xAE,0xDB,0xDB,0xDB,0x5E,0xD9,0x60,0xEC,0x81,0xDF,0x83,0xD1,0xCA,0xD1,0xD8,0xD1,0xD8,
0xCA,0xC7,0xDF,0xDE,0xBE,0xBE,0xBE,0xBE,0xBE,0xBE,0xBE,0xAD,0xBE,0xAA,0xE0,0xD0,0xD1,0xD0,0xCA,0xDD,0x93,0xAF,0x9A,0xAD,0x88,
0x04,0x69,0x07,0x69,0x92,0x3E,0x3D,0x39,0x3A,0x34,0x3A,0x3D,0x38,0x69,0x00,0x00,0x75,0x74,0x74,0x72,0x22,0x90,0x25,0x6E,0x25,
0x24,0x24,0x4F,0x24,0x22,0x72,0xF2,0x6A,0x6A,0x5D,0x50,0x5D,0x5D,0x21,0x60,0x60,0x74,0x90,0x60,0x23,0x60,0x60,0x60,0x23,0x74,
0x7B,0xF2,0x7A,0xD3,0xD9,0xC3,0xD9,0xC3,0xC3,0x7F,0x4D,0x7F,0xC3,0xF2,0x2C,0x38,0x53,0x53,0x3E,0x53,0x3E,0x38,0x6E,0x50,0x6D,
0x60,0x50,0x25,0x90,0x24,0x24,0x23,0x7B,0x72,0x6D,0x6D,0x74,0x22,0x22,0x7B,0x72,0x6D,0x6D,0x6D,0x6D,0x73,0x6D,0x6E,0x6E,0x24,
0x60,0x24,0x6D,0x73,0x21,0x6C,0x5D,0x5D,0x5D,0x67,0x26,0x2D,0x2D,0x2D,0x28,0x6F,0x0A,0x77,0x77,0x7D,0x07,0x05,0x00,0x89,0xB9,
0xBD,0xDE,0xB6,0x94,0xB6,0x94,0xC2,0xC2,0xC2,0xC2,0xB6,0xB6,0xDF,0xBD,0xEC,0x76,0x78,0x78,0x0B,0x78,0x0A,0x59,0x76,0x07,0x07,
0x1E,0x26,0x49,0x5D,0x49,0x4A,0x13,0x7A,0x72,0x22,0x23,0x7B,0x4F,0x27,0x2D,0x2C,0x26,0x3B,0x7D,0x67,0x67,0x2E,0x79,0x0C,0x0C,
0x43,0x43,0x44,0x79,0x79,0x48,0x0C,0x1D,0x0E,0x49,0x1B,0x95,0x1B,0x1B,0x1B,0x0F,0x5E,0xAE,0xAE,0xAE,0xEB,0xEB,0xEB,0xEB,0xAE,
0xAE,0xAE,0xAE,0x72,0xD9,0xEF,0xEC,0xBD,0xEC,0x51,0xC9,0xD1,0xCA,0xD0,0xD1,0xD1,0xD4,0xDF,0xDE,0xB3,0xB3,0xB3,0xBE,0xB3,0xAD,
0xBE,0xAD,0xBE,0xA3,0xC9,0xCF,0xD8,0xD1,0xCA,0xD5,0xA4,0xAF,0xAD,0xBE,0xA4,0x04,0x04,0x07,0x46,0x7E,0x53,0x3E,0x3D,0x39,0x3A,
0x3A,0x38,0x3D,0x69,0x00,0x00,0x69,0x6E,0x24,0x6E,0x6E,0x5D,0x5F,0x5D,0x5F,0x25,0x4F,0x25,0x90,0x24,0x22,0x7B,0x6A,0x2B,0x5F,
0x5D,0x5F,0x5F,0x67,0x60,0xF2,0x60,0x24,0x60,0x60,0x23,0x23,0x60,0x23,0x74,0x7B,0x72,0x7A,0xD2,0xCD,0xC3,0xD9,0xD9,0xC3,0x7A,
0x7A,0x7A,0x7F,0x7B,0x2E,0x3E,0x3E,0x53,0x53,0x3E,0x53,0x34,0x90,0x60,0xF2,0x50,0x25,0x90,0x24,0x24,0x60,0x23,0x7B,0x6D,0x6D,
0x7B,0x22,0x22,0x22,0x72,0x6D,0xA9,0x73,0x73,0x7A,0xA9,0x25,0x90,0x23,0x23,0x23,0x73,0x73,0x60,0x25,0x6C,0x50,0x5D,0x67,0x26,
0x2C,0x2C,0x2D,0x28,0x28,0x6F,0x6F,0x3C,0x77,0x8F,0x05,0x02,0x88,0xC7,0x02,0x71,0xDE,0xB7,0xB7,0xC2,0xC2,0xB7,0xB7,0xB7,0xB7,
0xC2,0xC2,0xB5,0xEC,0x00,0x07,0x78,0x78,0x0B,0x0B,0x78,0x7D,0x59,0x76,0x69,0x1F,0x1D,0x5D,0x5D,0x33,0x25,0x23,0x4D,0x73,0x7B,
0x23,0x7B,0x72,0x6A,0x27,0x2C,0x26,0x2B,0x7D,0x2F,0x50,0x27,0x29,0x29,0x83,0x44,0x44,0x44,0x79,0x79,0x44,0x2D,0x26,0x4A,0x83,
0x0A,0x1B,0x1B,0x1C,0x1B,0x17,0x32,0xA9,0xAE,0xAE,0xEB,0xEB,0xEB,0xAE,0xEB,0xEB,0xEB,0xEB,0x1F,0x22,0xD9,0x89,0x81,0xEC,0x45,
0xC4,0x2B,0xEA,0xD2,0xCF,0xD1,0xD1,0x89,0xDF,0xDE,0xDE,0xB3,0xB3,0xA4,0xB3,0xA4,0xBE,0xAD,0xA4,0xA9,0xCF,0xD1,0xD8,0xCA,0xC8,
0xA3,0xAF,0xAD,0xA4,0xA4,0xC4,0x01,0x05,0x07,0xC4,0x7E,0x92,0x3E,0x3D,0x3A,0x39,0x3D,0x38,0x53,0x01,0x00,0x03,0x2E,0x25,0x5F,
0x5F,0x5F,0x5F,0x5F,0x5F,0x5F,0x25,0x6E,0x25,0x25,0x24,0x23,0x5F,0x44,0x6A,0x5F,0x67,0x67,0x67,0x50,0x7B,0x60,0x90,0x24,0x60,
0x60,0x60,0x60,0x22,0x74,0x72,0xF2,0x7F,0xD2,0xD9,0xC3,0xD9,0xC3,0x7F,0x7A,0x7A,0x73,0x73,0x60,0x2E,0x53,0x53,0x53,0x3E,0x3E,
0x53,0x2B,0x21,0xEA,0x21,0x50,0x25,0x90,0x24,0x24,0x23,0x7B,0x6D,0x6D,0x6D,0x23,0x23,0x22,0x74,0x72,0x6D,0x13,0x73,0x7A,0x73,
0x23,0x7B,0x7B,0x22,0xF2,0x7A,0x73,0x23,0x25,0x50,0x25,0x5D,0x67,0x6A,0x2D,0x2C,0x2D,0x2D,0x28,0x0B,0x29,0x51,0x51,0x63,0x69,
0x05,0x00,0xC1,0xD9,0x71,0xBD,0xB5,0xB7,0xC2,0xB7,0xB7,0xBA,0xBA,0xBA,0xBA,0xB7,0xB7,0xB5,0x71,0x00,0x07,0x78,0x78,0x28,0x87,
0x78,0x78,0x7D,0x76,0x69,0x12,0x33,0x26,0x52,0x4E,0x33,0x20,0x73,0x4D,0x6D,0x22,0x22,0x8E,0x5A,0x27,0x2D,0x6A,0x27,0x63,0x61,
0x50,0x2C,0x29,0x68,0x29,0x44,0x43,0x44,0x27,0x27,0x27,0x43,0x55,0x11,0x0C,0x1B,0x1B,0x95,0x95,0x8D,0x1B,0x49,0x72,0xDB,0xAE,
0xE4,0xEB,0xEB,0xEB,0xEB,0xEB,0xEB,0x5A,0x4E,0x5A,0x12,0x7A,0xA8,0xBD,0xC4,0xC4,0x45,0x45,0x46,0x90,0xC9,0xCA,0xC7,0x81,0xDE,
0xDE,0xDE,0xDE,0xB3,0xA4,0xB3,0xA4,0xAD,0xBE,0x8A,0xE0,0xD8,0xD1,0xCF,0xC7,0xA4,0xAF,0xAD,0xB3,0xA4,0xDF,0xEC,0x01,0x04,0x69,
0x07,0x7E,0x92,0x53,0x3D,0x3D,0x38,0x38,0x3E,0x03,0x00,0x01,0x38,0x5F,0x6E,0x5D,0x5F,0x5F,0x67,0x67,0x5F,0x5F,0x5D,0x50,0x50,
0x90,0x24,0x5F,0x41,0x27,0x67,0x26,0x6A,0x26,0x67,0x60,0x74,0x90,0x24,0x60,0x24,0x60,0x60,0x23,0x22,0x7B,0x72,0xD9,0xD3,0xC3,
0xC3,0xD9,0xC3,0x4D,0x7A,0x73,0x73,0x73,0x21,0x68,0x3E,0x3E,0x53,0x3E,0x53,0x3E,0x5F,0xEA,0x7B,0x25,0x25,0x90,0x21,0x24,0x23,
0x22,0xF2,0x6D,0x13,0x7B,0x23,0xE4,0x23,0x7B,0x6D,0x73,0x73,0x7A,0x7A,0xA9,0x73,0x6D,0x7B,0x73,0xC3,0xEA,0x23,0x90,0x25,0x25,
0x50,0x67,0x26,0x2C,0x2C,0x2D,0x2D,0x28,0x28,0x28,0x51,0x51,0x51,0x76,0x07,0x05,0x7E,0xD4,0xC8,0xB5,0xDF,0xB6,0xB7,0xB7,0xBA,
0xBA,0xBA,0xBA,0xBA,0xBA,0xBA,0xC2,0x94,0x81,0x46,0x77,0x78,0x87,0x2F,0x2F,0x87,0x78,0x7D,0x53,0x69,0x14,0x13,0x4E,0x5D,0x52,
0x4E,0x52,0x12,0x7F,0x7A,0x72,0x22,0x7B,0x7B,0x6A,0x2D,0x2C,0x26,0x34,0x77,0x55,0x6A,0x2E,0x2A,0x51,0x44,0x43,0x44,0x43,0x1D,
0x26,0x5F,0x26,0x4B,0x17,0x1B,0x99,0x95,0x99,0x99,0x1B,0x0C,0x1F,0xE4,0xE4,0xEB,0x5A,0xEB,0xEB,0xEB,0x5A,0xB8,0xB8,0x4E,0x1E,
0x4E,0x7B,0xD7,0x88,0x45,0xC4,0xC4,0xC4,0x71,0x00,0x04,0x2E,0xD1,0x93,0xDF,0xDF,0xDE,0xDE,0xDE,0xB3,0xA4,0xA4,0xA4,0xA4,0xA4,
0xC9,0xCF,0xD1,0xCF,0xB2,0xAD,0xAF,0xAD,0xA4,0xA4,0xDF,0x81,0x01,0x00,0x00,0x46,0x78,0x8F,0x3E,0x3E,0x38,0x3D,0x38,0x38,0x70,
0x00,0x01,0x70,0x29,0x50,0x5F,0x67,0x67,0x6A,0x26,0x6A,0x5F,0x5F,0x5D,0x5D,0x50,0x25,0x5D,0xED,0x2B,0x6A,0x6A,0x6A,0x26,0x67,
0x6C,0x7B,0x90,0x90,0x24,0x24,0x24,0x60,0x23,0x74,0x7B,0x72,0xD9,0xD3,0xC3,0xC3,0xC3,0x7F,0x7F,0x7A,0x73,0x73,0xEA,0x6C,0x34,
0x53,0x3E,0x38,0x53,0x38,0x38,0x60,0x73,0x90,0x50,0x25,0x25,0x24,0x23,0x23,0x7B,0x6D,0x6D,0x6D,0x22,0x22,0x22,0x7B,0x6D,0x13,
0x7A,0x4D,0x7A,0x7A,0x4D,0x73,0x6D,0x7F,0xC3,0x6D,0x23,0x90,0x25,0x25,0x50,0x5D,0x67,0x26,0x26,0x26,0x2C,0x2D,0x2D,0x27,0x2A,
0x51,0x51,0x7D,0x7D,0x07,0x06,0x42,0xE6,0xB8,0xDF,0x82,0xB7,0xBA,0xBA,0xBA,0xBA,0xF5,0xF7,0xF7,0xF7,0xF5,0xBA,0xB0,0xB5,0x3A,
0x78,0x87,0x65,0x2E,0x65,0x87,0x78,0x76,0x53,0x69,0x10,0x4D,0x5E,0x5D,0x52,0x25,0x25,0x23,0x4D,0x4D,0x6D,0x22,0x22,0x6D,0x6E,
0x27,0x6A,0x67,0x41,0x7D,0x67,0x67,0x27,0x61,0x2A,0x51,0x29,0x57,0x27,0x43,0x6A,0x26,0x5D,0x11,0x31,0x1B,0x99,0x99,0x99,0x99,
0x1B,0x8D,0x44,0xEB,0x4F,0x5A,0x5A,0x5A,0x5A,0x5A,0x5A,0x5A,0x1E,0x42,0x1E,0x1E,0x5D,0x6D,0xD7,0x7E,0x46,0x7E,0x46,0xEC,0x00,
0x00,0x00,0x2F,0xC8,0xDF,0xDE,0xDE,0xDE,0xDE,0xB3,0xBE,0xBE,0xBE,0xA4,0xA4,0x8A,0xD1,0xD8,0xCA,0xB2,0xAD,0xAF,0xAD,0x3F,0x7E,
0x81,0xEC,0x01,0x01,0x01,0x00,0x05,0x76,0x59,0x63,0x3E,0x63,0x38,0x3D,0x46,0x00,0x71,0x02,0x38,0x67,0x5F,0x67,0x6A,0x6A,0x67,
0x67,0x5F,0x67,0x5F,0x67,0x5F,0x6E,0x5D,0x2A,0x2A,0x6A,0x6A,0x6A,0x6A,0x67,0x67,0x24,0x7B,0x11,0x12,0x24,0x90,0x60,0x60,0x22,
0x74,0x72,0xD9,0xD3,0x7F,0x4D,0x7F,0x7F,0x4D,0x7A,0x7A,0x7A,0xEA,0x5D,0x39,0x53,0x53,0x53,0x3E,0x53,0xED,0x73,0x23,0x50,0x25,
0x90,0x90,0x24,0x23,0x22,0x6D,0x6D,0x73,0x72,0x7B,0x7B,0x72,0x6D,0x73,0x4D,0x4D,0x7F,0xC3,0x7F,0x73,0x13,0xC3,0x7F,0x7B,0x23,
0x90,0x25,0x90,0x25,0x50,0x5D,0x67,0x26,0x67,0x26,0x2D,0x2C,0x27,0x29,0x29,0x2A,0x77,0x77,0x76,0x76,0x76,0xC7,0xCA,0xA5,0x82,
0xB6,0xB7,0xB7,0xBA,0xF5,0xF7,0xF7,0xC6,0xF7,0xC5,0xF1,0xF1,0xB1,0x96,0x3A,0x87,0x2F,0x2F,0x2D,0x2F,0x61,0x75,0x38,0x53,0x53,
0x20,0x11,0x4D,0x1F,0x5D,0x52,0x6E,0x4A,0x13,0x7F,0x73,0x72,0x23,0x7B,0x74,0x27,0x2C,0x26,0x27,0x63,0x2E,0x50,0x2E,0x29,0x68,
0x68,0x51,0x44,0x44,0x2B,0x27,0x43,0x25,0x14,0x17,0x1B,0x1B,0x95,0x99,0x95,0x8D,0x8D,0x3E,0x51,0x4F,0xEB,0x5A,0x5A,0x5A,0x5A,
0xB8,0x4E,0xB8,0x42,0x43,0x42,0x1D,0x25,0x6D,0xDB,0x3E,0x7E,0x69,0xC4,0x00,0x01,0x00,0x00,0x21,0xA3,0xDF,0xDF,0xDE,0xDE,0xB3,
0xBE,0xBE,0xBE,0xAF,0xBE,0xA4,0xEB,0xE0,0xCA,0xB2,0x9A,0xA6,0xA4,0xC4,0x04,0x02,0x02,0x01,0x01,0x01,0x00,0x02,0x71,0x45,0x53,
0x63,0x38,0x3D,0x38,0x53,0x01,0x00,0x01,0x46,0x27,0x5F,0x5F,0x5F,0x5F,0x5F,0x67,0x67,0x6A,0x6A,0x67,0x5D,0x50,0x5F,0x2B,0x2A,
0x27,0x6A,0x6A,0x26,0x6A,0x6A,0x50,0x7B,0x49,0x10,0x13,0x22,0x25,0x24,0x60,0x74,0x72,0xD9,0xD3,0x4D,0x7A,0x4D,0x7F,0x4D,0x7A,
0x73,0x7A,0x6D,0x26,0x37,0x53,0x3E,0x3E,0x3E,0x92,0x5F,0x73,0x25,0x6C,0x6C,0x25,0x21,0x60,0x23,0x7B,0x6D,0x13,0x73,0x12,0x6D,
0x6D,0x13,0x73,0x4D,0x7F,0x7F,0xD9,0x7F,0x7A,0x7F,0xC3,0x7A,0x7B,0x23,0x24,0x25,0x25,0x25,0x50,0x5D,0x5F,0x5D,0x67,0x67,0x26,
0x30,0x27,0x2A,0x29,0x51,0x61,0x3C,0x77,0x77,0x59,0x3A,0xD5,0xE5,0x94,0xDE,0xB6,0xB7,0xBA,0xBA,0xF5,0xF7,0xF7,0xF7,0xF7,0xF7,
0xF7,0xF1,0xF1,0xA6,0x3B,0x66,0x30,0x66,0x2F,0x51,0x75,0x38,0x38,0x53,0x69,0x20,0x20,0x11,0x13,0x4E,0x5D,0x25,0x25,0x20,0x7A,
0x7A,0x72,0x22,0x20,0x6D,0x4E,0x27,0x26,0x67,0x3C,0x9E,0x50,0x27,0x29,0x29,0x68,0x51,0x51,0x2B,0x2B,0x43,0x27,0x20,0x14,0x31,
0x1B,0x1B,0x95,0x95,0x95,0x1B,0x8D,0x3E,0x92,0x51,0x5A,0x4F,0x5A,0xEF,0x5A,0x6E,0x4E,0x1E,0x1E,0x42,0x27,0x1E,0x5D,0x25,0x7B,
0x22,0x3D,0x92,0x7E,0x71,0x00,0x01,0x00,0x01,0x07,0xDF,0xDE,0xDE,0xDE,0xDE,0xBE,0xBE,0xAD,0xBE,0xAF,0xAF,0xA4,0x4E,0xC9,0xB8,
0xA3,0xA4,0x7E,0x45,0x71,0x01,0x01,0x01,0x00,0x00,0x01,0x02,0x05,0xC4,0x69,0x63,0x38,0x63,0x7D,0x76,0x71,0x00,0x00,0x70,0x9E,
0x67,0x5F,0x67,0x5F,0x26,0x6A,0x26,0x6A,0x67,0x5F,0x50,0x5D,0x67,0x27,0x2A,0x27,0x67,0x67,0x6A,0x6A,0x6A,0x5F,0x23,0x21,0x26,
0x20,0x4D,0x7B,0x25,0x24,0x22,0x74,0xC9,0xCD,0x7A,0x7A,0x7A,0x4D,0x7A,0x7A,0x7A,0x7F,0x7B,0x2C,0x38,0x3E,0x53,0x53,0x53,0x3A,
0x13,0x11,0x10,0x10,0x20,0x20,0x24,0x60,0x22,0x6D,0x13,0x73,0x6D,0x6D,0x13,0x73,0x4D,0x7F,0x4D,0x7F,0xCD,0xC3,0x4D,0xC3,0xC3,
0x6D,0x7B,0x23,0x24,0x24,0x25,0x25,0x50,0x50,0x5D,0x5D,0x67,0x67,0x55,0x26,0x2E,0x54,0x29,0x29,0x2A,0x51,0x6F,0x77,0x77,0x79,
0x40,0xD4,0xE5,0xB6,0xBC,0xB6,0xB7,0xBA,0xC5,0xF7,0xF5,0xF7,0xF7,0xF7,0xF7,0xF7,0xF1,0xF1,0xA6,0x41,0x2C,0x2F,0x51,0x7D,0x3E,
0x53,0x53,0x69,0x69,0x69,0x21,0x20,0x20,0x13,0x22,0x1E,0x5D,0x25,0x25,0x7B,0x7A,0x6D,0x22,0x4F,0x7B,0x22,0x6A,0x6A,0x26,0x44,
0x77,0x67,0x67,0x29,0x29,0x2A,0x51,0x51,0x29,0x1E,0x1E,0x27,0x22,0x14,0x49,0x17,0x8C,0x1B,0x8C,0x95,0x1B,0x8D,0x3E,0x92,0x92,
0x34,0x4F,0xEB,0x4F,0x5A,0x5A,0x4E,0x1E,0x6A,0x43,0x42,0x6A,0x1E,0x5D,0x50,0x24,0x24,0x3D,0x7E,0xC4,0x71,0x01,0x45,0x00,0xB4,
0x92,0xDE,0xDE,0xDE,0xDE,0xB3,0xBE,0xBE,0xBE,0xAD,0xAF,0xAD,0x92,0xC4,0x05,0x05,0x45,0x71,0x45,0x01,0x01,0x01,0x01,0x01,0x01,
0x01,0x01,0x46,0x69,0x53,0x63,0x39,0x39,0x39,0x7D,0x70,0x00,0x71,0x71,0x69,0x2C,0x26,0x67,0x67,0x6A,0x67,0x6A,0x67,0x67,0x5F,
0x5F,0x67,0x67,0x6A,0x41,0x27,0x67,0x6A,0x6A,0x6A,0x6A,0x67,0x50,0x74,0x25,0x25,0x24,0x7F,0x22,0x90,0x60,0xE4,0xD9,0xCD,0x7A,
0x7A,0x7A,0x7A,0x7A,0x7A,0x4D,0xC3,0x23,0x2D,0x38,0x3E,0x3E,0x53,0x3E,0x6D,0x14,0x18,0x5C,0x18,0x16,0x80,0x14,0x12,0x7B,0x6D,
0x73,0x6D,0x6D,0x73,0x7A,0x7F,0x7F,0x7F,0xD9,0xCD,0xD9,0xC3,0xC3,0x7A,0x8E,0x22,0x22,0x23,0x24,0x90,0x25,0x50,0x50,0x50,0x5D,
0x67,0x67,0x26,0x6A,0x29,0x51,0x29,0x29,0x29,0x61,0x61,0x6F,0x6F,0x28,0x54,0xB8,0xE1,0xE5,0xB6,0xB6,0xB7,0xBA,0xC5,0xC5,0xF7,
0xF7,0xF7,0xF7,0xF7,0xF7,0xF7,0xF7,0xF1,0xB0,0x41,0x6F,0x63,0x53,0x3E,0x38,0x3E,0x38,0x39,0xF6,0x2E,0x20,0x20,0x20,0x23,0x13,
0x5A,0x5D,0x25,0x25,0x20,0x73,0x73,0x23,0x24,0x24,0x7B,0x4E,0x2C,0x67,0x27,0x63,0x2F,0x5F,0x27,0x29,0x61,0x68,0x51,0x51,0x5D,
0x6E,0x26,0x11,0x5E,0x17,0x17,0x86,0x8C,0x9C,0x1B,0x1B,0x57,0x56,0x53,0x92,0x92,0x77,0x4F,0xE4,0x4F,0x5A,0x5F,0x1E,0x1E,0x6A,
0x1E,0x6A,0x6A,0x6A,0x26,0x26,0x24,0x6E,0x92,0xC4,0xC4,0x05,0xC4,0x05,0x02,0x70,0xA8,0xDE,0xDE,0xDE,0xBC,0xBE,0xBE,0xAD,0xBE,
0xBE,0xA0,0x7E,0x03,0x71,0x02,0x01,0x01,0x01,0x01,0x01,0x01,0x01,0x02,0x01,0x01,0x45,0x69,0x63,0x3E,0x3D,0x77,0x39,0x77,0x34,
0x69,0x00,0x02,0x45,0x70,0x61,0x2C,0x6A,0x67,0x5F,0x5F,0x5F,0x67,0x67,0x5F,0x67,0x67,0x50,0x5F,0x2A,0x27,0x67,0x67,0x6A,0x6A,
0x6A,0x6A,0x67,0x23,0x60,0x6E,0x50,0x60,0x73,0x25,0x60,0xE4,0xD9,0xC3,0x13,0xA9,0x13,0x7A,0x7A,0x7A,0x7A,0xC3,0x23,0x2E,0x3E,
0x53,0x3E,0x92,0x22,0x14,0x85,0x1C,0x1C,0x1C,0x85,0x16,0x9B,0xA1,0x4D,0x13,0x6D,0x12,0x13,0x73,0x4D,0x7F,0x4D,0xC3,0xD3,0xCD,
0xCD,0xC3,0x73,0x7B,0x22,0x22,0x23,0x24,0x21,0x90,0x25,0x25,0x50,0x50,0x5D,0x67,0x67,0x2D,0x51,0x51,0x51,0x51,0x6F,0x61,0x2E,
0x28,0x2E,0x2D,0x27,0x41,0xB8,0xE9,0xDA,0xB0,0xC2,0xB0,0xBA,0xC5,0xF5,0xF5,0xF7,0xF7,0xF7,0xF7,0xF7,0xF7,0xF1,0xB1,0xAC,0xA0,
0x53,0x3E,0x3D,0x39,0x34,0x2E,0x2C,0x67,0x2C,0x61,0x20,0x20,0x21,0x20,0x12,0x74,0x5D,0x25,0x25,0x25,0x22,0x73,0x74,0x24,0x21,
0x7B,0x74,0x6A,0x26,0x6A,0x3C,0x61,0x50,0x2C,0x29,0x2A,0x2A,0x51,0x34,0x2E,0x25,0x5F,0x22,0x11,0x33,0x17,0x5C,0x86,0x9C,0x1B,
0x9C,0x44,0x41,0x3D,0x92,0x92,0x92,0x51,0x1F,0xE4,0x90,0x6E,0x5F,0x1E,0x6A,0x1E,0x6A,0x43,0x27,0x27,0x6A,0x67,0x60,0x2B,0x7E,
0x7E,0x69,0x92,0x46,0xC4,0x02,0x05,0x82,0xDE,0xDE,0xDE,0xB3,0xBE,0xAD,0xBE,0xA4,0xC4,0x45,0x01,0x01,0x01,0x01,0x01,0x01,0x01,
0x01,0x01,0x71,0x03,0xC4,0xC4,0x70,0x92,0x56,0x40,0x56,0x54,0x51,0x34,0x51,0x53,0x01,0x71,0x45,0x03,0x76,0x2C,0x6A,0x67,0x67,
0x5F,0x6A,0x6A,0x6A,0x67,0x6A,0x67,0x50,0x50,0x2A,0x27,0x5F,0x67,0x2C,0x27,0x27,0x27,0x2C,0x6C,0x74,0x5F,0x5F,0x5F,0xF2,0x7B,
0x90,0x24,0xD9,0x7F,0xF2,0x6D,0xA9,0x13,0x73,0x73,0x4D,0xC3,0x23,0x28,0x3E,0x38,0x92,0x25,0x4D,0x85,0x1C,0x1C,0x1B,0x1C,0x18,
0x85,0x5C,0x80,0xA1,0x73,0x7B,0x6D,0x73,0x4D,0x4D,0x4D,0xD9,0xD3,0xCD,0xCD,0x4D,0x6D,0x7B,0x7B,0x22,0x23,0x24,0x21,0x24,0x25,
0x50,0x50,0x50,0x5D,0x5D,0x67,0x2D,0x2A,0x51,0x51,0x51,0x51,0x51,0x51,0x61,0x28,0x2F,0x1D,0x42,0x57,0xB2,0xE1,0xD0,0xAC,0xC2,
0xBF,0xCB,0xC5,0xF5,0xF7,0xF7,0xF7,0xF7,0xF7,0xF7,0xF7,0xC5,0xB0,0x9F,0x56,0x77,0x54,0x27,0x55,0x52,0x4A,0x6C,0x7C,0x66,0x2F,
0x20,0x24,0x21,0x20,0x11,0x13,0x25,0x5D,0x5D,0x25,0x21,0x7B,0x72,0x60,0x24,0x24,0x6D,0x6E,0x6A,0x67,0x41,0x77,0x50,0x6A,0x2E,
0x68,0x51,0x51,0x51,0x34,0x29,0x6A,0x20,0x11,0x32,0x17,0x31,0x5C,0x1B,0x9C,0x8D,0x3B,0x41,0x41,0x3E,0x92,0x92,0x92,0x29,0x4F,
0x4F,0x6E,0x4E,0x5F,0x1E,0x6A,0x6A,0x27,0x27,0x27,0x27,0x6A,0x26,0x60,0xED,0x7E,0x53,0x53,0x92,0x7E,0xC4,0x45,0xEC,0x82,0xDE,
0xDE,0xB5,0xB3,0xB3,0xA3,0x7E,0x01,0x01,0x01,0x01,0x01,0x01,0x45,0xEC,0xC4,0x91,0x45,0x03,0xC4,0x88,0xA0,0x92,0x92,0x3F,0x89,
0x40,0x40,0x2B,0x51,0x68,0x7D,0x04,0x71,0x45,0x45,0x70,0x61,0x27,0x2C,0x67,0x67,0x6A,0x67,0x6A,0x6A,0x67,0x5F,0x5F,0x90,0x27,
0x34,0x5F,0x2C,0x2E,0x29,0x29,0x2E,0x27,0x67,0x23,0x6E,0x6A,0x67,0x25,0xEA,0x24,0x4F,0x7F,0x7F,0x72,0x72,0x6D,0x13,0xA9,0x73,
0x7A,0xD9,0x23,0x29,0x38,0x92,0x5F,0xC3,0x9B,0x1C,0x1B,0x1B,0x1B,0x85,0x85,0x5C,0x86,0x5C,0x14,0x14,0x7B,0x73,0x7A,0x7A,0x7A,
0xD9,0xD3,0xCD,0xC3,0x73,0x6D,0x12,0x22,0x22,0x23,0x60,0x24,0x25,0x90,0x25,0x25,0x6C,0x50,0x50,0x26,0x2E,0x29,0x6F,0x28,0x6F,
0x77,0x77,0x51,0x6F,0x28,0x28,0x2D,0x6A,0x42,0x57,0xC7,0xE1,0xD0,0xC6,0xB0,0xAB,0xBA,0xC5,0xF5,0xF5,0xF7,0xF7,0xF7,0xF7,0xF5,
0xF5,0xF1,0xB0,0x97,0x40,0x7C,0x4A,0x4A,0x4C,0x0E,0x4C,0x66,0x66,0x65,0x0B,0x22,0x20,0x20,0x21,0x20,0x12,0x22,0x5D,0x5D,0x5D,
0x25,0x23,0x6D,0x7B,0x24,0x21,0x7B,0x74,0x6A,0x26,0x6A,0x77,0x67,0x5F,0x2E,0x29,0x68,0x68,0x51,0x51,0x34,0x29,0x23,0x4B,0x32,
0x33,0x31,0x5C,0x17,0x83,0x57,0x3B,0x3A,0x41,0x41,0x3E,0x92,0x92,0x53,0x28,0x5A,0x6E,0x6E,0x5F,0x67,0x6A,0x27,0x27,0x2B,0x44,
0x27,0x27,0x6A,0x25,0x60,0x35,0x3E,0x38,0x8F,0x53,0x53,0x7E,0x04,0xEC,0xB5,0xDE,0xDE,0xA4,0xB3,0xA8,0x45,0x01,0x01,0x01,0x01,
0x01,0x01,0x03,0x7E,0x88,0x88,0x88,0xC4,0x92,0x3F,0x40,0x89,0x3F,0x3F,0x40,0x89,0xAA,0x57,0x42,0x28,0x51,0x53,0x70,0x91,0x70,
0xC4,0x75,0x2F,0x2D,0x67,0x67,0x6A,0x67,0x6A,0x6A,0x67,0x67,0x50,0x90,0x67,0x3D,0x2C,0x5F,0x29,0x2A,0x2A,0x29,0x27,0x2C,0x90,
0x23,0x6A,0x6A,0x5F,0x23,0x74,0x90,0x7F,0x7A,0x7B,0x74,0x72,0x6D,0x12,0x13,0x7A,0xD9,0x23,0x29,0x53,0x1E,0xC3,0x13,0x16,0x1C,
0x1C,0x1B,0x1C,0x85,0x85,0x5C,0x5C,0x5C,0x80,0x12,0x6D,0x73,0x13,0x73,0xCD,0xD3,0xCD,0x4D,0x73,0x12,0x12,0x7B,0x7B,0x22,0x22,
0x24,0x90,0x25,0x25,0x6C,0x90,0x25,0x50,0x6A,0x28,0x28,0x29,0x6F,0x6F,0x28,0x2F,0x6F,0x78,0x61,0x87,0x2E,0x2C,0x1E,0x42,0xB8,
0xD5,0xE1,0xCF,0xE2,0xB0,0xB1,0xB1,0xC5,0xF5,0xF5,0xF7,0xF7,0xF7,0xF5,0xF7,0xF5,0xB1,0xC2,0x94,0x3B,0x65,0x65,0x2F,0x65,0x2F,
0x65,0x65,0x0B,0x78,0x77,0x20,0x20,0x20,0x20,0x20,0x22,0x7B,0x6E,0x5D,0x5D,0x25,0x25,0x7B,0x72,0x24,0x4F,0x24,0x7B,0x90,0x26,
0x5F,0x3C,0x2F,0x50,0x27,0x29,0x29,0x51,0x68,0x51,0x51,0x51,0x22,0x72,0x33,0x49,0x33,0x31,0x49,0x1D,0x1E,0x41,0x3A,0x3A,0x3B,
0xED,0x53,0x92,0x92,0x53,0x27,0x4E,0x5F,0x5F,0x5F,0x6A,0x6A,0x27,0x27,0x2B,0x27,0x27,0x6A,0x67,0x50,0x90,0x2A,0x38,0x38,0x8F,
0x53,0x07,0x7E,0x04,0xBD,0xDE,0xDE,0xDE,0xA4,0xA8,0xEC,0x01,0x01,0x01,0x01,0x02,0x91,0xC4,0x88,0x3F,0xA0,0x40,0x56,0x3F,0x56,
0x89,0x97,0x89,0xA0,0x93,0x89,0xAA,0xAA,0xAA,0x57,0x57,0x40,0x56,0x3E,0x3F,0x3F,0x56,0x3B,0x57,0x42,0x4E,0x4E,0x1E,0x1E,0x5F,
0x90,0x90,0x6E,0x90,0x50,0x39,0x63,0x30,0x61,0x9E,0x51,0x68,0x29,0x2C,0x67,0x74,0x6E,0x6A,0x5F,0x50,0x7B,0x4F,0x7F,0x73,0x7B,
0x23,0x7B,0x72,0xF2,0x13,0x73,0xCD,0x23,0x3C,0x5F,0xD9,0x73,0x14,0x8B,0x1C,0x1B,0x1B,0x1B,0x1C,0x9D,0x1C,0x5C,0x31,0x5B,0x11,
0x13,0x6D,0x73,0xCD,0xCD,0xC3,0x4D,0x6D,0x12,0x6D,0x12,0x72,0x7B,0x22,0x23,0x21,0x90,0x25,0x90,0x90,0x90,0x5D,0x2D,0x2E,0x6F,
0x51,0x6F,0x6F,0x78,0x69,0x07,0x76,0x07,0x8F,0x54,0x87,0x30,0x1E,0x57,0xB2,0xC9,0xD8,0xCF,0xD4,0xB1,0xCB,0xB1,0xBA,0xF5,0xF5,
0xF7,0xF7,0xF5,0xF5,0xF5,0xC5,0xB0,0x94,0xA5,0x54,0x2F,0x65,0x2D,0x2D,0x65,0x65,0x0B,0x78,0x78,0x78,0x22,0x20,0x20,0x24,0x20,
0x23,0x7B,0x24,0x5F,0x5D,0x50,0x25,0x23,0x7B,0x24,0x25,0x21,0x7B,0x22,0x5F,0x5D,0x2A,0x61,0x50,0x27,0x29,0x68,0x68,0x51,0x51,
0x51,0x9E,0x8E,0x72,0x4E,0x49,0x33,0x33,0x49,0x4E,0x33,0x57,0x3D,0x3A,0x3A,0x3B,0x35,0x92,0x92,0x92,0x53,0x27,0x5F,0x5F,0x5D,
0x26,0x6A,0x6A,0x27,0x27,0x44,0x27,0x27,0x6A,0x26,0x5D,0x6E,0x2A,0x63,0x3D,0x38,0x3E,0x69,0x76,0x05,0xBD,0xDF,0xDE,0xA4,0xDF,
0x71,0x00,0x01,0x01,0xC4,0xBD,0x92,0x88,0x3F,0xA0,0xA0,0x40,0x89,0x40,0xA0,0x40,0x9A,0x9A,0x89,0xA3,0xA3,0xA3,0x89,0x89,0xAA,
0xAA,0x89,0x40,0xA0,0xA0,0x3F,0xA0,0x40,0x89,0x8A,0xAA,0xB2,0x7A,0xC9,0xE5,0xD8,0xD8,0xDC,0xDC,0xDC,0xDD,0xC8,0x7F,0x74,0x2C,
0x34,0x51,0x29,0x27,0x67,0x90,0x74,0x6A,0x6A,0x67,0x60,0x60,0x7A,0x73,0x22,0x60,0x22,0x7B,0x12,0x6D,0x7A,0xCD,0x23,0x74,0xCD,
0x4D,0x7B,0x14,0x16,0x1C,0x1C,0x1B,0x1B,0x1C,0x1C,0x85,0x5C,0x16,0x16,0x11,0x7B,0x73,0xCD,0xCD,0x7F,0x13,0x7B,0x7B,0x6D,0x7B,
0x72,0x7B,0x7B,0x22,0x24,0x21,0x21,0x21,0x21,0x90,0x67,0x2D,0x27,0x29,0x29,0x6F,0x77,0x77,0x69,0x00,0x01,0xBD,0x3F,0xA0,0xA3,
0xAA,0x42,0x27,0x41,0xC7,0xDD,0xE1,0xCF,0xCE,0xF1,0xBA,0xB1,0xC5,0xF5,0xF5,0xF5,0xF7,0xF7,0xC5,0xC5,0xB1,0xC2,0x94,0x97,0x21,
0x87,0x2D,0x2D,0x2D,0x65,0x28,0x0B,0x78,0x77,0x77,0x23,0x20,0x20,0x20,0x24,0x20,0x22,0x7B,0x25,0x5D,0x25,0x25,0x25,0x23,0x22,
0x24,0x90,0x21,0x7B,0x6E,0x26,0x27,0x77,0x55,0x67,0x29,0x29,0x68,0x51,0x51,0x34,0x61,0x13,0x22,0x4E,0x5D,0x33,0x33,0x33,0x1E,
0x25,0x42,0x3D,0x3A,0x3A,0x39,0x3B,0x3D,0x53,0x92,0x7E,0x38,0x6A,0x5D,0x25,0x5F,0x67,0x6A,0x27,0x2B,0x2E,0x2B,0x27,0x27,0x27,
0x6A,0x50,0x50,0x2A,0x39,0x63,0x38,0x53,0x6C,0x63,0x02,0x04,0x92,0x81,0xEC,0x01,0x01,0x71,0x03,0x7E,0x3F,0xA8,0x93,0xA0,0xA0,
0xA0,0x93,0x89,0xA3,0x89,0xA3,0x97,0x9A,0x9A,0xA3,0xA3,0xA3,0x89,0xAA,0xA3,0x89,0xA3,0xA3,0x40,0x93,0x93,0x89,0xA3,0xAA,0xAA,
0xEB,0xE5,0xCF,0xE6,0xCF,0xCF,0xCF,0xCF,0xCF,0xCF,0xCF,0xCF,0xCF,0xCF,0xD0,0xC9,0x4F,0x2B,0x43,0x26,0x55,0x23,0x90,0x2B,0x67,
0x25,0x74,0xEA,0x6D,0x23,0x60,0x22,0x74,0x7B,0x6D,0x7A,0xD9,0xD9,0xCD,0x4D,0x6D,0x6D,0x14,0x9B,0x85,0x1C,0x1C,0x1C,0x1A,0x1C,
0x85,0x18,0x16,0x31,0x20,0x73,0xCD,0xC3,0x73,0x7B,0x7B,0x12,0x6D,0x12,0x6D,0x72,0x7B,0x7B,0x23,0x23,0x24,0x60,0x60,0x6C,0x6A,
0x2D,0x27,0x28,0x28,0x28,0x6F,0x6F,0x78,0x70,0x02,0x88,0x82,0x93,0x82,0x93,0x96,0x9A,0x89,0x89,0xC8,0xC9,0xD6,0xCF,0xCF,0xD4,
0xB1,0xCB,0xC5,0xBA,0xF5,0xF5,0xF7,0xF5,0xF5,0xF1,0xB1,0xC2,0xB5,0xC1,0x8E,0x78,0x65,0x87,0x0B,0x6F,0x78,0x78,0x77,0x59,0x78,
0x20,0x20,0x24,0x24,0x24,0x21,0x20,0x7B,0x22,0x6E,0x25,0x25,0x50,0x21,0x74,0x90,0x25,0x25,0x23,0x22,0x26,0x6A,0x3A,0x2F,0x5F,
0x2E,0x29,0x68,0x51,0x68,0x34,0x87,0x73,0x25,0x1E,0x1E,0x1E,0x5D,0x1E,0x26,0x1E,0x42,0x3D,0x3D,0x39,0x3A,0x34,0x3B,0x3E,0x92,
0x7E,0x53,0x34,0x6A,0x5F,0x5D,0x1E,0x6A,0x27,0x27,0x44,0x27,0x27,0x27,0x2E,0x27,0x2C,0x50,0x50,0x29,0x51,0x63,0x61,0x25,0x51,
0x69,0x05,0x05,0x02,0x01,0x45,0x03,0x04,0x7E,0x92,0xA0,0x93,0x93,0x89,0x40,0x93,0x89,0x9A,0x97,0x9A,0x9A,0x9A,0x9A,0xA3,0xA3,
0xA3,0xA3,0xA3,0xA3,0xA3,0xA3,0xA3,0xA3,0xA3,0xA3,0xA3,0xA3,0xAA,0x9A,0xC7,0xDA,0xCF,0xCF,0xCF,0xCF,0xCF,0xCF,0xCF,0xCF,0xCF,
0xCF,0xCF,0xE0,0xC8,0xB2,0xC1,0xC1,0xC1,0xB2,0xB2,0x4E,0x25,0x7B,0x6A,0x27,0x5D,0x7B,0x74,0x7B,0x23,0x24,0x23,0x23,0x7B,0x7B,
0x7A,0xCD,0xCD,0x4D,0xEA,0x6D,0x6D,0x14,0x9B,0x16,0x5C,0x1C,0x1C,0x1C,0x9D,0x18,0x18,0x31,0x0F,0x13,0xD9,0x4D,0x6D,0x23,0x22,
0x7B,0x6D,0x12,0x6D,0x12,0x12,0x7B,0x7B,0x7B,0x23,0x23,0x23,0x5D,0x27,0x2C,0x2D,0x27,0x28,0x6F,0x77,0x77,0x77,0x77,0xB4,0xC4,
0x96,0x94,0x93,0x93,0xA0,0xA0,0xA4,0xAD,0x9A,0xB2,0xC1,0xE9,0xCA,0xCF,0xCF,0xE2,0xB1,0xC5,0xC5,0xF5,0xF5,0xF5,0xC5,0xF5,0xC5,
0xB0,0x94,0x97,0xDD,0x8E,0x3D,0x63,0x76,0x76,0x76,0x7D,0x53,0x69,0x46,0x46,0x22,0x20,0x24,0x21,0x25,0x24,0x20,0x22,0x7B,0x4F,
0x5D,0x25,0x25,0x25,0x23,0x23,0x25,0x6E,0x6C,0x74,0x6E,0x67,0x3B,0x9E,0x50,0x27,0x29,0x2A,0x51,0x51,0x36,0x30,0x73,0x4E,0x6A,
0x27,0x44,0x27,0x27,0x27,0x1E,0x2B,0x56,0x39,0x39,0x3A,0x34,0x34,0x35,0x53,0x7E,0x53,0x63,0x39,0x6A,0x6A,0x6A,0x27,0x27,0x27,
0x27,0x2E,0x44,0x29,0x27,0x27,0x27,0x26,0x50,0x50,0x27,0x51,0x90,0x50,0x87,0x63,0x69,0x02,0x01,0x03,0x70,0x7E,0x3E,0x3F,0xA0,
0xA0,0xA0,0x93,0x93,0xA3,0xA3,0xA3,0x9A,0x9A,0x9A,0xA3,0xAD,0xA3,0xA3,0xA3,0xA3,0xA3,0xA3,0xA3,0xA3,0xA3,0xA3,0xA3,0xA4,0xA3,
0xA3,0xAD,0xA3,0xB2,0xE0,0xCF,0xCF,0xCF,0xCF,0xCF,0xCF,0xCF,0xCF,0xCF,0xCF,0xD0,0xC8,0x89,0xAD,0xAF,0xAF,0xA6,0xA6,0xC1,0xC1,
0xC1,0xC1,0xB2,0xB2,0xB8,0x26,0x23,0x74,0x60,0x23,0x24,0xE4,0x23,0x23,0x6D,0xCD,0xD9,0x4D,0x73,0x13,0x6D,0x13,0x4D,0x15,0x80,
0x8B,0x18,0x1C,0x1C,0x18,0x18,0x31,0x18,0x5B,0x4D,0x4D,0x6D,0x13,0x73,0x13,0x6D,0x12,0x12,0x6D,0x6D,0x6D,0x6D,0x6D,0x7B,0x7B,
0x60,0x67,0x27,0x2C,0x2C,0x2C,0x2D,0x2D,0x28,0x87,0x6F,0x0B,0x78,0x02,0x88,0x97,0xA5,0x97,0x94,0xA5,0xA5,0x82,0x93,0xA5,0xAD,
0x9F,0xD4,0xCA,0xD0,0xCF,0xCA,0xE2,0xBA,0xC5,0xC5,0xF5,0xF5,0xC5,0xC5,0xB1,0xB0,0x94,0xD5,0xE0,0x5A,0xA0,0xA0,0x88,0x92,0x88,
0x7E,0x88,0x88,0x88,0x01,0x22,0x22,0x24,0x25,0x25,0x21,0x24,0x24,0x22,0x7B,0x25,0x25,0x25,0x50,0x60,0x22,0x90,0x50,0x5D,0x21,
0x23,0x67,0x2B,0x77,0x67,0x2C,0x29,0x29,0x51,0x51,0x6F,0x52,0x15,0x10,0x10,0x5B,0x4B,0x32,0x4E,0x1E,0x42,0x41,0x3D,0x39,0x39,
0x39,0x34,0x34,0xED,0x3D,0x7E,0x53,0x3D,0x38,0x3A,0x6A,0x6A,0x6A,0x27,0x27,0x2E,0x27,0x2B,0x2E,0x2B,0x2E,0x27,0x2C,0x6A,0x50,
0x5D,0x67,0x7B,0x67,0x28,0x78,0x76,0x69,0x05,0x70,0x92,0x3F,0x40,0x93,0x89,0x40,0x40,0x93,0x93,0x9A,0x97,0x9A,0x9A,0x9A,0xAD,
0xAD,0xA3,0xA3,0xA3,0xA5,0xA3,0xA5,0xA3,0xAD,0xA3,0x9A,0xAD,0xAD,0xAD,0xAD,0xAD,0xAD,0x89,0xE5,0xCF,0xCF,0xCF,0xCF,0xCF,0xCF,
0xCF,0xCF,0xCF,0xCF,0xE5,0xAA,0x82,0xB3,0xBE,0xAF,0xA7,0xA6,0xA6,0xA6,0xA6,0xA6,0xC1,0xC1,0xC1,0xA6,0xB8,0x21,0xF2,0x90,0x23,
0x24,0x60,0x24,0xF2,0xD9,0xD9,0x4D,0x7A,0x73,0x73,0x73,0x13,0x4D,0x15,0x16,0x16,0x16,0x85,0x5C,0x16,0x85,0x18,0x31,0x11,0x8E,
0x7B,0x8E,0x13,0x7A,0x4D,0x7F,0x7F,0x7A,0x13,0x13,0x6D,0x6D,0x7B,0x7B,0x25,0x6A,0x2D,0x2C,0x2C,0x26,0x26,0x26,0x26,0x30,0x2D,
0x65,0x65,0x46,0x45,0xA5,0x97,0x97,0x97,0x97,0xA5,0x94,0x96,0x94,0xA5,0x96,0xBC,0xE2,0xCA,0xD0,0xCA,0xCF,0xD1,0xE2,0xC5,0xBA,
0xC5,0xBA,0xBA,0xC5,0xB0,0xC2,0xC1,0xD2,0xD3,0x57,0x93,0xA0,0x3F,0x88,0x88,0x88,0x88,0x82,0x82,0x71,0x22,0x20,0x24,0x25,0x25,
0x25,0x25,0x24,0x20,0x7B,0x22,0x6E,0x25,0x6E,0x25,0x23,0x60,0x50,0x5D,0x50,0x21,0x90,0x27,0x63,0x2F,0x67,0x29,0x29,0x51,0x28,
0x0F,0x5C,0x9D,0x19,0x9D,0x18,0x15,0x14,0x14,0x14,0x12,0x5A,0x54,0x3D,0x3D,0x39,0x39,0x34,0x54,0x3B,0x92,0x53,0x39,0x3D,0x3E,
0x51,0x6A,0x6A,0x6A,0x27,0x27,0x27,0x2E,0x44,0x44,0x2E,0x2B,0x27,0x27,0x2C,0x67,0x74,0x60,0x67,0x5D,0xE4,0x28,0x6F,0x69,0x92,
0x56,0x89,0x89,0x89,0x89,0xA3,0xA3,0xA3,0xA3,0x9A,0xAD,0xAD,0xAD,0xAD,0xA3,0xA3,0xA3,0xA5,0xA5,0xA3,0xB3,0xA5,0xAD,0xA5,0xAD,
0xAD,0xAD,0xAD,0xAD,0xB3,0xAD,0xB3,0xC7,0xCF,0xCF,0xCF,0xCF,0xCF,0xCF,0xCF,0xCF,0xCF,0xCF,0xDD,0x93,0x82,0xA4,0xA4,0xA4,0xAD,
0xA7,0xAC,0xAC,0xA6,0xA6,0xA6,0xA6,0xA6,0xC1,0xB2,0xC1,0x5A,0x6D,0x90,0x60,0x23,0x23,0xEA,0xD9,0xC3,0x4D,0x7A,0x7A,0x7A,0x7A,
0x73,0x73,0x4D,0x11,0x5B,0x31,0x16,0x5C,0x1C,0x5C,0x5C,0x31,0x5B,0x12,0x23,0x23,0x7B,0x7B,0x8E,0x8E,0x73,0x4D,0xC3,0xC3,0x4D,
0x6D,0x7B,0x24,0x5D,0x2C,0x2D,0x27,0x2C,0x67,0x5D,0x5D,0x6C,0x55,0x55,0x66,0x65,0x76,0x02,0xBD,0x96,0x97,0x97,0x94,0xA5,0x94,
0xA5,0x94,0x96,0x96,0x96,0x96,0xAC,0xE1,0xCA,0xD0,0xCA,0xCF,0xCA,0xE5,0xE2,0xE2,0xD4,0xD4,0xE9,0xE2,0xC8,0xD2,0xD1,0xC3,0xA0,
0xA0,0x88,0x88,0x88,0x7E,0x88,0x88,0x82,0x91,0x70,0x22,0x24,0x25,0x25,0x25,0x4E,0x25,0x5D,0x21,0x23,0x7B,0x25,0x5D,0x5D,0x6C,
0x60,0x22,0x90,0x5D,0x5F,0x50,0x60,0x5F,0x34,0x9E,0x5F,0x2E,0x68,0x28,0x0F,0x0D,0x1B,0x6B,0x6B,0x0A,0x6B,0x19,0x18,0x10,0x10,
0x15,0x4D,0x4D,0x5E,0x1E,0x54,0x39,0x39,0x51,0x29,0x3E,0x92,0x39,0x38,0x3D,0x38,0x2A,0x1E,0x6A,0x6A,0x27,0x27,0x27,0x44,0x2E,
0x27,0x2E,0x27,0x27,0x27,0x26,0x8E,0x90,0x67,0x21,0x7F,0x7F,0x7A,0x27,0x3D,0x89,0x89,0xA3,0xA3,0xA3,0xA3,0x97,0x9A,0xAD,0xAD,
0x9A,0xAD,0xA3,0xA5,0xAD,0xA5,0xAD,0xAD,0xAD,0xAD,0xAD,0xAD,0xB3,0xAD,0xAD,0xAD,0x9A,0x98,0x96,0x98,0x98,0xA3,0xE5,0xCF,0xCF,
0xCF,0xCF,0xCF,0xCF,0xCF,0xCF,0xCF,0xE0,0x89,0xB3,0xCC,0xCC,0xB6,0x9F,0x9F,0x9A,0xAC,0xCB,0xCB,0xAC,0xAC,0xA7,0xA6,0xA6,0xC1,
0xC1,0xC7,0xA9,0x74,0x4F,0x74,0x7A,0xD9,0xC3,0x7F,0x7F,0x4D,0x7F,0x4D,0x7A,0x7F,0xC3,0x4D,0x12,0x10,0x10,0x31,0x31,0x5C,0x5C,
0x33,0x32,0x11,0x12,0x23,0x23,0x23,0x7B,0x7B,0x7B,0x7B,0x8E,0x73,0x4D,0xC3,0x7F,0x22,0x27,0x27,0x27,0x27,0x26,0x50,0x90,0x21,
0x90,0x6C,0x5D,0x66,0x28,0x78,0x05,0x01,0x88,0x94,0x97,0x97,0x97,0x97,0xA5,0x97,0x94,0x96,0x94,0x98,0xC2,0xB3,0xC1,0xCF,0xCF,
0xCA,0xD0,0xCF,0xCF,0xE6,0xE6,0xE1,0xD5,0xCA,0xCA,0xD1,0xE0,0xD2,0x24,0xA8,0x88,0x3F,0x88,0x88,0x88,0x88,0x88,0x88,0x70,0x07,
0x24,0x25,0x25,0x25,0x4E,0x5D,0x4E,0x5D,0x25,0x24,0x23,0x24,0x5F,0x5D,0x5D,0x21,0x23,0x60,0x50,0x67,0x67,0x6C,0x90,0x44,0x75,
0x30,0x27,0x68,0x0E,0x17,0x48,0x6B,0x0A,0x99,0x09,0x09,0x6B,0x19,0x9D,0x0F,0x32,0x15,0x12,0x14,0x13,0x7A,0xAE,0x6A,0x34,0x29,
0xED,0x92,0x38,0x3D,0x38,0x3D,0x38,0x27,0x67,0x6A,0x6A,0x27,0x27,0x2E,0x44,0x29,0x44,0x2E,0x29,0x29,0x67,0x7B,0x50,0x26,0x2D,
0x28,0x74,0xD3,0xC8,0x40,0x89,0x89,0x9A,0x9A,0x9A,0x9A,0xAD,0xAD,0xAD,0xAD,0xA3,0xA3,0xAD,0xAD,0xAD,0xAD,0xAD,0xAD,0xAD,0xAD,
0xAD,0xAD,0xAD,0xAD,0x98,0x98,0x98,0x98,0x98,0x98,0x98,0xB2,0xCA,0xCF,0xCF,0xCF,0xCF,0xCF,0xCF,0xCF,0xCF,0xCF,0xB2,0xB3,0xCC,
0xBB,0xCB,0xC5,0xCB,0xC5,0xAC,0xA7,0xAC,0xC5,0xCB,0xAC,0xAC,0xA7,0xA6,0xC1,0xC1,0xC1,0xC6,0xA9,0x23,0x7F,0xC9,0xC3,0x7F,0x7F,
0x7F,0x7F,0x7F,0x4D,0xD9,0xCD,0xD9,0xC3,0x13,0x4B,0x32,0x10,0x10,0x10,0x32,0x32,0x20,0x22,0x7B,0x7B,0x7B,0x7B,0x7B,0x22,0x7B,
0x7B,0x7B,0x8E,0x8E,0x13,0x73,0x4D,0x6D,0x2C,0x2D,0x6A,0x60,0x23,0x23,0x21,0x21,0x55,0x66,0x28,0x77,0x8F,0x05,0x00,0x88,0x94,
0xA5,0x94,0x94,0x96,0x94,0x94,0x94,0x94,0xC2,0x94,0x96,0xCC,0x94,0xC1,0xD5,0xCA,0xCF,0xCF,0xCF,0xCF,0xCA,0xE2,0xB1,0xD5,0xD1,
0xD1,0xD2,0x73,0x3F,0x88,0x88,0x88,0x7E,0x7E,0x88,0x88,0x82,0x91,0x05,0x76,0x1F,0x4E,0x5D,0x4E,0x5D,0x5D,0x5D,0x5D,0x25,0x25,
0x25,0x24,0x25,0x5F,0x5D,0x50,0x21,0x23,0x90,0x5F,0x2C,0x26,0x90,0x5F,0x38,0x2E,0x27,0x2E,0x0F,0x0C,0x1B,0x0A,0x99,0x6B,0x09,
0x6B,0x1A,0xC0,0x9D,0x9D,0x16,0x15,0x11,0x11,0x12,0x11,0x12,0x7A,0x72,0x6A,0x27,0x3D,0x38,0x2A,0x39,0x3E,0x3E,0x38,0x2B,0x6A,
0x2C,0x27,0x2E,0x2B,0x29,0x29,0x29,0x29,0x29,0x51,0x90,0x60,0x25,0x24,0x50,0x21,0x8E,0xD9,0xE0,0xEF,0xA3,0x9A,0x9A,0x9A,0x9A,
0xAD,0xAD,0xAD,0xA3,0xA3,0xAD,0xAD,0x9A,0xAD,0x9A,0xAD,0x9A,0xAD,0xAD,0x98,0xAD,0xBE,0xAD,0x98,0x98,0x98,0x98,0x98,0x98,0x98,
0x98,0xD5,0xCF,0xCF,0xCF,0xCF,0xCF,0xCF,0xCF,0xCF,0xCF,0xD9,0xA4,0xCC,0xBB,0xBA,0x82,0xB5,0xF5,0xC5,0xF1,0xAC,0xAC,0xC5,0xCB,
0xCB,0xCB,0xA6,0xAC,0xA6,0xF1,0xC1,0xC6,0xC6,0xC8,0xCD,0xC3,0x7F,0x7F,0x7F,0x7F,0x7F,0xC3,0xC9,0xCD,0xC3,0x4D,0xC3,0x13,0x20,
0x20,0x22,0x11,0x20,0x4A,0x52,0x4A,0x20,0x22,0x7B,0x8E,0x8E,0x7B,0x7B,0x7B,0x23,0x7B,0x7B,0x7B,0x7B,0x12,0x8E,0x73,0x6D,0x60,
0xEA,0x6D,0x23,0x24,0x21,0x6C,0x2C,0x29,0x3C,0x8F,0x53,0x04,0x00,0x88,0x94,0x94,0x97,0x94,0xA5,0xA5,0x94,0x94,0x94,0xC2,0xC2,
0xC2,0x9F,0xA2,0x94,0xC2,0xC1,0xE2,0xE2,0xD5,0xE2,0xC6,0xB1,0xB1,0xB0,0xC1,0xC7,0xB8,0xA0,0x88,0x88,0x88,0x88,0xBD,0x88,0x88,
0x88,0x03,0x05,0x07,0x07,0x23,0x4F,0x5F,0x5F,0x5F,0x1E,0x5F,0x5F,0x5D,0x50,0x25,0x25,0x24,0x6E,0x5F,0x5D,0x90,0x21,0x21,0x5D,
0x6A,0x2C,0x30,0x90,0x3B,0x77,0x2C,0x2E,0x10,0x1C,0x1B,0x0A,0x99,0x0A,0x99,0x6B,0x1A,0x9D,0x5C,0x18,0x16,0x15,0x15,0x14,0x11,
0x20,0x20,0x11,0x7B,0x22,0x21,0x5D,0x2C,0x26,0x26,0x27,0x2A,0x3D,0x63,0x27,0x27,0x2E,0x29,0x29,0x2A,0x2A,0x51,0x51,0x51,0x61,
0x23,0x50,0x7B,0xD9,0xDD,0xC9,0xD9,0xC9,0xD1,0xC7,0xA3,0x9A,0x9A,0x9A,0xAD,0xA5,0xA3,0xAD,0x9A,0xAD,0x9A,0x9A,0xAD,0x9A,0x98,
0xAD,0xAF,0x98,0x98,0xAD,0x98,0x98,0x98,0x98,0x98,0x98,0x98,0x98,0x98,0x98,0x9A,0xE5,0xCF,0xCF,0xCF,0xCF,0xCF,0xCF,0xCF,0xCF,
0xDA,0xA3,0xBE,0xAD,0x98,0x88,0x01,0x01,0x7E,0xBA,0xF1,0xB1,0xAC,0xC5,0xC5,0xC5,0xAC,0xF1,0xF1,0xCB,0xF1,0xF1,0xC6,0xC6,0xC6,
0xC8,0xC3,0xC3,0x7F,0xC3,0x7F,0xC3,0xD3,0xCD,0xC3,0x73,0x73,0xCD,0x7A,0x72,0x22,0x11,0x22,0x22,0x4B,0x24,0x25,0x25,0x72,0x6D,
0x73,0x6D,0x7B,0x7B,0x7B,0x7B,0x7B,0x22,0x23,0x20,0x23,0x23,0x7B,0x11,0x6D,0x13,0x7B,0x23,0x23,0x21,0x21,0x5F,0x54,0x3A,0x3E,
0x92,0x45,0x00,0x81,0x82,0x93,0x94,0x94,0x94,0x94,0x94,0x94,0x94,0xC2,0x94,0xA2,0xC2,0x9F,0x9F,0x9F,0xC2,0xC2,0xB0,0xB0,0xB1,
0xB1,0xC5,0xB1,0xB0,0x94,0x94,0x82,0xA8,0x88,0x88,0x7E,0xBD,0x88,0x88,0x82,0x91,0x70,0x07,0x07,0x76,0x25,0x23,0x25,0x1E,0x26,
0x5F,0x26,0x1E,0x5F,0x5D,0x5D,0x4E,0x25,0x25,0x5F,0x5F,0x55,0x50,0x90,0x50,0x2C,0x2E,0x27,0x55,0x5F,0x38,0x2C,0x29,0x0F,0x5C,
0x1B,0x1B,0x0A,0x1B,0x48,0x1B,0x1C,0x9D,0x5C,0x18,0x16,0x15,0x15,0x15,0x11,0x5B,0x20,0x10,0x20,0x20,0x20,0x24,0x25,0x6C,0x5D,
0x55,0x50,0x50,0x26,0x67,0x26,0x27,0x2A,0x34,0x51,0x3C,0x77,0x77,0x63,0x2D,0x21,0x2D,0x28,0x6C,0xCD,0xD2,0xDD,0xD2,0xCA,0xC7,
0x93,0x9A,0xA3,0xAD,0xA3,0xAD,0xAD,0xA3,0x9A,0xAD,0x9A,0xAD,0xAF,0xAD,0xAF,0x98,0xAF,0x98,0xAF,0x98,0xAF,0x98,0xAF,0x98,0x98,
0x98,0x98,0x98,0xB6,0x98,0x89,0xD0,0xCF,0xCF,0xCF,0xCF,0xCF,0xCF,0xCF,0xCF,0xC7,0xBE,0x98,0x93,0xBC,0xBD,0x01,0x00,0x00,0x82,
0xC5,0xF1,0xCB,0xC5,0xC5,0xC5,0xCB,0xF1,0xCB,0xF1,0xF1,0xF1,0xF1,0xF1,0xF1,0xC6,0xC3,0xD9,0xC3,0x7F,0xD9,0xD3,0xCD,0xC3,0x4D,
0x73,0x7F,0xD3,0xC3,0x6D,0x72,0x22,0x7B,0x72,0x20,0x25,0x25,0x20,0x23,0x73,0x7F,0x73,0x13,0x6D,0x8E,0x7B,0x7B,0x23,0x23,0x23,
0x20,0x21,0x21,0x4A,0x20,0x11,0x11,0x23,0x23,0x23,0x21,0x5D,0x54,0x56,0x3F,0x88,0x45,0x00,0x88,0x94,0x94,0x94,0x94,0xA5,0x94,
0xA5,0x94,0xC2,0x94,0xC2,0xC2,0xA2,0xB0,0x9F,0x9F,0x9F,0xB0,0xB0,0xB0,0xB1,0xB1,0xB1,0xB0,0x9F,0x97,0x94,0x93,0x88,0x88,0x88,
0x88,0x88,0x88,0x82,0x88,0x70,0x46,0x07,0x76,0x76,0x26,0x24,0x24,0x25,0x1E,0x26,0x1E,0x26,0x26,0x5F,0x5F,0x67,0x5F,0x25,0x5D,
0x67,0x67,0x67,0x5D,0x55,0x6A,0x2E,0x2E,0x2F,0x50,0x2B,0x61,0x2E,0x2F,0x31,0x17,0x0C,0x1B,0x48,0x1B,0x0C,0x0D,0x5C,0x5C,0x10,
0x16,0x15,0x15,0x15,0x15,0x10,0x10,0x10,0x32,0x4A,0x10,0x4A,0x20,0x20,0x21,0x25,0x55,0x55,0x55,0x6F,0x2F,0x55,0x30,0x28,0x77,
0x63,0x38,0x53,0x76,0x55,0x74,0x50,0x60,0x7F,0xDD,0xD2,0xD2,0xE0,0xCA,0xE2,0xA8,0xA3,0xA3,0xA4,0xA4,0xA3,0xAD,0x9A,0x9A,0x9A,
0xAF,0xAF,0x98,0x98,0x98,0x9F,0x9F,0x98,0x98,0x98,0x98,0x98,0x98,0x9F,0xCC,0x98,0xCC,0xB6,0xCC,0xBC,0xB8,0xCF,0xCF,0xCF,0xCF,
0xCF,0xCF,0xCF,0xCF,0xE0,0xA3,0xCC,0x98,0xA4,0xBB,0xC2,0x91,0x01,0xBD,0xAB,0xC5,0xB1,0xCB,0xC5,0xC5,0xC5,0xC5,0xCB,0xC5,0xC5,
0xC5,0xC5,0xF1,0xF1,0xF1,0xC6,0xC6,0x7F,0x7F,0xD9,0xD2,0xCD,0x7F,0x4D,0x7A,0x73,0xC9,0xCD,0xC3,0xA9,0x12,0x72,0x12,0x12,0x7B,
0x24,0x24,0x1F,0x24,0x73,0xC3,0x7F,0x4D,0x73,0x6D,0x7B,0x7B,0x22,0x7B,0x23,0x21,0x4A,0x4A,0x7C,0x10,0x11,0x14,0x11,0x20,0x4A,
0x21,0x25,0x43,0x3A,0x3D,0x8F,0x7E,0x00,0xEC,0x82,0xB5,0xA5,0x94,0x94,0xB5,0x94,0x94,0x94,0x94,0xC2,0xB0,0xC2,0x9F,0x9F,0xC2,
0x9F,0xC2,0xC2,0xB0,0xB0,0xB0,0xB0,0xB0,0xC2,0x94,0xA5,0xA0,0xA8,0x88,0x88,0x88,0x88,0x82,0x92,0x46,0x06,0x07,0x07,0x76,0x8F,
0x27,0x50,0x60,0x25,0x5F,0x6A,0x6A,0x26,0x26,0x6A,0x26,0x26,0x67,0x5D,0x5D,0x5F,0x6A,0x2C,0x26,0x2C,0x2C,0x2E,0x29,0x61,0x2F,
0x50,0x2E,0x28,0x51,0x65,0x0D,0x17,0x0C,0x0D,0x17,0x49,0x17,0x49,0x0F,0x32,0x10,0x5B,0x10,0x5B,0x10,0x32,0x10,0x10,0x0F,0x10,
0x10,0x10,0x0E,0x65,0x77,0x69,0x46,0x69,0x05,0x04,0x05,0x69,0x3E,0x41,0x44,0x77,0x7D,0x53,0x07,0x87,0xEA,0xC9,0xDD,0xD2,0xDC,
0xD1,0xD8,0xD8,0xD0,0xE1,0x3F,0xA8,0xA4,0xA4,0xA4,0xAD,0xAD,0x9A,0xAF,0xAF,0x98,0x98,0x9F,0xAF,0x98,0x98,0x98,0x98,0x9F,0xA2,
0xA2,0xCC,0x98,0xA2,0xCC,0xA2,0xC2,0xCC,0xC2,0xB5,0x7A,0xCF,0xCF,0xCF,0xCF,0xCF,0xCF,0xCF,0xCF,0xC8,0xB3,0xCC,0xBB,0x96,0xA7,
0xC5,0xF5,0xBA,0xC5,0xC5,0xF1,0xCB,0xC5,0xC5,0xC5,0xC5,0xC5,0xC5,0xC5,0xC5,0xC5,0xF1,0xC5,0xF1,0xF1,0xF1,0xC6,0xC6,0xD9,0xD3,
0xCD,0xC3,0x4D,0x7A,0x73,0xC3,0xD3,0xCD,0x7F,0xA9,0xA9,0x6D,0xA9,0x13,0x12,0x4B,0x24,0x24,0x1F,0xA9,0x7F,0x7F,0x7F,0x7F,0x73,
0x6D,0x7B,0x23,0x23,0x20,0x4A,0x4A,0x0F,0x4A,0x0F,0x10,0x15,0x15,0x15,0x10,0x4A,0x21,0x6A,0x3B,0x3F,0x3F,0xA8,0xEC,0x01,0x81,
0x94,0x94,0x94,0xA5,0x94,0x94,0x94,0x94,0x94,0xC2,0xC2,0xB0,0xB0,0x9F,0x9F,0x9F,0xC2,0xC2,0xC2,0xB0,0xB0,0xB0,0xB0,0x97,0x97,
0xA0,0x3E,0x92,0x92,0x88,0x88,0x3F,0x53,0x46,0x69,0x07,0x76,0x76,0x7D,0x7D,0x28,0x2D,0x24,0x25,0x5F,0x1E,0x26,0x6A,0x26,0x6A,
0x26,0x67,0x26,0x5F,0x5D,0x55,0x26,0x2C,0x2D,0x2F,0x2F,0x2E,0x51,0x9E,0x6F,0x2C,0x55,0x27,0x51,0x39,0x77,0x48,0x0C,0x17,0x49,
0x17,0x49,0x49,0x49,0x49,0x33,0x4A,0x32,0x4A,0x32,0x10,0x10,0x4A,0x10,0x4A,0x0A,0x07,0x05,0x04,0x04,0x04,0x04,0x7E,0x3F,0x88,
0x3F,0x93,0xA5,0xA5,0xA3,0x40,0x4A,0xC3,0xD9,0x7F,0xC9,0xD2,0xD1,0xD1,0xD0,0xCA,0xCA,0xD0,0xD0,0xCF,0xB8,0x81,0x93,0xA4,0xA4,
0xAD,0xAD,0x9F,0xAF,0x98,0x98,0x98,0x98,0x98,0x9F,0x9F,0x98,0xA2,0xA2,0x98,0x98,0xA2,0xA2,0xAB,0xA2,0xBB,0xBB,0xB6,0xB7,0x93,
0xDC,0xCF,0xCF,0xCF,0xCF,0xCF,0xCF,0xCF,0xCA,0x8A,0xCC,0xCC,0xBB,0xCC,0xAB,0xAC,0xB1,0xF5,0xF5,0xB1,0xAC,0xC5,0xC5,0xC5,0xC5,
0xC5,0xC5,0xC5,0xC5,0xC5,0xC5,0xF5,0xC5,0xC5,0xF1,0xC6,0xC6,0xC1,0xC8,0xD9,0x7F,0x4D,0x7A,0x7A,0x7A,0xCD,0xD3,0xD3,0xC3,0xA9,
0x13,0x7A,0x13,0x5E,0x12,0x22,0x24,0x72,0x22,0x25,0x4F,0x23,0x6D,0x7A,0x7F,0x73,0x6D,0x7B,0x23,0x21,0x4A,0x4A,0x4A,0x10,0x10,
0x15,0x9B,0x9B,0x15,0x10,0x52,0x26,0x2B,0x56,0xA0,0xA0,0xA8,0x7E,0x00,0x91,0x82,0xB5,0x94,0x94,0x94,0x94,0x94,0x94,0xC2,0x94,
0xC2,0xC2,0x9F,0x97,0xB0,0xC2,0xC2,0xC2,0x9F,0xB0,0xB0,0x9F,0x97,0x94,0x94,0x37,0x53,0x38,0x53,0x53,0x69,0x53,0x69,0x07,0x07,
0x76,0x76,0x77,0x77,0x87,0x29,0x29,0x50,0x24,0x5D,0x67,0x67,0x5D,0x5F,0x67,0x26,0x26,0x26,0x26,0x30,0x26,0x2C,0x2C,0x2F,0x2D,
0x2E,0x28,0x61,0x77,0x77,0x61,0x2C,0x67,0x2A,0x77,0x39,0x55,0x43,0x54,0x79,0x79,0x0C,0x1D,0x83,0x1D,0x1D,0x49,0x49,0x4A,0x4A,
0x20,0x11,0x49,0x0A,0x46,0x02,0x45,0x45,0x05,0x7E,0xA8,0xA0,0x93,0xA5,0x97,0x96,0x96,0x96,0x96,0xA5,0xA5,0xA0,0x3B,0x7A,0xCA,
0xD0,0xE0,0xD8,0xD0,0xCA,0xCE,0xCF,0xCF,0xD0,0xCF,0xE9,0x3F,0xA8,0xA4,0xB3,0xB3,0x98,0xAD,0x98,0x96,0xBE,0x98,0x98,0x98,0xCC,
0x98,0xA7,0xA2,0xA7,0xA2,0xA2,0x98,0xCC,0xA2,0xBB,0xBB,0xBB,0xBB,0xB6,0x8A,0xCF,0xCF,0xCF,0xCF,0xCF,0xCF,0xCF,0xCF,0xE5,0xAD,
0xBB,0xCC,0xBB,0xBF,0xCB,0xCB,0xAC,0xC5,0xC5,0xCB,0xCB,0xC5,0xC5,0xF5,0xC5,0xC5,0xF5,0xC5,0xC5,0xF5,0xF5,0xF5,0xF7,0xF1,0xF1,
0xAC,0xF1,0xC1,0xA9,0x4D,0x73,0x7A,0x7F,0x4D,0x7F,0xCD,0xCD,0xCD,0xC3,0x7A,0x73,0x5E,0x13,0x73,0x13,0x72,0x72,0x13,0x24,0x44,
0x41,0x41,0x27,0x6E,0x6D,0x7F,0x73,0x6D,0x23,0x4A,0x4A,0x0F,0x4A,0x10,0x14,0x15,0x15,0x9B,0x8B,0x18,0x9D,0x0D,0x0C,0x8D,0xA0,
0xA0,0xA0,0x3F,0xEC,0x00,0xEC,0xB5,0x94,0x94,0x94,0x94,0x94,0x94,0x94,0x94,0xC2,0x94,0x94,0xA5,0x96,0xC2,0xB0,0xC2,0xC2,0xB0,
0xC2,0xC2,0x94,0x94,0x56,0x3E,0x53,0x53,0x53,0x53,0x07,0x69,0x53,0x53,0x76,0x7D,0x77,0x77,0x28,0x2D,0x2A,0x51,0x2E,0x25,0x6E,
0x25,0x6C,0x5D,0x5D,0x67,0x26,0x26,0x2C,0x2C,0x30,0x30,0x2F,0x28,0x28,0x28,0x2F,0x2F,0x28,0x2E,0x77,0x77,0x78,0x2C,0x27,0x39,
0x7D,0x50,0x90,0x1D,0x44,0x44,0x44,0x0C,0x43,0x43,0x0C,0x1D,0x1D,0x49,0x20,0x22,0x28,0x05,0x02,0x01,0x02,0x04,0xC4,0xA8,0xB5,
0x96,0x96,0x96,0x96,0xA3,0xA5,0xA3,0x97,0xA5,0x96,0x96,0xA5,0xDF,0x81,0x6E,0xCA,0xE6,0xD0,0xD0,0xCF,0xCF,0xCA,0xCF,0xCF,0xCA,
0xCF,0xC7,0x81,0x93,0xB3,0xB3,0xB3,0xB3,0xBC,0xB3,0xB3,0xB6,0x98,0x98,0x9F,0xA2,0x98,0xA2,0xA7,0xA2,0xA7,0xA2,0xA2,0xA2,0xA2,
0xBB,0xBB,0xB7,0xB6,0xC7,0xCF,0xCF,0xCF,0xCF,0xCF,0xCF,0xCF,0xCF,0xC8,0xBE,0xBF,0xBF,0xCC,0xBF,0xCB,0xCB,0xCB,0xCB,0xCB,0xCB,
0xC5,0xC5,0xC5,0xF5,0xC5,0xC5,0xC5,0xC5,0xF5,0xF5,0xF5,0xF1,0xAC,0xA7,0xAC,0xF1,0xC1,0xC6,0xC6,0x73,0x6D,0x73,0x7F,0x7F,0xD9,
0xCD,0xCD,0xCD,0x4D,0xA9,0xA9,0x22,0x72,0x7A,0x7A,0x4D,0x7A,0x72,0x25,0x42,0x41,0x2A,0x3B,0x2A,0x27,0x60,0x73,0xEA,0x21,0x5D,
0x0E,0x52,0x7C,0x11,0x15,0x15,0x16,0x16,0x8B,0xF4,0xC0,0xC0,0xC0,0x9D,0x1B,0xA0,0xA8,0x82,0xA8,0x7E,0xC4,0xBD,0x88,0x94,0x94,
0x94,0x94,0x94,0x94,0x94,0x94,0x94,0x93,0xA0,0xA5,0x96,0xB0,0xB0,0xC2,0xC2,0xC2,0x94,0xC2,0x94,0x3E,0x53,0x8F,0x8F,0x53,0x53,
0x53,0x76,0x76,0x8F,0x7D,0x77,0x6F,0x2F,0x65,0x0B,0x2B,0x34,0x51,0x67,0x21,0x25,0x50,0x5D,0x67,0x26,0x26,0x2D,0x2C,0x30,0x28,
0x87,0x65,0x87,0x87,0x87,0x2F,0x2F,0x2F,0x2F,0x2F,0x51,0x7D,0x51,0x2F,0x77,0x76,0x30,0x50,0x6A,0x27,0x27,0x44,0x44,0x44,0x44,
0x0C,0x43,0x2D,0x49,0x1D,0x69,0x02,0x02,0x02,0x45,0xC4,0x88,0xA4,0x94,0xB3,0x96,0xB3,0xA5,0xA5,0x96,0x96,0x97,0x9A,0x97,0xAD,
0xB3,0xA5,0xB5,0xDF,0x81,0x23,0xCF,0xD0,0xE8,0xCF,0xCA,0xCF,0xCF,0xCF,0xCF,0xCF,0xCF,0xEB,0x81,0xA4,0xB3,0xBC,0xBC,0xB3,0xBC,
0xBC,0xBC,0xBC,0xCC,0x98,0xCC,0xA2,0xA2,0xA7,0xAC,0xAB,0xA2,0xA7,0xAB,0xAB,0xBF,0xBF,0xB6,0xA8,0xE5,0xCF,0xCF,0xCF,0xCF,0xCF,
0xCF,0xCF,0xCE,0xC6,0xCC,0xBB,0xBF,0xBF,0xBF,0xBF,0xCB,0xCB,0xCB,0xCB,0xC5,0xC5,0xC5,0xF5,0xC5,0xC5,0xC5,0xC5,0xF5,0xF5,0xF5,
0xF1,0xF1,0xF1,0xF1,0xF1,0xF1,0xF1,0xF1,0xC1,0xDB,0x73,0x73,0x7A,0xC3,0xD9,0xC3,0xCD,0xCD,0x7F,0x73,0x6D,0xAE,0xA9,0x7A,0x4D,
0x13,0x72,0x1F,0x22,0x21,0x5F,0x27,0x41,0x2A,0x2A,0x2B,0x6E,0x7B,0x90,0x26,0x26,0x0E,0x10,0x10,0x16,0x16,0x8B,0x8B,0x18,0xC0,
0x1A,0x6B,0x6B,0x1A,0x9D,0x1B,0xA8,0xA8,0xA8,0x93,0x82,0x3F,0x68,0x3E,0x82,0xB5,0x94,0x94,0x94,0x96,0x94,0x40,0x3F,0xA8,0x82,
0xA5,0xB0,0xB0,0xC2,0x96,0x94,0x94,0x94,0x3F,0x53,0x38,0x3E,0x53,0x07,0x53,0x07,0x76,0x8F,0x77,0x51,0x29,0x2F,0x65,0x6F,0x6F,
0x27,0x2A,0x61,0x2C,0x6C,0x6C,0x50,0x55,0x67,0x26,0x2C,0x2D,0x2F,0x2F,0x2F,0x78,0x78,0x78,0x78,0x87,0x87,0x2F,0x2F,0x2F,0x2F,
0x87,0x77,0x76,0x78,0x51,0x53,0x28,0x5D,0x2C,0x29,0x29,0x29,0x6F,0x6F,0x28,0x28,0x28,0x1D,0x48,0x70,0x00,0x02,0x45,0x45,0x7E,
0x93,0xA5,0xA5,0xA5,0xA5,0xA5,0x96,0x96,0x96,0xA5,0x96,0x9F,0x98,0x98,0x9A,0x9F,0x94,0xDE,0xDE,0xDF,0x3F,0xE0,0xCF,0xCA,0xCF,
0xCF,0xCF,0xCF,0xCF,0xCF,0xCF,0xCF,0xE1,0xAA,0x81,0xA8,0xA4,0xB3,0xBC,0xBC,0xBC,0xBE,0x98,0xB6,0xCC,0xA2,0xA2,0xA7,0xAB,0xAB,
0xAC,0xAB,0xAB,0xAB,0xBF,0xBF,0xBF,0x82,0x43,0xCF,0xCF,0xCF,0xCF,0xCF,0xCF,0xCF,0xCF,0xCF,0xC6,0xCC,0xBB,0xBF,0xCB,0xCB,0xCB,
0xCB,0xCB,0xC5,0xC5,0xC5,0xC5,0xC5,0xC5,0xC5,0xC5,0xC5,0xF5,0xF5,0xF5,0xF7,0xF7,0xF7,0xF5,0xF5,0xF5,0xF5,0xC5,0xF1,0xC1,0xDB,
0x73,0x7A,0x7A,0xC3,0x7F,0x7F,0xD9,0xD9,0x7F,0x7A,0xA9,0x72,0xA9,0x13,0x5E,0x22,0x1F,0x1F,0x22,0x20,0x20,0x21,0x5F,0x27,0x2B,
0x27,0x27,0x67,0x50,0x26,0x6A,0x49,0x10,0x10,0x15,0x8B,0x9B,0x8B,0x85,0x1A,0x95,0x6B,0x58,0x6B,0x6B,0x9D,0x40,0xA0,0xA8,0x82,
0x82,0x57,0x73,0xD9,0x21,0x3D,0xB5,0x82,0xA5,0xA5,0xA0,0x3A,0x3D,0x88,0x82,0x82,0xB0,0xB1,0xC2,0xA5,0x94,0xA5,0xC2,0xA0,0x53,
0x53,0x53,0x53,0x53,0x53,0x76,0x8F,0x77,0x61,0x2F,0x2D,0x65,0x6F,0x6F,0x6F,0x27,0x2C,0x2E,0x2E,0x26,0x50,0x6C,0x5D,0x55,0x55,
0x26,0x2F,0x2C,0x61,0x61,0x78,0x7D,0x9E,0x78,0x2F,0x2E,0x2F,0x55,0x2C,0x2E,0x2F,0x61,0x75,0x76,0x77,0x53,0x77,0x30,0x29,0x6F,
0x6F,0x34,0x51,0x3C,0x51,0x6F,0x6F,0x79,0xC4,0x00,0x01,0x02,0x02,0x88,0xA5,0xA5,0xA5,0xA5,0x94,0xA5,0xA5,0xA5,0xB3,0x96,0xB3,
0x96,0x98,0x9F,0x9F,0xAF,0x9F,0xB6,0xBC,0xBC,0xDE,0xDF,0xC9,0xCF,0xCA,0xCF,0xCF,0xCF,0xCF,0xCF,0xCF,0xCF,0xCF,0xCF,0xE6,0xD7,
0x40,0x88,0xA8,0xA8,0xA8,0xDF,0xDF,0xDF,0x82,0xB5,0xA4,0xA4,0xB3,0xAD,0xA7,0xA2,0xAB,0xBF,0xCB,0xBF,0xBF,0xBF,0xDF,0xAE,0xCF,
0xCF,0xCF,0xCF,0xCF,0xCF,0xCF,0xCF,0xCF,0xC6,0xBB,0xBF,0xBB,0xBF,0xCB,0xCB,0xC5,0xC5,0xCB,0xC5,0xC5,0xC5,0xF5,0xF5,0xC5,0xC5,
0xF5,0xF5,0xF5,0xF5,0xF7,0xF5,0xF5,0xF7,0xF5,0xF7,0xC5,0xF1,0xF1,0xA6,0xDB,0x7A,0x7F,0x7F,0xC3,0x7F,0x7F,0xC3,0x7F,0x7F,0x4D,
0x72,0x5E,0x5E,0x72,0x22,0x72,0x22,0x22,0x20,0x60,0x23,0x23,0x23,0x21,0x5D,0x6A,0x2C,0x6A,0x6A,0x6A,0x26,0x5D,0x20,0x15,0x15,
0x9B,0x9B,0xF4,0x1C,0x1A,0x95,0x1A,0x95,0x09,0x09,0x1A,0x1B,0x93,0x82,0xA8,0x82,0xA0,0xD9,0xC9,0x73,0x44,0x93,0xA0,0x93,0x93,
0xA0,0x3F,0x56,0x88,0xA8,0x82,0xCB,0xB0,0x94,0x82,0x82,0x82,0xC2,0xB0,0x53,0x69,0x53,0x07,0x69,0x53,0x76,0x77,0x61,0x2D,0x2D,
0x28,0x28,0x6F,0x6F,0x6F,0x2C,0x2C,0x2D,0x2F,0x2C,0x55,0x6C,0x50,0x55,0x67,0x55,0x2D,0x2F,0x2F,0x61,0x9E,0x69,0x69,0x53,0x76,
0x7D,0x9E,0x67,0x30,0x2C,0x2C,0x2F,0x61,0x76,0x69,0x76,0x76,0x2E,0x51,0x77,0x77,0x77,0x77,0x77,0x77,0x78,0x6F,0x46,0x00,0x01,
0x01,0x45,0x88,0xA5,0xA5,0xA5,0xA5,0xA5,0xA5,0x96,0x96,0xA5,0xA5,0xB3,0x96,0xB3,0x96,0x96,0x9F,0xA2,0x98,0xB6,0xBC,0xDE,0xDE,
0x81,0x8E,0xCF,0xCE,0xCF,0xCF,0xCF,0xCF,0xCF,0xCF,0xCF,0xCF,0xCF,0xCF,0xCF,0xCE,0xD5,0xEB,0xAA,0x57,0x41,0x42,0xAA,0x57,0x56,
0x40,0x57,0x40,0xA8,0xA4,0xA2,0xAB,0xBF,0xCB,0xBF,0xCB,0xBF,0xDF,0xF2,0xCF,0xCF,0xCF,0xCF,0xCF,0xCF,0xCF,0xCF,0xCF,0xE2,0xBB,
0xBF,0xBB,0xBB,0xCB,0xCB,0xCB,0xC5,0xC5,0xC5,0xC5,0xF5,0xC5,0xF5,0xF5,0xF5,0xF5,0xF5,0xF5,0xF7,0xF7,0xF7,0xF5,0xF5,0xF5,0xF5,
0xC5,0xC5,0xF1,0xA6,0x7B,0x73,0x7F,0xC3,0x7F,0x7A,0x7F,0x4D,0x13,0xA9,0xA9,0xE4,0xE4,0x72,0x72,0x22,0x72,0x22,0x60,0x23,0x23,
0x23,0x23,0x23,0x74,0x23,0x50,0x1E,0x6A,0x6A,0x6A,0x6A,0x5D,0x20,0x14,0x15,0x9B,0x9B,0xF4,0x1A,0x95,0x1B,0x95,0x58,0x95,0x99,
0x6B,0x1B,0xA3,0xA4,0x82,0x93,0xA8,0xD7,0xC3,0x73,0x40,0x82,0x93,0x93,0xA4,0x40,0xA8,0x3B,0x56,0x88,0x94,0xBA,0x94,0x82,0xA0,
0xA0,0xA0,0x94,0xB0,0x56,0x69,0x69,0x69,0x53,0x76,0x77,0x61,0x2F,0x2D,0x28,0x28,0x6F,0x6F,0x6F,0x77,0x2D,0x2C,0x2C,0x2E,0x2F,
0x30,0x55,0x55,0x52,0x55,0x55,0x55,0x2E,0x2E,0x9E,0x04,0x01,0x01,0x00,0x00,0x00,0xB4,0x70,0x04,0x70,0x69,0x69,0x69,0xB9,0x76,
0x69,0x53,0x68,0x75,0x38,0x76,0x8F,0x7D,0x77,0x59,0x8F,0x69,0x00,0x01,0x01,0x03,0x88,0xA5,0xA5,0xA5,0xA5,0xA5,0x94,0x96,0xB3,
0x96,0xBC,0x94,0xB3,0xB5,0xBC,0x98,0xB6,0xCC,0xC2,0xB6,0xBC,0xBC,0xB5,0xDE,0xDF,0x50,0xCF,0xCF,0xCF,0xCF,0xCF,0xCF,0xCF,0xCF,
0xCF,0xCF,0xCF,0xCF,0xCF,0xCF,0xCF,0xCF,0xCF,0xCF,0xCF,0xCF,0xCF,0xCF,0xCF,0xCF,0xCF,0xCF,0xE5,0xC1,0xB3,0xBF,0xBF,0xCB,0xBF,
0xCB,0xBF,0xDF,0xD7,0xCF,0xCF,0xCF,0xCF,0xCF,0xCF,0xCF,0xCF,0xCF,0xE1,0xBB,0xBB,0xBF,0xBB,0xCB,0xCB,0xCB,0xC5,0xC5,0xC5,0xC5,
0xC5,0xF5,0xF5,0xC5,0xF5,0xF5,0xF5,0xF5,0xF5,0xF5,0xF5,0xF5,0xF5,0xF5,0xF5,0xF5,0xF1,0xF1,0xA6,0x7B,0x73,0x7F,0x7F,0x7A,0x7A,
0x4D,0x73,0xF2,0xF2,0x22,0x1F,0x1F,0x22,0x22,0x22,0x1F,0x6E,0x22,0x7B,0x22,0x22,0x22,0x22,0x24,0x6C,0x6A,0x29,0x51,0x2A,0x27,
0x6A,0x1E,0x24,0x12,0x15,0x80,0x9B,0x8B,0x1B,0x95,0x99,0x09,0x95,0x99,0x99,0x6B,0x8D,0x89,0xA5,0xA3,0xB5,0x82,0xB8,0xD9,0xC3,
0x40,0xA4,0x93,0x93,0x82,0xA0,0xA8,0xA0,0x1E,0x40,0xB0,0xB0,0x94,0xB8,0x36,0x37,0xA0,0x94,0xC2,0x94,0x69,0x53,0x69,0x76,0x7D,
0x6F,0x28,0x2D,0x2D,0x2D,0x2D,0x28,0x28,0x6F,0x6F,0x2E,0x2F,0x2C,0x2D,0x2E,0x2C,0x55,0x67,0x67,0x6C,0x6C,0x2F,0x53,0x70,0x02,
0x00,0x01,0x01,0x01,0x01,0x02,0x01,0x00,0x01,0x00,0x00,0x00,0x00,0x70,0x76,0x75,0x75,0x62,0x36,0x53,0x53,0x76,0x76,0x59,0x77,
0x76,0x45,0x00,0x01,0x91,0x82,0xA5,0xA5,0xB5,0xA5,0xA5,0xA5,0xA5,0xB3,0x94,0xB3,0xB3,0xB5,0xBC,0xBC,0xBC,0xBC,0xB6,0xC2,0xBC,
0xBC,0xBE,0xBC,0xBE,0xBC,0xDF,0x44,0xCA,0xCF,0xCF,0xCF,0xCF,0xCF,0xCF,0xCF,0xCF,0xCF,0xCF,0xCF,0xCF,0xCF,0xCF,0xCF,0xCF,0xCF,
0xCF,0xCF,0xCF,0xCF,0xCF,0xCF,0xCF,0xCF,0xCF,0xE1,0x97,0xA2,0xBF,0xBF,0xCB,0xBF,0xBF,0xDF,0xAE,0xCF,0xCF,0xCF,0xCF,0xCF,0xCF,
0xCF,0xCF,0xCF,0xCE,0xA6,0xCC,0xBB,0xBF,0xBF,0xCB,0xC5,0xC5,0xF1,0xC5,0xF5,0xF5,0xF5,0xF5,0xF5,0xF5,0xF5,0xF5,0xF5,0xF5,0xF5,
0xF5,0xF5,0xF5,0xF5,0xF5,0xC5,0xF1,0xAC,0xB8,0x13,0x73,0x7F,0x7F,0x73,0x7A,0x73,0x6D,0x72,0x22,0x24,0x1F,0x24,0x22,0x1F,0x4F,
0x5F,0x5A,0x12,0x7B,0x7B,0x74,0x23,0x90,0x2C,0x51,0x63,0x38,0x38,0x3E,0x39,0x27,0x6A,0x27,0x5D,0x32,0x10,0x9B,0x8B,0x8C,0x95,
0x95,0x95,0x99,0x95,0x95,0x6B,0x8D,0xAA,0xAA,0x9A,0xA5,0xA5,0xAA,0x7F,0xC9,0x74,0xA0,0xA8,0x88,0xA8,0xA4,0xA8,0xA8,0x42,0xEB,
0xF1,0xC2,0xC7,0x55,0x37,0x37,0x56,0xA0,0x94,0xC2,0x37,0x69,0x76,0x76,0x69,0x46,0x53,0x76,0x63,0x63,0x77,0x3C,0x77,0x3C,0x0A,
0x2F,0x27,0x2F,0x2F,0x2F,0x2F,0x30,0x6C,0x2F,0x78,0x76,0x02,0x00,0x00,0x00,0x01,0x01,0x01,0x01,0x00,0x00,0x02,0x01,0x01,0x01,
0x01,0x01,0x01,0x00,0x00,0x69,0x9E,0x68,0x9E,0x38,0x53,0x53,0x53,0x76,0x59,0x7E,0x00,0x01,0x45,0x82,0xA5,0xA5,0xA5,0xA5,0xA5,
0xA5,0xB3,0x96,0xA5,0xB3,0xB5,0xBC,0xBC,0xBC,0xBC,0xB6,0xB6,0xB6,0xBE,0xBE,0xBE,0x96,0x98,0x98,0x98,0xDE,0x3F,0xD2,0xCF,0xCF,
0xCF,0xCF,0xCF,0xCF,0xCF,0xCF,0xCF,0xCF,0xCF,0xCF,0xCF,0xCF,0xCF,0xCF,0xCF,0xCF,0xCF,0xCF,0xCF,0xCF,0xCF,0xCF,0xCF,0xCF,0xCF,
0xC6,0xA2,0xCB,0xBF,0xCB,0xCB,0xBF,0xDE,0xEB,0xCF,0xCF,0xCF,0xCF,0xCF,0xCF,0xCF,0xCF,0xCF,0xCF,0xC1,0xCC,0xBB,0xBF,0xBF,0xCB,
0xCB,0xC5,0xC5,0xC5,0xC5,0xF5,0xC5,0xF5,0xF5,0xF5,0xF5,0xF5,0xF5,0xF5,0xF5,0xF5,0xF5,0xF5,0xF5,0xF7,0xC5,0xF1,0xAC,0x74,0x7A,
0x7F,0xD9,0x7A,0xEA,0x73,0xEA,0x72,0xF2,0xE4,0xE4,0x24,0x24,0x24,0x25,0x5F,0x1E,0x74,0x13,0x6D,0x7B,0x90,0x2C,0x51,0x77,0x39,
0x63,0x38,0x3E,0x38,0x3D,0x35,0x6A,0x27,0x27,0x27,0x49,0x31,0x80,0x9D,0x1A,0x95,0x95,0x95,0x6B,0x95,0x99,0x54,0x42,0xB8,0xAA,
0xAA,0x89,0x89,0xF2,0x7F,0x23,0x6F,0x53,0x92,0xA5,0x82,0x82,0xA8,0x40,0xDB,0xB1,0xB2,0x23,0x53,0x38,0x63,0x36,0x35,0x94,0x94,
0x94,0x07,0x69,0x05,0x45,0xC4,0xC4,0x7E,0x69,0x92,0x53,0x53,0x92,0x53,0x53,0x2D,0x2F,0x2C,0x2C,0x2E,0x2F,0x30,0x7D,0x04,0x01,
0x00,0x02,0x02,0x02,0x01,0x01,0x00,0x00,0x00,0x91,0x7E,0x92,0x7E,0x04,0x00,0x01,0x02,0x01,0x02,0x03,0x70,0x76,0x2E,0x62,0x7D,
0x53,0x7D,0x8F,0x8F,0x76,0x05,0x00,0x01,0x88,0xA5,0xA5,0xA5,0xA4,0xA5,0xA5,0xB5,0xA5,0xB3,0xBC,0xB5,0xB5,0xB5,0xBC,0xB6,0xB6,
0xB6,0xBC,0xB6,0xBC,0x98,0xBE,0x98,0xA2,0x98,0x98,0xB6,0x81,0xCD,0xCF,0xCF,0xCF,0xCF,0xCF,0xCF,0xCF,0xCF,0xCF,0xCF,0xCF,0xCF,
0xCF,0xCF,0xCF,0xCF,0xCF,0xCF,0xCF,0xCF,0xCF,0xCF,0xCF,0xCF,0xCF,0xCF,0xCF,0xC8,0xAB,0xCB,0xCB,0xCB,0xBA,0xBB,0xBC,0xAA,0xCA,
0xCF,0xCF,0xCF,0xCF,0xCF,0xCF,0xCF,0xCF,0xCE,0xC8,0xCC,0xBF,0xBF,0xCB,0xCB,0xCB,0xCB,0xC5,0xC5,0xC5,0xC5,0xF5,0xC5,0xF5,0xF5,
0xF5,0xF5,0xF5,0xF5,0xF5,0xF5,0xF5,0xF5,0xF5,0xC5,0xF1,0xB1,0xB2,0x7A,0xD9,0xD9,0xD9,0x73,0xEA,0x6D,0x72,0xF2,0x74,0x22,0x22,
0xE4,0x25,0x4E,0x1E,0x42,0x4E,0x73,0xEA,0xF2,0x50,0x51,0x3A,0x34,0x51,0x34,0x39,0x38,0x3D,0x38,0x39,0x51,0x2A,0x27,0x27,0x44,
0x41,0x79,0x83,0x18,0x1C,0x1C,0x1C,0x1A,0x1B,0x99,0x8D,0x8D,0x79,0x0C,0x55,0x2C,0x2E,0x2E,0x51,0x77,0x8F,0x53,0x7E,0x92,0xA5,
0xB5,0x82,0xA8,0xA8,0xC1,0xB0,0xEF,0x76,0x38,0x3D,0x39,0x34,0x61,0xF6,0x94,0x94,0x92,0x04,0x45,0x05,0x05,0x46,0x69,0x92,0x53,
0x53,0x53,0x92,0x53,0x92,0x2C,0x2C,0x2D,0x2F,0x2C,0x61,0x76,0x02,0x00,0x01,0x01,0x02,0x01,0x02,0x01,0x00,0x71,0x91,0x7E,0xA0,
0x89,0xA0,0x40,0x40,0x3E,0x7E,0xC4,0xC4,0x7E,0x3E,0x40,0x41,0x28,0x2F,0x77,0x38,0x7D,0x7D,0x7D,0x07,0x71,0x01,0x91,0x82,0xA5,
0xA5,0xB5,0xA5,0xA5,0xB5,0xB3,0xB3,0xB5,0xB5,0xDE,0xBC,0xBC,0xBC,0xBC,0xB6,0xBC,0xBC,0xBE,0x98,0x98,0xC2,0x98,0x98,0xB6,0xB6,
0xBC,0xDF,0xD9,0xCF,0xCF,0xCF,0xCF,0xCF,0xCF,0xCF,0xCF,0xCF,0xCF,0xCF,0xCF,0xCF,0xCF,0xCF,0xCF,0xCF,0xCF,0xCF,0xCF,0xCF,0xCF,
0xCF,0xCF,0xCF,0xCF,0xCF,0xC6,0x9F,0xC5,0xCB,0xC5,0xCB,0xBF,0xBB,0xDF,0xD9,0xCF,0xCF,0xCF,0xCF,0xCF,0xCF,0xCF,0xCF,0xCF,0xDA,
0xAF,0xBF,0xBF,0xCB,0xC5,0xCB,0xC5,0xC5,0xC5,0xF5,0xC5,0xC5,0xF5,0xF5,0xF5,0xF5,0xF5,0xF5,0xF5,0xF5,0xF5,0xF5,0xF5,0xC5,0xB1,
0xB0,0xA6,0xD7,0xD9,0xC9,0xC9,0x7F,0xEA,0xF2,0x7B,0x7B,0x7B,0x22,0x22,0x22,0x24,0x25,0x1E,0x5F,0x42,0xE4,0x7A,0x7B,0x26,0x29,
0x6A,0x55,0x6C,0x52,0x30,0x2D,0x61,0x77,0x39,0x51,0x3C,0x39,0x41,0x6A,0x2B,0x41,0x44,0x54,0x48,0x1B,0x1C,0x1B,0x1B,0x99,0x99,
0x3A,0x63,0x8D,0x8D,0x48,0x6F,0x2A,0x2A,0x3A,0x3D,0x3E,0x53,0x92,0x53,0x93,0xB5,0x82,0xDF,0x82,0xC2,0x97,0x75,0x38,0x36,0x62,
0x2B,0x2E,0xE3,0x6A,0x35,0x94,0x82,0x04,0x05,0x05,0x05,0x69,0x07,0x07,0x53,0x53,0x53,0x53,0x53,0x53,0x30,0x30,0x2C,0x2C,0x2E,
0x69,0x00,0x00,0x01,0x01,0x01,0x02,0x02,0x02,0x00,0x91,0x3F,0xA0,0xA0,0xA0,0x93,0x89,0xA5,0x89,0x97,0x93,0x40,0x93,0x93,0x89,
0xAA,0x57,0x43,0x6C,0x51,0x77,0x77,0x77,0x77,0x53,0x00,0x00,0x7E,0xA5,0xA5,0xA4,0xA4,0xA5,0xB3,0xA5,0xB5,0xB5,0xDE,0xB3,0xBC,
0xBC,0xBC,0xBC,0xB6,0xBE,0xBE,0x98,0x98,0x98,0xA7,0xA7,0xA2,0xC2,0xC2,0xB6,0xDE,0xDF,0xD9,0xCF,0xCF,0xCF,0xCF,0xCF,0xCF,0xCF,
0xCF,0xCF,0xCF,0xCF,0xCF,0xCF,0xCF,0xCF,0xCF,0xCF,0xCF,0xCF,0xCF,0xCF,0xCF,0xCF,0xCF,0xCF,0xCF,0xCA,0xC7,0xA7,0xB1,0xB1,0xC5,
0xC5,0xCB,0xB7,0xDE,0x40,0xDC,0xCF,0xCF,0xCF,0xCF,0xCF,0xCF,0xCF,0xCF,0xCF,0xD5,0xCC,0xBF,0xBF,0xCB,0xC5,0xC5,0xC5,0xC5,0xF5,
0xC5,0xF5,0xC5,0xC5,0xF5,0xF5,0xF5,0xF5,0xF5,0xF5,0xF5,0xC5,0xC5,0xB1,0xAC,0xA7,0x4E,0x23,0xEA,0x7F,0xD9,0x7F,0xEA,0x7B,0x7B,
0x72,0x60,0x24,0x4F,0x90,0x25,0x5F,0x1E,0x1E,0x1E,0xA9,0xF2,0x90,0x60,0x8E,0x7B,0x7B,0x23,0x6C,0x55,0x30,0x2C,0x2D,0x51,0x63,
0x38,0x63,0x39,0x44,0x27,0x2B,0x44,0x54,0x3B,0x3B,0x3A,0x8D,0x8D,0x8D,0x3A,0x99,0x99,0x56,0x99,0x83,0x5B,0x33,0x2C,0x2E,0x2A,
0x2A,0x3C,0x7D,0x76,0x40,0xB5,0x82,0xDF,0x82,0xC2,0x56,0x75,0xF6,0xE3,0xE3,0x27,0xE3,0x67,0x50,0x34,0x82,0x94,0x7E,0x05,0x05,
0x06,0x92,0x07,0x3E,0x8F,0x8F,0x8F,0x8F,0x76,0x8F,0x0E,0x52,0x52,0x5D,0x39,0x01,0x00,0x01,0x00,0x01,0x01,0x01,0x01,0x01,0x7E,
0xA0,0x93,0x93,0x93,0x93,0x94,0xA5,0x97,0x97,0x97,0x97,0x97,0x89,0x97,0x89,0xAA,0xAA,0x42,0x0E,0x50,0x51,0x34,0x9E,0x77,0x92,
0x00,0x02,0xA8,0xA5,0xA5,0xA5,0xA5,0xB5,0xB5,0xB3,0xB3,0xA4,0xB5,0xB3,0xB3,0xBE,0x98,0xBE,0x98,0x98,0xBE,0x98,0x9F,0xA7,0xA2,
0xA7,0xA2,0xCC,0xB6,0xB6,0xBC,0xDF,0xC3,0xCF,0xCF,0xCF,0xCF,0xCF,0xCF,0xCF,0xCF,0xCF,0xCF,0xCF,0xCF,0xCF,0xCF,0xCF,0xCF,0xCF,
0xCF,0xCF,0xCF,0xCF,0xCF,0xCF,0xCF,0xCF,0xCF,0xCF,0xDA,0xD4,0xF1,0xC5,0xB1,0xC5,0xC5,0xBF,0xB7,0xDF,0x4E,0xCF,0xCF,0xCF,0xCF,
0xCF,0xCF,0xCF,0xCF,0xCF,0xCF,0xC8,0xCC,0xBF,0xBF,0xC5,0xC5,0xF5,0xC5,0xF5,0xC5,0xC5,0xF5,0xF5,0xF5,0xF5,0xF5,0xF5,0xF5,0xC5,
0xC5,0xB1,0xAB,0xAB,0x9F,0xAA,0x2E,0x27,0x26,0x50,0x7B,0x6D,0xF2,0x74,0x22,0x74,0x60,0x24,0x90,0x6E,0x5F,0x1E,0x5F,0xE3,0xE4,
0xC3,0x74,0x6D,0x6D,0x7B,0x23,0x21,0x6C,0x55,0x26,0x67,0x6C,0x50,0x29,0x3B,0x39,0x38,0x8F,0x77,0x6A,0x5F,0x1E,0x44,0x54,0x8D,
0x3A,0x63,0x3D,0x63,0x99,0x99,0x99,0x99,0x8D,0x1B,0x0D,0x17,0x0F,0x67,0x6A,0x27,0x2E,0x51,0x75,0x7D,0x82,0xDF,0xDF,0xDF,0x82,
0x37,0x62,0x6A,0x67,0xE3,0x2C,0xEF,0x4F,0x67,0x9E,0x53,0x82,0xBD,0x07,0x07,0x53,0x76,0x8F,0x59,0x7D,0x7D,0x7D,0x7D,0x7D,0x7D,
0x0F,0x17,0x17,0x0E,0x54,0x04,0x00,0x01,0x00,0x01,0x01,0x00,0x02,0x3F,0x97,0x97,0x94,0xA5,0x94,0xA5,0xA5,0xA5,0x97,0x97,0x97,
0x97,0x97,0x97,0x89,0x97,0x89,0xAA,0xAA,0x41,0x8E,0x6E,0x77,0x51,0x6F,0x7E,0x00,0x45,0xA0,0xA5,0xA4,0xA4,0xA4,0xA5,0xB3,0xA4,
0xB5,0xB3,0xB3,0xB3,0x98,0xBE,0x98,0x98,0xBE,0x98,0x98,0x98,0xA2,0x9F,0xA2,0xAC,0xA2,0xA2,0xB7,0xB6,0xBC,0xDF,0xD9,0xCF,0xCF,
0xCF,0xCF,0xCF,0xCF,0xCF,0xCF,0xCF,0xCF,0xCF,0xCF,0xCF,0xCF,0xCF,0xCF,0xCF,0xCF,0xCF,0xCF,0xCF,0xCF,0xCF,0xCF,0xCF,0xDD,0x73,
0x5D,0x4A,0x72,0xF1,0xC5,0xC5,0xCB,0xCB,0xBB,0xBC,0xA4,0xDD,0xCF,0xCF,0xCF,0xCF,0xCF,0xCF,0xCF,0xCF,0xCF,0xCE,0xE2,0xCC,0xBB,
0xBF,0xCB,0xC5,0xF5,0xC5,0xF5,0xF5,0xF5,0xF5,0xF5,0xF5,0xF5,0xC5,0xBA,0xC5,0xCB,0xB1,0x9F,0x9F,0x89,0x34,0x2A,0x29,0x44,0x27,
0x26,0x50,0x23,0x7B,0x23,0x60,0x90,0x25,0x6E,0x5F,0x1E,0x6A,0x1E,0x1E,0xE4,0xF2,0x24,0x25,0x5D,0x67,0x26,0x27,0x27,0x5F,0x90,
0x23,0x74,0x22,0x74,0x74,0x23,0x5D,0x68,0x63,0x51,0x1E,0x21,0x4E,0x54,0x3C,0x3A,0x8D,0x3A,0x8D,0x99,0x99,0x3F,0x99,0x1B,0x0A,
0x0A,0x99,0x0C,0x52,0x2C,0x2C,0x2E,0x68,0x9E,0x7D,0x92,0xDF,0x81,0xBD,0x88,0x2A,0x67,0xEF,0x5F,0xE3,0x50,0x60,0xEF,0x29,0x7D,
0x7D,0x92,0x91,0x69,0x59,0x0A,0x0A,0x0A,0x78,0x77,0x77,0x7D,0x7D,0x53,0x38,0x17,0x17,0x17,0x0C,0x0C,0x53,0x01,0x00,0x01,0x01,
0x00,0x91,0x93,0x97,0x97,0x97,0x97,0x97,0xA5,0xA5,0x97,0x96,0x96,0x97,0x9F,0x97,0x97,0x97,0x9A,0x97,0x9A,0xAA,0xB8,0x40,0x23,
0x7A,0x27,0x78,0x51,0xC4,0x00,0xC4,0x93,0xA5,0xA5,0xB5,0xA5,0xA4,0xA4,0xB3,0xB3,0xB3,0xBE,0xBE,0xBE,0x98,0x98,0x98,0x98,0xA2,
0x9F,0xA2,0x98,0xA2,0xA7,0xA7,0xAB,0xAB,0xB7,0xB6,0xB6,0xDF,0x7F,0xCF,0xCF,0xCF,0xCF,0xCF,0xCF,0xCF,0xCF,0xCF,0xCF,0xCF,0xCF,
0xCF,0xCF,0xCF,0xCF,0xCF,0xCF,0xCF,0xCF,0xCF,0xCF,0xCF,0xE5,0x5F,0x53,0x46,0x7E,0x88,0x3F,0x42,0xC1,0xC5,0xC5,0xCB,0xBF,0xB7,
0xB6,0x9A,0xDC,0xCF,0xCF,0xCF,0xCF,0xCF,0xCF,0xCF,0xCF,0xCF,0xCE,0xD5,0xA2,0xBB,0xCB,0xC5,0xC5,0xF5,0xC5,0xF5,0xC5,0xF5,0xF5,
0xF5,0xF5,0xC5,0xCB,0xCB,0xBF,0x9F,0x9F,0x97,0x3B,0xED,0x2A,0x41,0x29,0x27,0x27,0x6A,0x6A,0x5D,0x90,0x23,0x72,0x4F,0x4E,0x1E,
0x6A,0x42,0x42,0x5F,0x4F,0x4F,0x6E,0x6E,0x5D,0x26,0x6A,0x6A,0x90,0x23,0x23,0x60,0x21,0x21,0x21,0x20,0x22,0x13,0x73,0x6C,0x77,
0x63,0x6A,0x20,0x33,0x44,0x8D,0x63,0x56,0x99,0x3F,0x99,0x95,0x95,0x99,0x99,0x99,0x99,0x1B,0x5C,0x67,0xE3,0x6A,0x2E,0x68,0x9E,
0x7D,0x3E,0x88,0x37,0xE3,0x67,0xEF,0x5F,0xEF,0xEF,0x90,0x90,0x50,0x55,0x30,0x30,0x87,0x70,0x04,0x77,0x76,0x76,0x76,0x53,0x53,
0x53,0x53,0x53,0x37,0x34,0x17,0x17,0x17,0x1C,0x48,0x36,0x03,0x00,0x01,0x01,0x00,0x92,0x96,0x97,0x97,0x97,0x97,0x97,0x97,0x96,
0x96,0x97,0x96,0x97,0xA7,0x9F,0x9A,0x9A,0x97,0x9A,0xAA,0xAA,0xAA,0x40,0x23,0xDD,0xE4,0x77,0x29,0x92,0x45,0x7E,0x93,0xA5,0xA4,
0xA5,0xA5,0xB3,0xB3,0xB3,0xB3,0xB3,0xBE,0x98,0x98,0x98,0x98,0x98,0xA7,0xA7,0x98,0xA2,0xA2,0xA7,0xA2,0xAB,0xAB,0xAB,0xB7,0xB7,
0xB6,0xDE,0x13,0xCF,0xCF,0xCF,0xCF,0xCF,0xCF,0xCF,0xCF,0xCF,0xCF,0xCF,0xCF,0xCF,0xCF,0xCF,0xCF,0xCF,0xCF,0xCF,0xCF,0xCF,0xDC,
0x7A,0x39,0x05,0x69,0xA0,0xAF,0xAC,0xCC,0xAF,0xAA,0xA6,0xCB,0xBF,0xBF,0xBA,0xBB,0xB6,0x8A,0xCA,0xCF,0xCF,0xCF,0xCF,0xCF,0xCF,
0xCF,0xCF,0xCF,0xCF,0xD6,0xF1,0xBF,0xBF,0xC5,0xC5,0xC5,0xC5,0xC5,0xF5,0xF5,0xC5,0xC5,0xCB,0xCB,0xB1,0xB0,0x9F,0x9F,0x40,0x34,
0x3B,0x2A,0x2A,0x2B,0x2B,0x44,0x2A,0x27,0x27,0x1E,0x72,0x4D,0x14,0x14,0x14,0x4D,0x14,0x5A,0x1E,0x90,0x25,0x25,0x50,0x5F,0x6A,
0x5F,0x24,0x74,0x21,0x24,0x21,0x6C,0x25,0x6C,0x6C,0x6C,0x21,0x11,0x13,0x10,0x79,0x8F,0x44,0x33,0x32,0x0E,0x8D,0x8D,0x99,0x99,
0x95,0x95,0x95,0x99,0x58,0x99,0x99,0x1B,0x5C,0x5D,0x50,0x50,0x67,0x2C,0x2E,0x67,0x5F,0x67,0x67,0x50,0x90,0xEF,0x50,0x90,0xEF,
0xE3,0x2C,0x2C,0x2C,0x2F,0x28,0x2F,0x78,0x70,0x63,0x2F,0x61,0x34,0x75,0x38,0x53,0x36,0x62,0x61,0x51,0x17,0x17,0x1C,0x0C,0x6F,
0x75,0x70,0x00,0x01,0x01,0x00,0x88,0x97,0x97,0x97,0x97,0x9F,0x9F,0x9F,0x9F,0x9F,0x96,0x9F,0x9F,0x97,0xA6,0x9F,0xA6,0x97,0xA6,
0x9A,0xA6,0xAA,0x89,0x73,0xDC,0xC8,0x26,0x2F,0x3E,0x00,0x92,0xA5,0xA4,0xA5,0xA5,0xA5,0xB3,0xB3,0xB3,0xB3,0xBE,0x98,0x98,0x98,
0xAF,0xA7,0xA2,0xA2,0xA2,0x9F,0xA2,0x9F,0xA2,0xA7,0xAB,0xAB,0xAB,0xB7,0xB7,0xB6,0xDF,0x8E,0xCF,0xCF,0xCF,0xCF,0xCF,0xCF,0xCF,
0xCF,0xCF,0xCF,0xCF,0xCF,0xCF,0xCF,0xCF,0xCF,0xCF,0xCF,0xCF,0xCF,0xD9,0x7D,0x69,0x46,0x7E,0x93,0xCC,0xCC,0xA2,0xA2,0xA2,0x98,
0x9A,0xAC,0xBB,0xBB,0xBB,0xBA,0xBB,0xBE,0xD5,0xCF,0xCF,0xCF,0xCF,0xCF,0xCF,0xCF,0xCF,0xCF,0xCF,0xCF,0xCF,0xE2,0xCB,0xCB,0xCB,
0xCB,0xC5,0xC5,0xC5,0xC5,0xC5,0xCB,0xCB,0xB1,0xB1,0x98,0x9F,0x40,0x34,0x3B,0x3B,0x41,0x2B,0x44,0x2A,0x41,0x2B,0x27,0x1E,0x4B,
0x14,0x14,0x14,0x9B,0x14,0xA1,0xA1,0xCD,0x5E,0x5F,0x6E,0x50,0x5F,0x6A,0x1E,0x60,0x7B,0x23,0x21,0x21,0x25,0x50,0x6C,0x5D,0x5D,
0x52,0x52,0x0F,0x10,0x15,0x14,0x10,0x48,0x3E,0x48,0x0F,0x0D,0x8D,0x1B,0x85,0x85,0x1A,0x95,0x99,0x99,0x99,0x1B,0x86,0x5C,0x49,
0x90,0x4F,0x90,0x5F,0xEF,0x50,0xE3,0xEF,0x90,0x4F,0x90,0xEF,0xEF,0xE3,0x36,0x36,0x51,0x9E,0x77,0x7D,0x7D,0x76,0x7D,0x76,0x7D,
0x2F,0x2F,0x2E,0x2C,0x62,0xE3,0x67,0x61,0x77,0x0A,0x17,0x17,0x0C,0x2D,0x62,0x53,0x03,0x00,0x01,0x00,0x71,0x93,0x96,0x96,0x97,
0x97,0x9F,0x97,0x9F,0x9F,0x9F,0x9F,0x9F,0x9F,0x9F,0x97,0xA6,0x97,0xA7,0x97,0xA6,0xA6,0x97,0x40,0xCD,0xD1,0xE5,0x7A,0x26,0x3E,
0x00,0x88,0xA5,0xA5,0xA4,0xA5,0xA5,0xB3,0xB3,0xBE,0xBE,0x98,0xBE,0x98,0xA7,0xA2,0xA2,0x9F,0xA2,0xA2,0xA2,0xA2,0xAB,0xA2,0xA2,
0xAB,0xAB,0xBF,0xBB,0xB7,0xB7,0xDF,0x6C,0xCF,0xCF,0xCF,0xCF,0xCF,0xCF,0xCF,0xCF,0xCF,0xCF,0xCF,0xCF,0xCF,0xCF,0xCF,0xCF,0xCF,
0xCF,0xCF,0xDD,0x38,0x69,0x46,0x92,0xB3,0xB7,0xB6,0xB6,0xB6,0xA2,0xA2,0xA2,0xCC,0xAF,0xA7,0xCC,0xCC,0xBB,0xBA,0xBB,0xA3,0xD9,
0xCF,0xCF,0xCF,0xCF,0xCF,0xCF,0xCF,0xCF,0xCF,0xCF,0xCF,0xCF,0xE9,0xF7,0xF1,0xCB,0xC5,0xC5,0xC5,0xC5,0xCB,0xB1,0xB1,0xB1,0x9F,
0x9F,0x89,0x35,0x3B,0xED,0xED,0x41,0x41,0x2A,0x41,0x2B,0x27,0x42,0x33,0x11,0x14,0x9B,0x9B,0x8B,0x9B,0x9B,0xA1,0xA1,0xCD,0x4B,
0x1E,0x5F,0x6A,0x6A,0x60,0x7B,0x74,0x60,0x24,0x21,0x6C,0x25,0x50,0x52,0x52,0x4A,0x0F,0x9D,0x5C,0x18,0x16,0x9B,0x9B,0x5C,0x63,
0x8D,0x0C,0x0C,0x31,0x8B,0x85,0x1C,0x58,0x95,0x95,0x95,0x8C,0x1C,0x1C,0x25,0x74,0x60,0x90,0xEF,0x5F,0x50,0xEF,0x90,0xEF,0x90,
0x60,0x5F,0x68,0x38,0x3E,0x38,0x77,0x77,0x77,0x7D,0x8F,0x76,0x8F,0x7D,0x63,0x7D,0x39,0x75,0x37,0xF6,0x50,0x2E,0x0A,0x09,0x58,
0x17,0x1C,0x0C,0x29,0x36,0x69,0x00,0x01,0x01,0x00,0x7E,0x94,0x96,0x96,0x96,0x97,0x9F,0x9F,0x9F,0x9F,0x9F,0x9F,0x9F,0x9F,0x9F,
0xAC,0xA6,0xAC,0x9F,0xA6,0xA6,0xA6,0x96,0x57,0xD1,0xD1,0xD1,0xDC,0xAE,0x69,0x00,0x88,0xA5,0x93,0xA5,0xA5,0xB3,0xAD,0x98,0x98,
0x98,0xBE,0x98,0x98,0xA2,0xA7,0xA2,0xA7,0xA2,0xAB,0xA2,0xA2,0xA2,0xAB,0xAB,0xAC,0xAB,0xAB,0xBF,0xB7,0xB6,0xDE,0x44,0xCA,0xCF,
0xCF,0xCF,0xCF,0xCF,0xCF,0xCF,0xCF,0xCF,0xCF,0xCF,0xCF,0xCF,0xCF,0xCF,0xCF,0xCF,0xCF,0xE3,0x05,0x05,0x45,0xB5,0xB6,0xB6,0xB6,
0xB6,0xB6,0xC2,0xAB,0xA7,0xA2,0xCC,0xCC,0xAF,0xBE,0xBB,0xBF,0xBF,0xCC,0xA3,0xE0,0xCF,0xCF,0xCF,0xCF,0xCF,0xCF,0xCF,0xCF,0xCF,
0xCF,0xCF,0xCF,0xCF,0xE6,0xE2,0xA6,0xAC,0xB1,0xCB,0xB1,0xB1,0xB1,0xAC,0xA7,0x97,0x3B,0x3B,0x3B,0x41,0x41,0x41,0x2A,0x41,0x44,
0x44,0x27,0x43,0x11,0x14,0x14,0x9B,0x18,0xC0,0x85,0xF4,0xF4,0x9B,0xA1,0xA1,0x43,0x6A,0x27,0x6E,0xF2,0x7B,0x74,0x60,0x21,0x90,
0x90,0x90,0x25,0x25,0x4A,0x0F,0x4C,0x5C,0x16,0x18,0x18,0x85,0x8B,0x9B,0x9B,0x16,0x43,0x3C,0x8D,0x16,0x16,0x85,0x1C,0x95,0x8C,
0x8C,0x8C,0x1B,0x83,0x90,0x60,0x60,0x90,0x50,0x50,0x50,0x4F,0x90,0x90,0x60,0xE3,0x36,0x3E,0x3E,0x38,0x3D,0x3D,0x7D,0x7D,0x8F,
0x76,0x8F,0x38,0x63,0x7D,0x63,0x37,0x37,0xF6,0x5F,0x30,0x6F,0x09,0x64,0x64,0x31,0x17,0x44,0x68,0x38,0x03,0x00,0x01,0x00,0x02,
0x88,0x94,0x98,0x96,0x96,0x98,0x9F,0x9F,0xA7,0x9F,0x9F,0x9F,0x9F,0xAB,0x9F,0x9F,0xB0,0xAC,0xAC,0x9F,0x9F,0xC2,0x82,0x73,0xCA,
0xD0,0xD0,0xCA,0xDC,0xEB,0x7E,0xA0,0xA5,0xA4,0xA5,0xA5,0xAD,0x98,0xAD,0xBE,0xBE,0x98,0xA2,0x9F,0xA2,0xA7,0xA2,0xA2,0xAB,0xAB,
0xAB,0xAB,0xAB,0xAB,0xAB,0xBF,0xBF,0xBF,0xBF,0xB7,0xB7,0xDE,0x3F,0xD0,0xCF,0xCF,0xCF,0xCF,0xCF,0xCF,0xCF,0xCF,0xCF,0xCF,0xCF,
0xCF,0xCF,0xCF,0xCF,0xCF,0xD8,0x67,0x46,0x04,0x00,0x88,0xB6,0xBC,0xBC,0xBC,0xB6,0xB6,0xB7,0xAB,0xAC,0xAC,0xCC,0xCC,0xBE,0xCC,
0xCC,0xB7,0xBB,0xBB,0xDF,0x84,0xCF,0xCF,0xCF,0xCF,0xCF,0xCF,0xCF,0xCF,0xCF,0xCF,0xCF,0xCF,0xCF,0xCF,0xCF,0xE1,0xC8,0xC6,0xC6,
0xC6,0xC1,0xA6,0xA6,0x97,0x42,0x41,0x41,0x41,0x41,0x2A,0x2A,0x41,0x41,0x41,0x2B,0x2B,0x4E,0x13,0xA1,0x9B,0xF4,0x1C,0xC0,0xC0,
0x1C,0xC0,0x85,0x9B,0xA1,0x0F,0x41,0x42,0x24,0xF2,0x7B,0x72,0x23,0x24,0x24,0x21,0x21,0x20,0x4A,0x0F,0x0F,0x5C,0x16,0x18,0x18,
0x85,0x85,0x18,0xF4,0x8B,0x9B,0x9B,0x0D,0x3B,0x79,0x17,0x18,0x5C,0x1C,0x1C,0x8C,0x86,0x17,0x49,0x50,0x90,0x90,0xEF,0x50,0x6E,
0x4F,0x60,0xEF,0xEF,0x2B,0x37,0x3E,0x3D,0x3E,0x3E,0x3E,0x3D,0x38,0x7D,0x7D,0x7D,0x7D,0x63,0x7D,0x39,0x75,0x37,0x34,0x5F,0x50,
0x2F,0x6B,0x64,0x64,0x64,0x32,0x43,0x29,0x36,0x70,0x00,0x01,0x01,0x00,0x81,0x82,0x93,0x97,0x9A,0x9F,0x9F,0x9F,0x9F,0x9F,0x9F,
0xA7,0x9F,0x9F,0x9F,0xAB,0x9F,0x9F,0xB0,0xB0,0xB0,0x9F,0xC2,0x40,0xD3,0xCF,0xD0,0xD0,0xD8,0xCA,0xCF,0xE5,0xD4,0xD5,0xAA,0xA4,
0xAD,0x9A,0xAD,0x98,0x98,0x98,0x9F,0xA2,0x98,0xA2,0xAB,0xAC,0xAC,0xAB,0xAB,0xAB,0xBF,0xA2,0xAB,0xBF,0xAC,0xCB,0xBF,0xBF,0xB7,
0xB7,0xBC,0x3F,0xE0,0xCF,0xCF,0xCF,0xCF,0xCF,0xCF,0xCF,0xCF,0xCF,0xCF,0xCF,0xCF,0xCF,0xCF,0xCF,0xCF,0x27,0x04,0x04,0x02,0xBD,
0xB6,0xB6,0xB6,0xB6,0xB6,0xB6,0xB6,0xB7,0xBF,0xBF,0xAC,0xA7,0xCC,0xCC,0xCC,0xBB,0xBB,0xBB,0xBB,0xBE,0xDF,0xD3,0xCF,0xCF,0xCF,
0xCF,0xCF,0xCF,0xCF,0xCF,0xCF,0xCF,0xCF,0xCF,0xCF,0xCF,0xCF,0xCF,0xCF,0xCF,0xCF,0xD8,0xC6,0xC6,0x4F,0x3B,0x41,0x41,0x41,0xED,
0x41,0x3B,0x2A,0x41,0x41,0x41,0x44,0x4B,0x4D,0xA1,0x80,0x9D,0x1A,0x1A,0xC0,0x1A,0x6B,0x6B,0xC0,0x9B,0x80,0x54,0x27,0x60,0x72,
0x23,0x74,0x23,0x60,0x24,0x60,0x23,0x23,0x4A,0x0F,0x0F,0x16,0x16,0x85,0x1C,0x1C,0x9D,0xC0,0x85,0x85,0xF4,0x8B,0x9B,0x0C,0x3B,
0x41,0x48,0x1B,0x1B,0x86,0x5C,0x0F,0x0E,0x6A,0x5F,0x6E,0x50,0x5F,0x5F,0x50,0x60,0x60,0xEF,0xF6,0x38,0x3E,0x3E,0x3E,0x38,0x3E,
0x3E,0x3D,0x8F,0x8F,0x63,0x63,0x63,0x63,0x63,0x75,0x38,0x36,0x62,0x5F,0x55,0x0B,0x6B,0x64,0x64,0x64,0x33,0x2A,0x62,0x53,0x00,
0x00,0x01,0x00,0x45,0x82,0x89,0x43,0x0C,0x1D,0x57,0x9F,0x9F,0x9F,0xA7,0x9F,0x9F,0xA7,0xAB,0x9F,0x9F,0xAB,0xB0,0xAB,0xB0,0xC2,
0xB7,0x94,0x83,0xCA,0xCA,0xCA,0xD1,0xD0,0xD0,0xCA,0xCF,0xCA,0xCA,0xB2,0xDF,0x96,0xAD,0x96,0x98,0x9F,0x98,0x9F,0xA2,0xAB,0xA2,
0xAC,0xAB,0xAB,0xAB,0xAB,0xAB,0xBF,0xBF,0xAB,0xB1,0xBF,0xBF,0xCB,0xBF,0xB7,0xB7,0xDE,0x7E,0xE0,0xCF,0xCF,0xCF,0xCF,0xCF,0xCF,
0xCF,0xCF,0xCF,0xCF,0xCF,0xCF,0xCF,0xCF,0xCF,0xD9,0x05,0x04,0x01,0x00,0xDF,0xB6,0xB6,0xB6,0xB6,0xB6,0xB7,0xB7,0xAB,0xB1,0xCB,
0xAC,0xAC,0xCC,0xCC,0xA2,0xBF,0xBB,0xCC,0xBB,0xBE,0xA4,0x8D,0xE0,0xCF,0xCF,0xCF,0xCF,0xCF,0xCF,0xCF,0xCF,0xCF,0xCF,0xCF,0xCF,
0xCF,0xCF,0xCF,0xCF,0xCF,0xCA,0xD4,0xC6,0xC8,0x1E,0x42,0x2B,0x41,0x41,0x41,0x41,0x3B,0x41,0x41,0x41,0x41,0x27,0x72,0x4D,0xA1,
0x80,0x1C,0x1A,0x1A,0x1A,0x1A,0x95,0x99,0x95,0xF4,0x8B,0x54,0x2B,0x6E,0x90,0x4F,0x25,0x90,0x24,0x24,0x24,0x23,0x22,0x20,0x32,
0x0F,0x16,0x8B,0x18,0x85,0x1A,0x1B,0x1C,0x1A,0x1C,0x1C,0x85,0x9B,0x16,0x44,0x44,0x2B,0x41,0x44,0x27,0x43,0x27,0x6A,0x5F,0x50,
0x6E,0x5F,0x26,0x5F,0x90,0xEF,0xEF,0x36,0x3E,0x3E,0x3E,0x3E,0x38,0x3E,0x38,0x3E,0x3E,0x3D,0x63,0x77,0x39,0x77,0x77,0x39,0x39,
0x2A,0xEF,0x67,0x5F,0x0E,0x65,0x6B,0xF0,0x64,0xF0,0x27,0x36,0x37,0x69,0x71,0x01,0x00,0x00,0x7E,0x83,0x17,0x1D,0x1E,0x43,0x0D,
0x57,0xA2,0xA2,0xAB,0xA2,0xAC,0xAB,0x9F,0xA2,0xA2,0xB0,0xBB,0xC2,0xC2,0xC2,0xB0,0xA4,0x49,0xCF,0xD0,0xD8,0xD0,0xD0,0xCA,0xD0,
0xD0,0xD0,0xCF,0xC7,0x81,0x9F,0x98,0x98,0x9F,0x9F,0xA2,0xA2,0xAB,0xA2,0xAB,0xAB,0xAB,0xAC,0xAB,0xAB,0xAB,0xBF,0xAB,0xCB,0xBF,
0xCB,0xCB,0xBF,0xBF,0xBF,0xB7,0xBC,0x92,0xD2,0xCF,0xCF,0xCF,0xCF,0xCF,0xCF,0xCF,0xCF,0xCF,0xCF,0xCF,0xCF,0xCF,0xCF,0xD8,0x38,
0x02,0x00,0x00,0xBD,0xBC,0xBC,0xBC,0xBC,0xB6,0xB6,0xB7,0xB7,0xBF,0xAC,0xB1,0xCB,0xCB,0xA7,0xA2,0xAB,0xBB,0xCC,0xCC,0xCC,0xBF,
0xBE,0xDF,0x8D,0x7F,0xCA,0xCF,0xCF,0xCF,0xCF,0xCF,0xCF,0xCF,0xCF,0xCF,0xCF,0xCF,0xCF,0xCF,0xCA,0xDC,0xE2,0xA6,0xB2,0x50,0x2B,
0x2B,0x42,0x42,0x41,0xED,0x3B,0x41,0x2A,0x41,0x41,0x3B,0x6A,0x12,0x13,0x14,0x15,0x1C,0x1A,0x95,0x1A,0x64,0x6B,0x09,0x99,0x8C,
0x8B,0x44,0x41,0x2B,0x6A,0x6A,0x42,0x6A,0x1E,0x5F,0x6E,0x24,0x22,0x20,0x10,0x15,0x80,0x8B,0x85,0x1C,0x1B,0x6B,0x95,0x1A,0x1B,
0x1C,0x86,0x85,0x9B,0x1D,0x44,0x44,0x27,0x27,0x43,0x6A,0x26,0x5F,0x5F,0x5F,0x5F,0x5F,0x5F,0x6E,0x90,0xE3,0x39,0x3E,0x38,0x3E,
0x3E,0x38,0x3E,0x3E,0x3E,0x3E,0x38,0x39,0x51,0x61,0x51,0x2A,0x27,0x4F,0xEA,0x7A,0x74,0x67,0x26,0x66,0x0B,0x1A,0x1A,0xF0,0xF0,
0x34,0x38,0x53,0x53,0x70,0x00,0x00,0x01,0x75,0x33,0x49,0x83,0x49,0x43,0x43,0x44,0x9A,0xA6,0xA2,0xAB,0xAB,0xA2,0xAC,0xAB,0x9F,
0xA2,0xB0,0xC2,0xB7,0xC2,0xBB,0xA4,0x49,0xCF,0xD0,0xCA,0xD0,0xCF,0xCA,0xCA,0xCA,0xCA,0xCF,0xC7,0x88,0x98,0xC2,0x98,0x9F,0xA2,
0xA2,0x9F,0xA2,0xAB,0xAB,0xAB,0xAB,0xBF,0xAB,0xBF,0xBF,0xBF,0xCB,0xCB,0xCB,0xBF,0xCB,0xCB,0xBF,0xB7,0xB7,0xBC,0xBD,0xD3,0xCF,
0xCF,0xCF,0xCF,0xCF,0xCF,0xCF,0xCF,0xCF,0xCF,0xCF,0xCF,0xCF,0xC9,0x76,0x02,0x00,0xEC,0x82,0xB6,0xBC,0xB6,0xB6,0xB6,0xB7,0xB7,
0xB7,0xBB,0xBF,0xBF,0xCB,0xB1,0xCB,0xAC,0xBF,0xAC,0xA2,0xCC,0xCC,0xBB,0xBB,0xBF,0xAF,0xA4,0xA8,0x9C,0x7A,0xE0,0xCF,0xCA,0xCF,
0xD0,0xD0,0xD0,0xD0,0xDC,0xE5,0xE5,0xD5,0xE2,0xF1,0xB1,0xC1,0x42,0x42,0x2B,0x41,0x2B,0x42,0x42,0x41,0x41,0x3B,0x41,0x41,0x2B,
0x41,0x44,0xA9,0x4D,0x11,0x80,0x5C,0x1A,0x95,0x6B,0x1B,0x95,0x95,0x95,0x1A,0x85,0x0D,0x43,0x43,0x27,0x2B,0x2B,0x2B,0x2B,0x2B,
0x27,0x27,0x4E,0x24,0x11,0x11,0x14,0x9B,0x18,0x1C,0x1A,0x95,0x1B,0x6B,0x1B,0x1C,0x1C,0x85,0x9B,0x0F,0x41,0x27,0x27,0x6A,0x6A,
0x26,0x1E,0x5F,0x5F,0x5F,0x26,0x5D,0x90,0x90,0x27,0x37,0x3E,0x3E,0x3E,0x3E,0x38,0x3E,0x38,0x3E,0x38,0x3E,0x35,0x27,0x6A,0x2E,
0x44,0x6A,0x60,0xEA,0x7F,0x73,0x21,0x0E,0x2D,0x0B,0x0B,0x48,0x19,0xC0,0xC0,0x35,0x53,0x37,0x53,0x69,0x71,0x00,0x01,0x29,0x32,
0x31,0x4E,0x49,0x1E,0x43,0x44,0x57,0xA7,0xAC,0xAB,0xAB,0xAC,0xAB,0xAB,0xAB,0xA2,0xA2,0x9F,0xB7,0xB7,0xB0,0xA4,0x4A,0xCF,0xD0,
0xD0,0xD8,0xCA,0xCE,0xCA,0xD0,0xCA,0xCF,0xC7,0x81,0x96,0xB6,0xC2,0xA2,0xA2,0xA2,0xAB,0xA2,0xAB,0xAB,0xAB,0xB1,0xBF,0xBF,0xB1,
0xBF,0xBF,0xBF,0xBF,0xCB,0xCB,0xCB,0xCB,0xBF,0xBF,0xB7,0xBC,0xBD,0xD9,0xCF,0xCF,0xCF,0xCF,0xCF,0xCF,0xCF,0xCF,0xCF,0xCF,0xCF,
0xCF,0x73,0x46,0x45,0x02,0xBD,0xB5,0xB6,0xB6,0xB6,0xB7,0xB7,0xB7,0xB7,0xBB,0xBB,0xAB,0xAB,0xAB,0xCB,0xCB,0xCB,0xBF,0xBF,0xAB,
0xCC,0xCC,0xCC,0xA2,0xAB,0xBF,0xAB,0xCC,0xCC,0xA4,0xA8,0x40,0x8A,0x8A,0xDB,0xC1,0xC1,0xB2,0xC1,0xF1,0xF1,0xB1,0xF1,0xF1,0xF1,
0xF1,0x40,0x75,0x2B,0x27,0xED,0x3B,0x41,0x2B,0x42,0x2B,0x41,0x3B,0x41,0x41,0x41,0x41,0x24,0x4D,0x12,0x5B,0x5B,0x1A,0x6B,0x1B,
0x6B,0x6B,0x6B,0x6B,0x1C,0x9D,0x0E,0x55,0x26,0x27,0x41,0x41,0x29,0x2A,0x51,0x34,0x51,0x2A,0x27,0x49,0x10,0x14,0x80,0x18,0x85,
0x1C,0x1A,0x1A,0x1C,0x1B,0x1C,0x86,0x85,0x80,0x17,0x44,0x27,0x43,0x43,0x6A,0x6A,0x67,0x1E,0x26,0x1E,0x5D,0x4F,0x90,0x2A,0x38,
0x3E,0x38,0x3E,0x37,0x3E,0x3E,0x3E,0x3E,0x3E,0x3E,0xED,0x6E,0x90,0x27,0x68,0x2B,0x50,0x60,0x7B,0x6D,0x6D,0x20,0x55,0x2D,0x28,
0x0B,0x0B,0x0C,0x19,0x1C,0x36,0x53,0x37,0x37,0x37,0x46,0x00,0x01,0x29,0x5B,0x8A,0x31,0x31,0x49,0x1E,0x42,0x41,0x97,0xA7,0xAB,
0xAB,0xAB,0xB1,0xAC,0xB0,0xAB,0xC2,0xA2,0xB0,0xB7,0xB7,0xA4,0x4C,0xCF,0xCA,0xD8,0xCA,0xCE,0xCA,0xCF,0xCA,0xCF,0xCF,0xC7,0x88,
0xBC,0xB6,0xC2,0xA2,0xB0,0xAB,0xAB,0xAB,0xAB,0xBF,0xBF,0xBF,0xBF,0xBF,0xCB,0xBF,0xCB,0xBF,0xCB,0xBF,0xBF,0xCB,0xBF,0xCB,0xBF,
0xB7,0xB6,0x81,0x21,0xCF,0xCF,0xCF,0xCF,0xCF,0xCF,0xCF,0xCF,0xCF,0xCF,0xCF,0xE5,0x53,0x05,0x02,0x00,0xBD,0xBC,0xBC,0xBC,0xB6,
0xB6,0xB7,0xB7,0xB0,0xBB,0xBF,0xBF,0xBF,0xBF,0xCB,0xCB,0xCB,0xBF,0xBF,0xCC,0xAF,0xCC,0xCC,0xA2,0xAB,0xAC,0xCB,0xB1,0xCB,0xAC,
0xA2,0xA7,0x9F,0xA2,0xA7,0xAC,0xB1,0xB1,0xB1,0xB1,0xB1,0xF1,0xC5,0xF1,0xF1,0x89,0x92,0xEC,0xC4,0x53,0x3B,0x3B,0x3B,0x41,0x41,
0x2B,0x1E,0x2B,0x3B,0x3B,0x41,0x41,0x6A,0x5D,0x25,0x49,0x17,0x17,0x1B,0x1B,0x1B,0x1C,0x1C,0x1B,0x1C,0x0D,0x30,0x26,0x27,0x2A,
0x41,0x2B,0x2A,0x2A,0x51,0x34,0x3C,0x3C,0x51,0x2B,0x43,0x32,0x9B,0x16,0x85,0xC0,0x1C,0x1B,0x1A,0x1C,0x1C,0x86,0x85,0x85,0x1D,
0x2B,0x27,0x43,0x6A,0x1E,0x5F,0x5F,0x5F,0x1E,0x5D,0x4F,0x90,0x34,0x3E,0x3E,0x3E,0x3D,0x3E,0x3E,0x3E,0x3E,0x3E,0x36,0x41,0xEF,
0x74,0x21,0x2E,0x34,0xED,0x2C,0x50,0x60,0x8E,0x7B,0x6D,0x7B,0x4A,0x65,0x28,0x6F,0x48,0x65,0x0D,0x0E,0x37,0x37,0x37,0x37,0x53,
0x37,0x70,0x00,0x2F,0x84,0x31,0x31,0x31,0x33,0x1E,0x43,0x41,0xA6,0xA7,0xAB,0xAC,0xB1,0xAB,0xB1,0xAB,0xAB,0xAB,0xAB,0xC2,0xC2,
0xB7,0x93,0x20,0xCF,0xCF,0xD0,0xCE,0xCA,0xCF,0xCF,0xCE,0xCF,0xCF,0xC7,0x81,0xBC,0xB6,0xC2,0xC2,0xAB,0xAB,0xAB,0xAB,0xAB,0xBF,
0xCB,0xAB,0xBF,0xCB,0xCB,0xCB,0xBF,0xBF,0xBF,0xBF,0xCB,0xCB,0xCB,0xCB,0xBA,0xB7,0xB6,0xDF,0x78,0xCF,0xCF,0xCF,0xCF,0xCF,0xCF,
0xCF,0xCF,0xCF,0xCF,0xCF,0x90,0x05,0x45,0x00,0xEC,0x82,0xBC,0xBC,0xB6,0xB6,0xB6,0xB7,0xB7,0xB7,0xBF,0xBF,0xBF,0xBF,0xBF,0xCB,
0xA2,0xAB,0xBF,0xBF,0xCC,0xCC,0xCC,0xCC,0xA2,0xAB,0xAB,0xBF,0xBF,0xB1,0xCB,0xCB,0xB1,0xB1,0xB1,0xB1,0xB1,0xB1,0xB1,0xB1,0xB1,
0xB1,0xB1,0xB1,0xAC,0x89,0xA0,0x81,0xEC,0x00,0x00,0x70,0x3E,0x3A,0x3A,0x3B,0x41,0x42,0xB8,0x2B,0xED,0x3B,0x2A,0x41,0x41,0x44,
0x2B,0x44,0x83,0x5C,0x17,0x0C,0x1B,0x1B,0x1B,0x0C,0x65,0x29,0x29,0x29,0x2A,0x44,0x2B,0x29,0x29,0x51,0x51,0x51,0x2A,0x27,0x27,
0x29,0x2A,0x49,0x16,0x0D,0x1B,0x1C,0x1B,0x95,0x1B,0x8C,0x5C,0x86,0x5C,0x49,0x43,0x27,0x42,0x26,0x5F,0x5D,0x1E,0x6A,0x4E,0x60,
0x50,0x39,0x3E,0x3D,0x3E,0x3D,0x3E,0x3E,0x3E,0x56,0x62,0xEF,0x90,0x60,0x60,0x90,0x26,0x51,0x3A,0x2A,0x6A,0x6C,0x21,0x6D,0x8E,
0x23,0x7B,0x20,0x30,0x28,0x6F,0x0B,0x65,0x1D,0x0D,0x38,0x37,0x39,0x37,0x38,0x37,0x37,0x7E,0x0E,0x14,0x31,0x31,0x31,0x33,0x49,
0x1E,0x41,0x9A,0xA7,0x9F,0xA2,0xA7,0xA6,0xA7,0xBF,0xB1,0xAB,0xB0,0xBB,0xC2,0xBB,0xB5,0x4A,0xCF,0xCF,0xCA,0xE6,0xCF,0xCF,0xCE,
0xCA,0xCF,0xCF,0xB2,0x81,0xBC,0xB6,0xC2,0xBB,0xA2,0xAB,0xAB,0xBF,0xBF,0xBF,0xBF,0xBF,0xBF,0xBF,0xCB,0xBF,0xBF,0xCB,0xBF,0xCB,
0xBF,0xCB,0xCB,0xCB,0xBF,0xB7,0xB7,0xDE,0x3F,0xE0,0xCF,0xCF,0xCF,0xCF,0xCF,0xCF,0xCF,0xCF,0xCF,0xC8,0x46,0x70,0x02,0x00,0x81,
0xBC,0xBC,0xB6,0xB6,0xB6,0xB6,0xB7,0xB7,0xBB,0xBF,0xBF,0xBF,0xBF,0xBF,0xBF,0xA2,0xBB,0xBB,0xBF,0xBB,0xCC,0xA2,0xA2,0xA2,0xAB,
0xAB,0xBF,0xAC,0xCB,0xAB,0xAB,0xB1,0xBF,0xB1,0xB1,0xB1,0xB1,0xAB,0xB0,0xB1,0xB0,0xAC,0x9F,0x89,0xA0,0x88,0xDF,0xEC,0x00,0x00,
0x00,0x46,0x63,0x39,0x3B,0x2A,0x2B,0x42,0x42,0x2B,0x41,0x41,0x41,0x2B,0x27,0x1E,0x5F,0x5F,0x4E,0x17,0x17,0x0C,0x48,0x79,0x51,
0x34,0x51,0x54,0x54,0x41,0x2B,0x44,0x29,0x29,0x54,0x44,0x6A,0x6A,0x2B,0x2A,0x2A,0x34,0x3A,0x44,0x17,0x1B,0x1C,0x1B,0x1C,0x1C,
0x17,0x1C,0x86,0x4A,0x25,0x5D,0x43,0x6A,0x5F,0x5D,0x5D,0x1E,0x6E,0x24,0x2C,0x3D,0x3E,0x3D,0x3E,0x3D,0x38,0x3D,0x35,0xE3,0x90,
0x60,0x60,0x90,0x90,0x25,0x55,0x2D,0x51,0x34,0x27,0x26,0x6C,0x90,0x23,0x6D,0x7B,0x8E,0x7B,0x0E,0x2D,0x28,0x28,0x2D,0x0E,0x49,
0x39,0x3A,0x39,0x3D,0x37,0x39,0x36,0x62,0x11,0x80,0x80,0x31,0x31,0x31,0x33,0x1E,0x57,0x9A,0x9F,0xA7,0xB2,0x86,0x9D,0x16,0x5B,
0xA6,0xBF,0xB0,0xBB,0xC2,0xB7,0x82,0x10,0xCF,0xCF,0xCF,0xCE,0xCA,0xCF,0xCA,0xCF,0xCF,0xCF,0xB2,0xBD,0xBC,0xB6,0xB6,0xBB,0xBB,
0xAB,0xAB,0xBF,0xCB,0xBF,0xBF,0xCB,0xBF,0xBF,0xBF,0xBF,0xBF,0xBF,0xCB,0xCB,0xCB,0xCB,0xCB,0xCB,0xBF,0xB7,0xB6,0xDE,0x81,0xD9,
0xCF,0xCF,0xCF,0xCF,0xCF,0xCF,0xCF,0xCF,0xCF,0x4F,0x46,0x04,0x00,0x00,0xEC,0xDE,0xBC,0xBC,0xBC,0xB6,0xB6,0xB7,0xBB,0xBF,0xBF,
0xBF,0xBF,0xBF,0xBF,0xBB,0xBB,0xA2,0xA2,0xBB,0xBB,0xBB,0xBB,0xA2,0xA2,0xA2,0xAB,0xAB,0xAB,0xAB,0xAB,0xAB,0xAB,0xAB,0xAB,0xAB,
0xB0,0xAB,0xB0,0x9F,0x9F,0x9F,0x97,0x89,0x93,0x82,0x82,0x81,0xEC,0x01,0x01,0x00,0x04,0x63,0x3C,0x51,0x54,0x2A,0x2B,0x2B,0x2B,
0x41,0x41,0x41,0x27,0x6A,0x5F,0x6E,0x6E,0x5F,0x2A,0x54,0x54,0x29,0x51,0x54,0x2A,0x29,0x54,0x54,0x2A,0x44,0x29,0x29,0x41,0x6A,
0x6A,0x27,0x2B,0x2A,0x3B,0x34,0x35,0x3A,0x3A,0x3B,0x48,0x48,0x83,0x83,0x1C,0x17,0x17,0x4A,0x25,0x25,0x5F,0x6A,0x6A,0x5D,0x25,
0x5D,0x5A,0x90,0x28,0x3D,0x3D,0x3D,0x3E,0x3D,0x56,0x35,0xE3,0x4F,0x74,0x90,0x90,0x90,0x6C,0x50,0x5D,0x67,0x2D,0x51,0x54,0x2C,
0x5D,0x6C,0x21,0x21,0x7B,0x7B,0x20,0x20,0x4A,0x66,0x28,0x48,0x66,0x49,0x10,0x3A,0x3A,0x3A,0x3D,0x39,0x39,0x68,0x2F,0x15,0x80,
0x31,0x31,0x31,0x32,0x31,0x49,0x40,0x93,0xAD,0x84,0x1C,0x59,0x09,0x6B,0xC0,0x8B,0xAA,0xB7,0xB7,0xB7,0xB6,0xDF,0x8E,0xCF,0xCF,
0xCF,0xCA,0xCF,0xCF,0xCF,0xCF,0xCF,0xCF,0xB2,0xBD,0xDE,0xB6,0xB7,0xB7,0xAB,0xBB,0xBF,0xAB,0xBF,0xBF,0xBF,0xBF,0xBF,0xBF,0xBF,
0xBF,0xBF,0xCB,0xCB,0xBF,0xBF,0xCB,0xCB,0xCB,0xBF,0xB7,0xB7,0xBC,0xDF,0x7B,0xCF,0xCF,0xCF,0xCF,0xCF,0xCF,0xCF,0xCF,0xCF,0xEF,
0x46,0x02,0x00,0x00,0xDF,0xBC,0xBC,0xB6,0xB6,0xB6,0xB7,0xB7,0xBB,0xB7,0xBF,0xBF,0xBB,0xBB,0xAB,0xAB,0xBB,0xA2,0xCC,0xCC,0xA2,
0xBB,0xBF,0xBB,0xCC,0xA2,0xA2,0xA2,0xAB,0xAB,0xAB,0xA2,0xAB,0xAB,0xB0,0xAB,0xAB,0x9F,0x9F,0x9F,0x9F,0x97,0x97,0x93,0xA5,0xB5,
0x82,0x81,0x00,0x00,0x01,0x00,0x46,0x63,0x77,0x3C,0x54,0x2A,0x41,0x41,0x41,0x2B,0x2B,0x2B,0x42,0x5F,0x6E,0x50,0x26,0x2B,0x2B,
0x2B,0x2B,0x27,0x29,0x29,0x27,0x27,0x27,0x2A,0x29,0x29,0x2A,0x2B,0x5F,0x1E,0x27,0x29,0x2A,0x3B,0x34,0x3A,0x35,0x3A,0x3A,0x3A,
0x3A,0x3A,0x3A,0x79,0x44,0x2D,0x67,0x5D,0x25,0x5F,0x43,0x27,0x5F,0x25,0x25,0x25,0x5D,0x34,0x3D,0x3D,0x3D,0x56,0x35,0x41,0x2B,
0xE3,0x90,0x90,0x90,0x90,0x50,0x50,0x50,0x50,0x55,0x26,0x27,0x29,0x29,0x26,0x50,0x21,0x23,0x23,0x21,0x8E,0x21,0x55,0x30,0x2D,
0x28,0x28,0x0E,0x20,0x30,0x39,0x3A,0x63,0x39,0x3D,0x3C,0x28,0x30,0x80,0x80,0x31,0x31,0x31,0x31,0x32,0x8A,0xA3,0xA4,0x8A,0x80,
0x8D,0x99,0x95,0x99,0x6B,0xC0,0x31,0x98,0xB7,0xB6,0xB6,0xA8,0xC3,0xCF,0xCE,0xCF,0xCF,0xCF,0xCF,0xCA,0xCF,0xCF,0xCF,0xB8,0xBD,
0xBC,0xB6,0xB6,0xBB,0xBB,0xBB,0xAB,0xAC,0xAB,0xCB,0xBF,0xBF,0xBF,0xBF,0xBF,0xBF,0xBF,0xBF,0xBF,0xBF,0xAC,0xCB,0xB1,0xBF,0xBF,
0xB7,0xB6,0xB6,0xDF,0x66,0xCF,0xCF,0xCF,0xCF,0xCF,0xCF,0xCF,0xCF,0xDD,0x38,0x05,0x02,0x00,0x71,0xDF,0xBC,0xBC,0xB6,0xB7,0xB7,
0xB7,0xB7,0xBF,0xBF,0xBB,0xBB,0xBB,0xAB,0xBF,0xBB,0xAB,0xBB,0xA2,0xCC,0xCC,0xA2,0xA2,0xA2,0xA2,0xA2,0xA2,0xAB,0xA2,0xA2,0x9F,
0x9F,0x9F,0x9F,0x9F,0x9F,0x9F,0x9F,0x9F,0x96,0x97,0x97,0x93,0xA5,0xA5,0x82,0xBD,0x01,0x00,0x01,0x00,0x45,0x53,0x63,0x63,0x63,
0x34,0x2A,0x2A,0x2A,0x3B,0x2A,0x41,0x2B,0xE3,0x6A,0x27,0x2B,0x2B,0x2B,0x2B,0x27,0x27,0x26,0x67,0x67,0x2C,0x6A,0x6A,0x2A,0x54,
0x29,0x41,0x4E,0x5F,0x27,0x2B,0x2A,0x34,0x34,0x35,0x3A,0x3A,0x3A,0x3A,0x35,0x3A,0x3A,0x3A,0x3A,0x34,0x54,0x27,0x5D,0x5D,0x43,
0x2B,0x27,0x5D,0x25,0x4E,0x6A,0x39,0x3D,0x3D,0x35,0x41,0x42,0xE3,0xE3,0xE3,0x67,0x6E,0x90,0x50,0x50,0x50,0x67,0x5F,0x67,0x5D,
0x26,0x2D,0x28,0x2D,0x5D,0x21,0x4B,0x11,0x15,0x11,0x11,0x21,0x6C,0x55,0x2C,0x28,0x2D,0x52,0x2F,0x76,0x3A,0x39,0x3A,0x3D,0x3A,
0x39,0x3C,0x65,0x15,0x80,0x31,0x31,0x31,0x31,0x31,0x9C,0x93,0x93,0x84,0x31,0x1B,0x1B,0x1C,0x99,0x95,0x1A,0x18,0xA3,0xB7,0xB7,
0xDE,0x7E,0xD2,0xCF,0xCA,0xCF,0xCE,0xCF,0xCF,0xCF,0xCF,0xCF,0xE6,0x3F,0x81,0xB6,0xB7,0xB6,0xB7,0xBB,0xBF,0xCB,0xAC,0xBF,0xBF,
0xBF,0xBF,0xBF,0xAB,0xBB,0xBF,0xAB,0xBF,0xBF,0xAB,0xBF,0xBF,0xCB,0xBF,0xAB,0xB7,0xB7,0xBC,0xDF,0x83,0xCF,0xCF,0xCF,0xCF,0xCF,
0xCF,0xCF,0xCF,0x5F,0x46,0x70,0x01,0x00,0x71,0xDE,0xB6,0xB6,0xB6,0xB6,0xB7,0xB7,0xBF,0xBB,0xBB,0xBB,0xBB,0xBB,0xBF,0xBB,0xAB,
0xBB,0xA2,0xA2,0xA2,0xBB,0xAB,0xA2,0xBB,0xC2,0x9F,0xC2,0x9F,0xC2,0xA2,0x98,0xC2,0xA2,0x9F,0x9F,0x9F,0x9F,0x9F,0x96,0x97,0xA5,
0xA5,0xA5,0xA5,0x93,0x88,0x71,0x01,0x00,0x00,0x45,0x46,0x06,0x53,0x8F,0x63,0x34,0x3B,0xED,0x3B,0x3B,0x3B,0x3B,0x3B,0x34,0x3A,
0x3B,0x2B,0x2B,0x2B,0x29,0x2B,0x27,0x67,0x6C,0x21,0x23,0x60,0x50,0x27,0x51,0x2A,0x1E,0x6E,0x6A,0x27,0x2A,0x3B,0x34,0x3A,0x3A,
0x3A,0x3A,0x35,0x3A,0x3A,0x3A,0x35,0x3A,0x35,0x35,0x2A,0x6A,0x5D,0x1E,0x41,0x41,0x6A,0x5F,0x6A,0x51,0x3E,0x3D,0x3B,0x42,0x5F,
0xEF,0xE3,0x2B,0x2B,0x2B,0x67,0x50,0x50,0x5F,0x5F,0x67,0x67,0x67,0x67,0x67,0x26,0x27,0x43,0x33,0x14,0x14,0x16,0x18,0x17,0x5C,
0x15,0x11,0x67,0x26,0x2C,0x26,0x30,0x78,0x53,0x53,0x3A,0x3A,0x3A,0x3A,0x63,0x3D,0x3D,0x77,0x15,0x80,0x80,0x80,0x5B,0x5B,0x31,
0x9C,0xA4,0xA8,0x80,0x80,0x86,0x1B,0x95,0x1B,0x1B,0x9D,0xC0,0x40,0xB7,0xB7,0xDF,0x78,0xD0,0xCF,0xCF,0xCA,0xCF,0xCF,0xCF,0xCF,
0xCF,0xCF,0xE1,0x88,0xDF,0xB6,0xB7,0xB6,0xBB,0xBB,0xA2,0xAB,0xBF,0xBF,0xAB,0xBF,0xAB,0xBB,0xBB,0xBF,0xBB,0xBB,0xAB,0xBF,0xAB,
0xAB,0xAB,0xBF,0xBF,0xBF,0xB7,0xB7,0xB6,0xDE,0x17,0xD0,0xCF,0xCF,0xCE,0xCF,0xCF,0xCF,0xCF,0xD5,0x53,0x04,0x01,0x00,0xEC,0x82,
0xBC,0xBC,0xB6,0xB6,0xB7,0xB7,0xB7,0xBB,0xBB,0xB7,0xBB,0xBB,0xC2,0xBB,0xA2,0xA2,0xA2,0xBB,0xA2,0xAB,0xAB,0xA2,0xC2,0xA2,0xC2,
0x98,0x98,0x98,0xC2,0x98,0x98,0xC2,0x98,0xC2,0x9F,0x96,0x9F,0x97,0x40,0x56,0x89,0x93,0xA0,0x7E,0xEC,0x00,0x00,0x01,0x69,0x07,
0x7E,0x07,0x07,0x8F,0x63,0x39,0x3A,0x3C,0x3B,0x35,0x3A,0x39,0x3D,0x3D,0x3B,0x2B,0x2B,0x2A,0x2A,0x2A,0x29,0x2B,0x6A,0x67,0x5D,
0x21,0x7B,0x8E,0x50,0x54,0x27,0x90,0x21,0x25,0x26,0x2E,0x54,0x34,0x3A,0x36,0x3A,0x3A,0x3A,0x35,0x3A,0x3A,0x35,0x3A,0x3A,0x3B,
0x44,0x5F,0x6A,0x44,0xED,0x41,0x44,0x2A,0x3A,0x3B,0xB8,0xE4,0xAE,0x90,0x5F,0x27,0x2B,0x2A,0x2B,0x6A,0x5F,0x50,0x5F,0x67,0x67,
0x67,0x67,0x26,0x5D,0x24,0xA9,0x7A,0x14,0x14,0xA1,0x9B,0x18,0x5C,0x5C,0x0F,0x17,0x15,0x55,0x5F,0x50,0x2F,0x7D,0x53,0x53,0x3E,
0x35,0x3A,0x3A,0x3A,0x3A,0x3A,0x3D,0x78,0x80,0x80,0x8B,0x16,0x80,0x9B,0x14,0x84,0xA4,0xA8,0x84,0x9B,0x86,0x86,0x1B,0x1B,0x1C,
0x85,0x1B,0x8D,0xC2,0xB6,0xBD,0x8E,0xCF,0xD0,0xCE,0xCF,0xCF,0xCA,0xCF,0xD0,0xCF,0xCF,0xD5,0xEC,0xDE,0xB6,0xB6,0xB6,0xB6,0xA2,
0xBB,0xA2,0xAB,0xBF,0xAB,0xAB,0xBB,0xAB,0xBB,0xAB,0xBB,0xBB,0xAB,0xBF,0xBB,0xBF,0xAB,0xAB,0xBF,0xCB,0xB7,0xB7,0xBC,0xDE,0x1B,
0xD2,0xCF,0xCF,0xCA,0xCF,0xCF,0xCF,0xCF,0xE1,0x3E,0x05,0x01,0x01,0x00,0xEC,0xBC,0xB6,0xB6,0xB6,0xB6,0xB6,0xB6,0xB7,0xC2,0xA2,
0xBB,0xCC,0xBB,0xCC,0xB6,0x98,0xC2,0xCC,0xA2,0xBB,0xA2,0x98,0xA2,0xC2,0xCC,0xC2,0x98,0xC2,0x98,0xC2,0x96,0xC2,0x98,0x96,0x96,
0x96,0x89,0xED,0x68,0x2A,0xF6,0x3E,0x7E,0x91,0xEC,0x01,0x04,0x53,0x8F,0x07,0x07,0x92,0x07,0x53,0x8F,0x63,0x63,0x3A,0x39,0x3D,
0x3D,0x3D,0x39,0x39,0x41,0x41,0x2A,0x41,0x2A,0x41,0x2A,0x2A,0x44,0x27,0x2C,0x67,0x21,0x7B,0x60,0x28,0x25,0x22,0x23,0x23,0x25,
0x26,0x29,0x34,0x3A,0x3A,0x3A,0x35,0x3A,0x3A,0x3A,0x3A,0x3A,0x3A,0x3A,0x54,0x27,0x27,0x41,0x3B,0x54,0x2A,0x3B,0x2B,0xE4,0x7F,
0x7F,0x73,0x74,0x4F,0x5F,0x27,0x2B,0x27,0x6A,0x5F,0x25,0x50,0x5D,0x5F,0x26,0x5F,0x6E,0x72,0x73,0x7F,0xC3,0x4D,0x14,0x9B,0x9B,
0xF4,0x85,0x5C,0x1C,0x5C,0x5C,0x32,0x4A,0x30,0x9E,0x76,0x53,0x53,0x53,0x39,0x3B,0x3C,0x3A,0x3A,0x3A,0x56,0x3D,0x0B,0x15,0x85,
0x86,0x1C,0x1C,0x5C,0x80,0xA1,0x9B,0x8A,0x80,0x80,0x80,0x85,0x86,0x86,0x8C,0x8C,0x1B,0x1A,0x96,0xB6,0x7E,0xD3,0xCF,0xD0,0xCA,
0xD0,0xCE,0xCA,0xCE,0xCF,0xCF,0xCF,0x42,0xBD,0xBC,0xB6,0xB6,0xB6,0xB6,0xBB,0xA2,0xA2,0xBB,0xAB,0xAB,0xBF,0xAB,0xAB,0xBB,0xBB,
0xA2,0xBB,0xBB,0xBF,0xAB,0xAB,0xBF,0xBF,0xBF,0xBF,0xB7,0xB7,0xB6,0xDE,0x9C,0xD3,0xCF,0xD0,0xCE,0xCF,0xCF,0xCF,0xCF,0xE6,0xB2,
0xC4,0x01,0x00,0x00,0xBD,0xBC,0xBC,0xBC,0xBC,0xB6,0xB6,0xB6,0xB6,0xBB,0xB6,0x98,0xB7,0x98,0xBC,0x98,0xBC,0xCC,0xB6,0xBB,0xA2,
0xB3,0xB3,0xC2,0xB6,0x98,0xC2,0x98,0xB6,0x98,0x96,0x98,0x96,0x96,0x96,0x97,0x40,0xF6,0xED,0xED,0x2A,0x41,0x29,0xF6,0x34,0x34,
0x39,0x63,0x8F,0x76,0x53,0x07,0x69,0x07,0x3E,0x8F,0x3E,0x8F,0x38,0x3E,0x3E,0x38,0x3D,0x39,0x3A,0x2B,0x2A,0x2A,0x2A,0x2A,0x2A,
0x2A,0x2A,0x2A,0x2A,0x44,0x27,0x2C,0x50,0x21,0x26,0x7B,0x8E,0x7B,0x23,0x21,0x50,0x26,0x29,0x34,0x35,0x39,0x3A,0x3A,0x3A,0x3A,
0x3A,0x3A,0x35,0x3B,0x41,0x2B,0x2A,0x3B,0x3B,0x3B,0x54,0x5F,0x6D,0x7A,0x13,0x6D,0x7B,0x22,0x24,0x5D,0x5F,0x26,0x1E,0x67,0x5D,
0x50,0x5D,0x26,0x5D,0x1F,0x73,0xC3,0xD9,0x7A,0x4D,0x13,0x14,0x15,0x9B,0x9B,0x8B,0x85,0x1C,0x5C,0x5C,0x17,0x0F,0x66,0x38,0x3E,
0x3E,0x53,0x3E,0x39,0x7D,0x3B,0x3B,0x3A,0x3A,0x3A,0x39,0x3D,0x66,0x16,0x1C,0x1C,0x1B,0x1B,0x1B,0x85,0x85,0x80,0xA1,0x14,0x86,
0x8C,0x8C,0x8C,0x8C,0x8C,0x1B,0x1B,0x1B,0xAA,0x94,0x0A,0xCA,0xCF,0xCA,0xCE,0xD0,0xCA,0xCA,0xCF,0xD0,0xCF,0xD6,0x88,0xDF,0xBC,
0xB6,0xB6,0xB6,0xB7,0xA2,0xA2,0xBB,0xAB,0xBB,0xBB,0xAB,0xBF,0xBB,0xBB,0xBF,0xBB,0xBB,0xAB,0xBB,0xBF,0xBF,0xAB,0xBF,0xBF,0xBF,
0xB7,0xB7,0xB7,0xBC,0x9C,0xC3,0xCF,0xCF,0xCA,0xCF,0xCF,0xCF,0xCF,0xCF,0xCF,0x57,0x00,0x00,0x01,0x01,0x71,0xEC,0xDF,0xDE,0xDE,
0xBC,0xB6,0xB6,0xB6,0xBC,0xB7,0xBC,0xBC,0xB6,0xBC,0xBE,0xB6,0xBC,0xB3,0xB3,0xB3,0x94,0xBC,0x96,0xB6,0xB6,0xC2,0x98,0xC2,0xB6,
0x94,0x96,0xA5,0x93,0x56,0x35,0xED,0x2A,0x2A,0x41,0x2A,0x29,0x27,0x2C,0x43,0x27,0x51,0x63,0x8F,0x53,0x3E,0x07,0x3E,0x3E,0x53,
0x3E,0x53,0x53,0x53,0x3E,0x38,0x3D,0x39,0x3B,0x2B,0x41,0x41,0x2A,0x2A,0x2A,0x2A,0x2A,0x2A,0x2A,0xED,0x2A,0x2A,0x29,0x27,0x2C,
0x6C,0x21,0x20,0x23,0x20,0x21,0x55,0x2C,0x29,0x34,0x35,0x3A,0x3A,0x3A,0x3A,0x35,0x3A,0x3B,0x41,0x2B,0x2A,0x3B,0x3A,0x3A,0x54,
0x6A,0x25,0x23,0x22,0x23,0x23,0x24,0x24,0x21,0x25,0x5D,0x5D,0x5F,0x26,0x5D,0x67,0x5D,0xE4,0x7A,0x7F,0xD9,0xC3,0x73,0x13,0x73,
0x14,0x11,0x15,0x80,0x9B,0x8B,0x85,0x5C,0x86,0x17,0x17,0x5C,0x78,0x8F,0x38,0x53,0x3E,0x39,0x7D,0x53,0x34,0x54,0x3B,0x3A,0x3A,
0x3A,0x39,0x0D,0x17,0x1B,0x1C,0x1B,0x95,0x1B,0x1C,0x86,0x31,0x80,0x14,0x8A,0x9C,0x9C,0x8C,0x8C,0x8C,0x86,0x1C,0x0C,0xAA,0x82,
0x11,0xCF,0xD0,0xE0,0xD0,0xCF,0xCF,0xD0,0xCA,0xCF,0xCF,0xD5,0x81,0xDE,0xB6,0xB6,0xB6,0xB6,0xB6,0xBB,0xBB,0xBB,0xA2,0xAB,0xBB,
0xBB,0xAB,0xBB,0xBB,0xBB,0xBF,0xBB,0xBB,0xBF,0xBF,0xBF,0xBF,0xBF,0xBF,0xBF,0xB7,0xB7,0xB7,0xBC,0xDF,0x15,0xCF,0xCF,0xCE,0xCA,
0xCE,0xCF,0xCF,0xCF,0xCF,0xD6,0x56,0x00,0x00,0x00,0x00,0x00,0xEC,0xBD,0xEC,0xDF,0xDE,0xBC,0xBC,0xB6,0xBC,0xDE,0xBC,0xBC,0xDE,
0xB5,0x82,0x88,0x88,0x82,0xB5,0xBC,0xB6,0xBC,0x94,0xC2,0x98,0xC2,0x96,0x96,0xA5,0xA5,0x56,0x3D,0x56,0x3B,0x41,0x41,0x2A,0x2A,
0x2B,0x29,0x2B,0x27,0x2E,0x54,0x51,0x77,0x8F,0x8F,0x8F,0x3E,0x8F,0x3E,0x3E,0x53,0x92,0x92,0x92,0x53,0x3E,0x3D,0x3D,0x3A,0x3B,
0x41,0x2A,0xED,0x3B,0x2A,0xED,0x2A,0xED,0x2A,0x2A,0x2A,0x2A,0x2A,0x54,0x2A,0x34,0x3C,0x51,0x26,0x21,0x21,0x6C,0x5D,0x2C,0x44,
0x51,0x3A,0x3A,0x35,0x35,0x3B,0x3B,0x2B,0x29,0x54,0x3B,0x3B,0x3B,0x2A,0x27,0x43,0x1E,0x26,0x5D,0x52,0x25,0x25,0x25,0x25,0x52,
0x5D,0x26,0x26,0x26,0x26,0x4E,0xA9,0xC3,0x7F,0x4D,0x4D,0x4D,0x73,0x13,0x13,0x13,0x15,0x15,0x80,0x9B,0x9B,0x8B,0x85,0x5C,0x5C,
0x17,0x0D,0x77,0x38,0x38,0x38,0x3A,0x7D,0x53,0x3E,0x34,0x2A,0x41,0x3B,0x3A,0x3A,0x3A,0x0D,0x1C,0x1B,0x8C,0x1B,0x1B,0x8C,0x86,
0x86,0x5C,0x5B,0x14,0x5B,0x9C,0x9C,0x9C,0x86,0x86,0x86,0x1B,0x17,0x57,0x40,0xD2,0xC3,0x18,0x85,0x15,0xCD,0xCA,0xCF,0xE8,0xCF,
0xCA,0xD5,0x81,0xDE,0xBC,0xB6,0xB6,0xB6,0xB6,0xA2,0xBB,0xAB,0xBB,0xBB,0xBB,0xBB,0xBB,0xBB,0xBB,0xBB,0xBB,0xBF,0xBB,0xBF,0xBF,
0xBF,0xBF,0xBF,0xBF,0xBF,0xB7,0xB7,0xB7,0xB6,0xDF,0x0B,0xCA,0xCF,0xD0,0xCE,0xCA,0xCF,0xCF,0xCA,0xCF,0xCF,0xE8,0xB2,0x92,0xEC,
0x00,0x71,0x00,0x00,0x00,0x71,0x71,0x81,0xDF,0x82,0xBD,0x81,0x81,0xEC,0xBD,0x81,0x81,0xDF,0xA4,0xDE,0xB5,0xB5,0xB5,0xB5,0xB6,
0xC2,0xC2,0xC2,0xA5,0xB5,0xA5,0x93,0x3E,0x3D,0x56,0x3B,0x2A,0x29,0x2B,0x29,0x2A,0x2B,0x29,0x44,0x2E,0x51,0x3A,0x3C,0x39,0x63,
0x8F,0x63,0x8F,0x3E,0x07,0x92,0x69,0x92,0x92,0x3E,0x3D,0x3D,0x3D,0x3E,0x38,0x3B,0x41,0x3B,0xED,0xED,0x3B,0x2A,0xED,0x3B,0x2A,
0x2A,0x2A,0x41,0x41,0x2A,0x54,0x2B,0x6E,0x7B,0x6D,0x6D,0x23,0x25,0x50,0x26,0x44,0x2A,0x3B,0x54,0x2A,0x2A,0x3B,0x2A,0x2A,0x34,
0x3B,0x34,0x3B,0x41,0x44,0x41,0x44,0x2B,0x27,0x6A,0x26,0x5D,0x5D,0x5D,0x5D,0x26,0x26,0x26,0x26,0x5A,0x73,0x4D,0x7A,0x4D,0x7A,
0x4D,0x7A,0x13,0x7A,0x4D,0x14,0x11,0x11,0x15,0x9B,0x9B,0x8B,0x16,0x5C,0x17,0x5C,0x78,0x38,0x3E,0x3D,0x3B,0x41,0x44,0x2D,0x65,
0x3C,0x27,0x2D,0x41,0x3B,0x3A,0x63,0x4C,0x17,0x86,0x1C,0x86,0x8C,0x1C,0x86,0x85,0x31,0x5B,0x7A,0x84,0x8A,0x9C,0x9C,0x9C,0x9C,
0x8D,0x83,0x17,0x57,0x7A,0x4D,0x58,0x95,0x8C,0x8C,0x18,0xC3,0xD8,0xCF,0xD0,0xCF,0xC7,0xBD,0xDE,0xB6,0xB6,0xB6,0xB6,0xB7,0xBB,
0xBB,0xBB,0xBB,0xBB,0xB7,0xB7,0xBB,0xBB,0xBF,0xBB,0xBB,0xBB,0xBB,0xAB,0xBF,0xBF,0xCB,0xBF,0xBF,0xB7,0xB7,0xB7,0xB7,0xB6,0xDE,
0x81,0x4D,0xCF,0xE6,0xD0,0xCF,0xCF,0xCA,0xCE,0xCA,0xCE,0xCA,0xCF,0xE6,0xD5,0xA0,0xDF,0x81,0xBD,0xBD,0xEC,0x00,0x00,0xEC,0xEC,
0xEC,0xBD,0x81,0x81,0xDF,0x82,0xDE,0xB5,0xB5,0x82,0x82,0xDF,0xDF,0x82,0xB5,0xB7,0xBA,0x94,0x88,0x82,0x82,0xA0,0x3D,0x56,0x56,
0x3A,0x2A,0x2B,0x29,0x41,0x44,0x29,0x2A,0x29,0x29,0x39,0x39,0x39,0x63,0x63,0x3D,0x39,0x3E,0x53,0x3E,0x3E,0x3E,0x3E,0x8F,0x3D,
0x3A,0x3A,0x3D,0x3D,0x38,0x3A,0x41,0xED,0x3B,0x3B,0xED,0x3B,0xED,0x2A,0x2A,0x41,0x41,0x2B,0x2B,0x2B,0x6E,0xF2,0x7A,0x7F,0xC3,
0xD9,0x7A,0x23,0x6C,0x5D,0x6A,0x27,0x27,0x2B,0x54,0x34,0x3B,0x3B,0x3B,0x3A,0x34,0x3B,0x3B,0x54,0x3B,0x54,0x54,0x41,0x44,0x44,
0x27,0x6A,0x26,0x26,0x67,0x26,0x6A,0x26,0xE4,0x73,0x73,0xA9,0x73,0x73,0x7A,0x4D,0x4D,0x73,0x4D,0x4D,0x13,0x12,0x14,0x11,0x15,
0x80,0x80,0x8B,0x31,0x31,0x11,0x4F,0x5A,0xE4,0xDB,0x6D,0x7B,0x20,0x30,0x78,0x3C,0x55,0x5F,0x27,0x54,0x3A,0x3A,0x65,0x5C,0x1C,
0x8C,0x85,0x85,0x8C,0x85,0x31,0x31,0x11,0x7A,0x4B,0x8A,0x83,0x57,0x9C,0x57,0x83,0x57,0x83,0x7F,0xCD,0x95,0x95,0x8C,0x8C,0x8C,
0x1C,0x16,0xCD,0xCF,0xD0,0xCF,0xC7,0x81,0xDE,0xBC,0xB6,0xB6,0xB6,0xC2,0xBB,0xAB,0xA6,0xAA,0x8A,0x9A,0xB7,0xB7,0xBF,0xBB,0xBB,
0xBB,0xBB,0xBB,0xBB,0xBF,0xBF,0xAB,0xBF,0xBF,0xBF,0xB7,0xB7,0xB6,0xB6,0xB6,0xDF,0x07,0xD2,0xCF,0xD0,0xCA,0xCE,0xCA,0xCF,0xCA,
0xD8,0xD0,0xD0,0xD0,0xCA,0xB2,0xDF,0xDF,0xDE,0xDF,0xDF,0x81,0x81,0xDF,0xDF,0xDF,0xDF,0xDF,0xDF,0x82,0x82,0xDF,0x81,0x81,0x81,
0xBD,0x81,0xDF,0xB5,0xB7,0xBA,0xB0,0x88,0x88,0x82,0x82,0x82,0x3D,0x3D,0x3D,0x56,0x34,0x54,0x29,0x2A,0x29,0x29,0x2A,0x2A,0x2A,
0x3D,0x38,0x8F,0x3E,0x38,0x3D,0x8F,0x3E,0x3E,0x8F,0x3E,0x3E,0x53,0x92,0x3E,0x3E,0x3D,0x3B,0x3B,0x3A,0x38,0x3B,0x2A,0x3B,0x34,
0x3B,0x34,0xED,0x3B,0x2A,0x41,0x2B,0x27,0x1E,0xF2,0x7F,0xC3,0xC3,0xC3,0xD9,0xD9,0xD9,0xEA,0x25,0x5D,0x6E,0x6A,0x2B,0x2A,0x54,
0x54,0x3B,0x34,0x3B,0x3B,0x3B,0x34,0x3B,0x3B,0x3B,0x3B,0x3B,0x3B,0x3B,0x54,0x2A,0x29,0x44,0x2C,0x6A,0x26,0x5F,0x74,0x7A,0x6D,
0xA9,0x73,0x7A,0x7A,0x7A,0x4D,0x4D,0x4D,0x4D,0x4D,0x13,0x14,0x11,0x11,0x11,0x10,0x16,0x16,0x16,0x0F,0x13,0x7F,0xC3,0xC3,0x4D,
0x8E,0x7C,0x66,0x78,0x77,0x3D,0x28,0x5D,0x6A,0x27,0x3B,0x3A,0x39,0x0B,0x1B,0x1B,0x95,0x95,0x9C,0x86,0x5C,0x31,0x12,0x7A,0xAE,
0x4E,0x8A,0x83,0x57,0x57,0x57,0x83,0x43,0x0C,0x1C,0x99,0x95,0x8C,0x95,0x95,0x1B,0x5C,0x14,0xD1,0xCF,0xCA,0xC7,0x81,0xDE,0xBC,
0xB6,0xB6,0xB6,0xB7,0xAC,0x8A,0x1C,0x1C,0x1C,0x85,0x86,0xB6,0xB7,0xBB,0xBB,0xBB,0xBB,0xBB,0xBB,0xBF,0xBF,0xAB,0xBF,0xBF,0xBB,
0xB7,0xB7,0xB6,0xB6,0xB6,0xBC,0xDF,0x49,0xCF,0xCE,0xD8,0xCA,0xCF,0xCE,0xCF,0xCE,0xD8,0xD0,0xD1,0xD0,0xE0,0xB2,0xDF,0xDF,0xDF,
0xDF,0xDF,0xDF,0xDF,0x81,0xDF,0x81,0x81,0x81,0xBD,0xEC,0x71,0xEC,0xBD,0xBD,0x81,0x82,0xB6,0xB7,0xBA,0xBA,0xB5,0x81,0x88,0x82,
0x82,0x82,0x3F,0x92,0x3E,0x3D,0x3A,0x34,0x54,0x2A,0x54,0x54,0x34,0x3C,0x3A,0x63,0x3E,0x3E,0x3E,0x3E,0x3E,0x3E,0x8F,0x3D,0x3D,
0x8F,0x3E,0x3E,0x3E,0x3E,0x3E,0x63,0x39,0x35,0x3B,0x3A,0x39,0xED,0x3B,0x3B,0x3B,0x3B,0xED,0x3B,0xED,0x41,0x2B,0x6E,0xA9,0xC3,
0x4D,0xC3,0xC3,0xC3,0xC3,0xCD,0xCD,0xCD,0x90,0x6A,0x5F,0x6A,0x6A,0x27,0x27,0x54,0x34,0x3B,0x3B,0x54,0x3B,0x3B,0x34,0x3B,0x3A,
0x3A,0x3A,0x3A,0x3A,0x3A,0x3B,0x3B,0x2A,0x27,0x2C,0x4E,0xF2,0x73,0x12,0x72,0x6D,0x13,0x7A,0x4D,0x7A,0x7A,0x7A,0x7A,0x4D,0x73,
0x13,0x12,0x11,0x11,0x10,0x15,0x16,0x31,0x16,0x11,0x8E,0x4D,0x7F,0x73,0x23,0x4A,0x5D,0x2F,0x6F,0x77,0x3D,0x39,0x29,0x44,0x27,
0x29,0x3B,0x3A,0x3D,0x3C,0x8D,0x8D,0x99,0x99,0x1B,0x83,0x17,0x5E,0xA9,0xAE,0x5A,0x1E,0xB8,0x8A,0x1E,0x57,0x57,0x8D,0x59,0x17,
0x1B,0x95,0x95,0x95,0x95,0x95,0x5C,0x31,0x4B,0x74,0x23,0x2B,0xEC,0xBD,0x81,0xDF,0x82,0xDE,0xBE,0x8A,0x1C,0x83,0x1B,0x9C,0x8C,
0x85,0x86,0xB7,0xBB,0xBB,0xBB,0xBB,0xBB,0xBB,0xBB,0xBF,0xBF,0xBF,0xBF,0xBF,0xB7,0xB7,0xB7,0xB6,0xB6,0xB6,0xDE,0x3F,0xD1,0xCF,
0xCF,0xCF,0xCF,0xCA,0xCF,0xCA,0xD0,0xD0,0xD8,0xD1,0xE0,0xDC,0x57,0xDF,0xDF,0xDF,0xDF,0xDF,0x81,0x81,0xBD,0xEC,0x71,0x02,0x01,
0x71,0xBD,0xBD,0x81,0x81,0x82,0xC2,0xC2,0xB7,0xBA,0xB7,0x81,0x81,0x81,0x88,0x82,0x82,0x88,0x92,0x92,0x3E,0x3E,0x63,0x39,0x3A,
0x3A,0x3A,0x3A,0x3D,0x3D,0x3A,0x3D,0x3E,0x3E,0x3E,0x3E,0x3E,0x3D,0x3D,0x38,0x3E,0x3E,0x3E,0x3E,0x3E,0x3D,0x39,0x39,0x3A,0x3A,
0x3B,0x3A,0x35,0x3B,0x3B,0x34,0x34,0x3B,0x3B,0x41,0x27,0x5F,0xA9,0x4D,0x14,0xA1,0xA1,0xA1,0xA1,0xA1,0xC3,0xD9,0xD3,0x7A,0x90,
0x22,0x22,0x21,0x5D,0x67,0x27,0x54,0x3B,0x3B,0x3B,0x3B,0x34,0x3A,0x3A,0x3A,0x3A,0x3A,0x3A,0x3A,0x3A,0x3A,0x34,0x34,0x2A,0x4E,
0xA9,0x6D,0x6D,0x6D,0x6D,0xA9,0x13,0x7A,0x4D,0x7A,0x13,0x73,0x73,0x73,0x13,0x12,0x11,0x11,0x4B,0x5B,0x16,0x80,0x80,0x15,0x11,
0x13,0x73,0x73,0x8E,0x23,0x21,0x24,0x30,0x87,0x77,0x3D,0x3D,0x3A,0x51,0x27,0x44,0x2A,0x3B,0x3A,0x3D,0x63,0x79,0x8D,0x8D,0x8D,
0x8D,0x0C,0x13,0x5E,0xAE,0x5A,0x8A,0x1E,0x42,0x57,0x57,0x8D,0x3F,0x8F,0x0F,0x1B,0x95,0x95,0x95,0x95,0x1B,0x1C,0x17,0x8D,0x8F,
0x3E,0x53,0x91,0x00,0x00,0x81,0x81,0xDF,0x9A,0x5B,0x83,0x86,0x9C,0x9C,0x86,0x86,0x8B,0xAF,0xB7,0xBB,0xA2,0xBB,0xBB,0xBB,0xBB,
0xBF,0xAB,0xBF,0xBF,0xBF,0xB7,0xB7,0xB6,0xB7,0xB6,0xB7,0xB6,0xDF,0xC3,0xCF,0xD8,0xCE,0xCA,0xCF,0xE6,0xCE,0xCF,0xD0,0xD8,0xD8,
0xE0,0xD1,0xE5,0x40,0xDF,0xDF,0xDF,0xBD,0xEC,0x71,0x00,0x01,0x01,0x00,0x71,0xBD,0x81,0x81,0xDF,0xB5,0xB6,0x94,0xC2,0xB7,0xBA,
0x82,0xBD,0x81,0x81,0x81,0x88,0x82,0x88,0x7E,0x92,0x92,0x92,0x3E,0x3E,0x8F,0x3D,0x3D,0x3D,0x3D,0x3D,0x3D,0x3E,0x3E,0x92,0x92,
0x92,0x3E,0x3D,0x3E,0x8F,0x3E,0x3E,0x53,0x3E,0x38,0x3D,0x39,0x3A,0x35,0x39,0x3A,0x34,0x54,0x3B,0x3B,0x3B,0x3B,0x34,0xED,0x2B,
0x5F,0x22,0x14,0x10,0x15,0x10,0x15,0x14,0xA1,0xC3,0xC3,0xC3,0x7F,0x7F,0x73,0x4D,0x13,0x7B,0x21,0x6C,0x26,0x2A,0x34,0x3B,0x3A,
0x3A,0x3A,0x3A,0x3A,0x3A,0x3A,0x3A,0x3A,0x3A,0x3A,0x3A,0x3A,0x3A,0x42,0xF2,0x6D,0x72,0x6D,0x13,0xA9,0xA9,0xA9,0x7A,0x7A,0x7A,
0x7A,0x13,0x13,0x6D,0x6D,0x7B,0x22,0x20,0x4A,0x10,0x15,0x9B,0x9B,0x15,0x23,0x8E,0x23,0x23,0x23,0x20,0x23,0x6C,0x26,0x66,0x0B,
0x3E,0x3D,0x56,0x3C,0x2C,0x27,0x29,0x51,0x3A,0x3A,0x3D,0x3D,0x3A,0x34,0x3B,0x3C,0x0C,0x73,0x72,0x1F,0x5A,0x4E,0x42,0x57,0x57,
0x0C,0x17,0x83,0x99,0x0D,0x1C,0x1B,0x95,0x95,0x95,0x8C,0x1B,0x83,0x8D,0x56,0x38,0x53,0xC4,0x00,0x00,0xBD,0xDF,0xDE,0xA6,0x80,
0x83,0x9C,0x86,0x9C,0x9C,0x86,0x8B,0x8A,0xBF,0xBB,0xBB,0xBB,0xBB,0xBB,0xBB,0xBB,0xBF,0xBF,0xBF,0xBF,0xB7,0xB7,0xB7,0xB6,0xB7,
0xB6,0xB7,0xBC,0x8A,0xD0,0xCF,0xD0,0xCF,0xCE,0xCA,0xCF,0xCA,0xCF,0xCA,0xD0,0xD1,0xE0,0xE0,0xC9,0x3F,0x81,0x71,0x00,0x01,0x01,
0x01,0x71,0x00,0x00,0xBD,0x81,0x82,0xB5,0xB5,0x94,0xB5,0xB6,0xB6,0xB7,0xB7,0x88,0xBD,0x81,0x81,0x81,0x82,0x88,0x82,0xC4,0x7E,
0x7E,0x7E,0x92,0x92,0x3E,0x3E,0x3E,0x3E,0x3E,0x3E,0x3D,0x92,0x92,0x7E,0x7E,0x92,0x3E,0x3E,0x3E,0x3E,0x53,0x3E,0x3E,0x3E,0x8F,
0x3D,0x3A,0x35,0x3A,0x3A,0x39,0x3A,0x2E,0x51,0x3B,0x3B,0x34,0x34,0x3B,0x6A,0x25,0x10,0x0D,0x0C,0x0B,0x0B,0x0C,0x10,0x14,0xA1,
0xA1,0xA1,0x13,0x7B,0x4D,0xC3,0x73,0x7B,0x23,0x6C,0x6A,0x44,0x54,0x3A,0x3A,0x3A,0x3A,0x3A,0x3D,0x3D,0x3D,0x56,0x3D,0x56,0x3D,
0x56,0x56,0x42,0xD7,0x7B,0x22,0x72,0x6D,0xA9,0x6D,0x5E,0xA9,0xA9,0x7A,0x7A,0x13,0x73,0x73,0x72,0x22,0x24,0x25,0x5D,0x33,0x10,
0x14,0x9B,0x9B,0x10,0x11,0x23,0x20,0x21,0x21,0x24,0x24,0x25,0x52,0x4A,0x66,0x3F,0x3D,0x56,0x3A,0x28,0x6A,0x44,0x2A,0x3C,0x3A,
0x63,0x3D,0x3D,0x63,0x63,0x3A,0x2D,0xA9,0x72,0x1F,0x5A,0x1E,0x42,0x43,0x17,0x0C,0x65,0x19,0x17,0x17,0x17,0x1C,0x8C,0x8C,0x95,
0x95,0x1B,0x83,0x8D,0x3D,0x3E,0x53,0x7E,0x00,0x01,0xA8,0x9C,0x8A,0x84,0x80,0x86,0x86,0x9C,0x86,0x86,0x86,0x31,0x9C,0xBB,0xBB,
0xBB,0xBB,0xBB,0xBB,0xBB,0xBF,0xBF,0xBF,0xBF,0xBF,0xBF,0xB7,0xB7,0xB7,0xB7,0xB7,0xB7,0xB6,0xA8,0xD2,0xCF,0xD0,0xD8,0xD0,0xCF,
0xCF,0xCF,0xD2,0x7A,0x6D,0x23,0x21,0x30,0x28,0x07,0xEC,0xEC,0x71,0x01,0x71,0x01,0x01,0x00,0xBD,0xB5,0xB5,0xB5,0x82,0xB5,0xB5,
0xBC,0x94,0xB7,0xB7,0x94,0xBD,0xBD,0x81,0x81,0xBD,0x81,0x82,0x82,0xC4,0x7E,0x7E,0x7E,0x92,0x92,0x92,0x3E,0x3F,0x3E,0x3E,0x3E,
0x3E,0x92,0x7E,0x92,0x7E,0x92,0x53,0x3E,0x53,0x3E,0x3E,0x53,0x3E,0x8F,0x3D,0x39,0x3A,0x34,0x34,0x35,0x39,0x3C,0x29,0x51,0x63,
0x3A,0x3B,0x34,0x34,0x27,0x32,0x0D,0x79,0x0A,0x3C,0x0A,0x3C,0x65,0x15,0x14,0x14,0x4D,0x11,0x24,0x73,0xC3,0x7F,0x73,0x6D,0x7B,
0x74,0x60,0x4F,0x4F,0x6E,0x5F,0x42,0x41,0x41,0x41,0x41,0x41,0x41,0x41,0x41,0x44,0x1E,0xF2,0x7B,0x22,0x22,0x72,0x72,0xA9,0xA9,
0x6D,0x5E,0x72,0xA9,0x7A,0xA9,0x72,0x72,0x22,0x25,0x5D,0x1E,0x4E,0x24,0x15,0x9B,0xEE,0xEE,0xF0,0x1C,0x4A,0x21,0x24,0x21,0x21,
0x21,0x6C,0x50,0x7C,0x0E,0x40,0x3F,0x3D,0x56,0x3C,0x26,0x27,0x2A,0x34,0x39,0x39,0x3D,0x39,0x3D,0x3D,0x3D,0x2D,0x6D,0x22,0x4F,
0x4E,0x1E,0x41,0x0E,0x0C,0x0A,0x3C,0x0A,0x0D,0x0F,0x9C,0x1B,0x1B,0x1B,0x95,0x99,0x1B,0x1B,0x83,0xB8,0x3D,0x76,0x7E,0x05,0x8C,
0xEE,0x85,0x85,0x16,0x5B,0x5C,0x86,0x86,0x9C,0x86,0x86,0x86,0x17,0xA6,0xB1,0xAB,0xBB,0xBB,0xBF,0xBF,0xBF,0xBF,0xBF,0xBF,0xBF,
0xBF,0xB7,0xB7,0xB7,0xB7,0xB7,0xB7,0xB7,0xDF,0x23,0xCF,0xD8,0xD0,0xCF,0xE0,0xC9,0x21,0x8F,0x05,0x46,0x46,0x7E,0x7E,0x7E,0x7E,
0xC4,0xBD,0xEC,0xEC,0x71,0x71,0x01,0x00,0x82,0x94,0x82,0x82,0xB5,0xB5,0xB5,0xB5,0xB6,0xC2,0xBA,0x82,0xBD,0x81,0x81,0x81,0xBD,
0x88,0xBD,0x04,0xC4,0x7E,0x7E,0x7E,0x92,0x92,0x92,0x3E,0x3E,0x8F,0x3F,0x3E,0x8F,0x3E,0x92,0x92,0x92,0x92,0x3E,0x3E,0x3E,0x53,
0x3E,0x3E,0x38,0x3D,0x39,0x3A,0x3A,0x35,0x34,0x3A,0x34,0x51,0x29,0x77,0x7D,0x38,0x63,0x3A,0x3A,0x29,0x0F,0x6F,0x0A,0x3C,0x0A,
0x63,0x0A,0x0A,0x4C,0x14,0x15,0x15,0x20,0x4F,0x74,0x73,0x13,0x73,0x73,0x6D,0x6D,0x7B,0x7B,0x23,0x60,0x21,0x6C,0x67,0x2C,0x2B,
0x29,0x2A,0x2A,0x2A,0x3B,0x42,0xF2,0x7B,0x22,0x22,0x72,0x72,0x72,0x5E,0xF2,0x5E,0x6D,0xF2,0x5E,0x7A,0x6D,0x22,0x25,0x5D,0x5F,
0x4E,0x6E,0x20,0x32,0x86,0xF0,0xEE,0x8C,0x8C,0x95,0x99,0x1D,0x50,0x25,0x50,0x6C,0x5D,0x55,0x55,0x30,0x41,0x56,0x3D,0x56,0x3A,
0x30,0x5F,0x27,0x3B,0x39,0x3D,0x39,0x3D,0x3D,0x38,0x3E,0x2E,0x7B,0x24,0x25,0x4E,0x42,0x44,0x0F,0x48,0x0A,0x0A,0x0A,0x0B,0x0F,
0x83,0x8D,0x9C,0x95,0x8C,0x1B,0x1B,0x8D,0x33,0xC3,0xEB,0x56,0x8F,0xC0,0x95,0x99,0x95,0x86,0x86,0x5C,0x5C,0x85,0x86,0x86,0x86,
0x9C,0x83,0x17,0x5B,0xA9,0xC7,0xC1,0xA6,0x9F,0xB7,0xA2,0xAB,0xAB,0xAB,0xAB,0xBB,0xBB,0xB7,0xB7,0xB7,0xB6,0xB6,0xBC,0xA8,0x7F,
0xD1,0xD1,0xE0,0x7F,0x2D,0x76,0x7E,0x7E,0x69,0x7E,0x7E,0x92,0x53,0x53,0x92,0x92,0x7E,0xC4,0xBD,0xEC,0x71,0x00,0x71,0x82,0x82,
0xDF,0xB5,0xB5,0xB5,0xB5,0xB5,0xB6,0xBA,0xC2,0x81,0x81,0x81,0x81,0x81,0xBD,0x81,0x01,0x45,0xC4,0x7E,0x7E,0x92,0x53,0x92,0x3E,
0x3F,0x3D,0x56,0x3D,0x3D,0x3D,0x8F,0x3E,0x92,0x92,0x8F,0x3E,0x3E,0x3E,0x3E,0x38,0x38,0x3D,0x39,0x39,0x3A,0x35,0x35,0x34,0x34,
0x2A,0x51,0x51,0x63,0x3E,0x38,0x3E,0x38,0x38,0x3A,0x0F,0x0A,0x3C,0x0A,0x77,0x63,0x0A,0x79,0x0D,0x0F,0x17,0x4A,0x32,0x24,0x6C,
0x90,0x21,0x21,0x21,0x21,0x25,0x25,0x25,0x50,0x50,0x5F,0x5D,0x26,0x2C,0x44,0x2A,0x3B,0x3B,0x3B,0xB8,0xF2,0xF2,0x22,0x22,0x22,
0x74,0x72,0x72,0x72,0xA9,0xA9,0xA9,0x72,0x72,0x6D,0x72,0x24,0x4E,0x4E,0x6E,0x25,0x50,0x1D,0x95,0x95,0x95,0x95,0x8C,0x95,0x95,
0x99,0x8D,0x1D,0x67,0x5D,0x5D,0x50,0x52,0x52,0x55,0x42,0x40,0x56,0x56,0x56,0x29,0x5D,0x27,0x51,0x3A,0x63,0x38,0x3D,0x38,0x3D,
0x3E,0x87,0x23,0x25,0x4E,0x1E,0x44,0x2D,0x10,0x1B,0x0A,0x3C,0x0A,0x0C,0x18,0x17,0x8D,0x99,0x95,0x1B,0x95,0x9C,0x8D,0x83,0x12,
0x13,0xAE,0x0F,0x8C,0x99,0x95,0x9C,0x9C,0x86,0x17,0x86,0x86,0x86,0x86,0x86,0x9C,0x9C,0x17,0x32,0xDB,0xDB,0xDB,0xAE,0xEB,0xC1,
0xA7,0x98,0x98,0x98,0xAF,0xA2,0xA2,0xA2,0xB6,0xB6,0xB0,0xF1,0xC7,0x2C,0x30,0x7C,0x61,0x07,0x69,0x69,0x92,0x69,0x92,0x92,0x53,
0x92,0x92,0x53,0x92,0x53,0x92,0x92,0x7E,0xBD,0xEC,0x71,0x00,0x01,0x71,0xDF,0xB5,0xB5,0xB5,0xB5,0xB5,0xBC,0xB6,0x94,0xBD,0xBD,
0x81,0x81,0x81,0xEC,0xEC,0x71,0x00,0x02,0xC4,0x7E,0x7E,0x92,0x92,0x3E,0x3E,0x3D,0x3D,0x56,0x3D,0x56,0x3D,0x56,0x3E,0x3E,0x3E,
0x8F,0x38,0x38,0x3E,0x38,0x3D,0x63,0x39,0x3A,0x35,0x3B,0x3B,0x2A,0x3B,0x3B,0x29,0x51,0x3C,0x38,0x3E,0x38,0x38,0x3E,0x92,0x53,
0x0F,0x0C,0x0A,0x3C,0x77,0x0A,0x79,0x48,0x0D,0x0C,0x0C,0x0D,0x24,0x25,0x29,0x2D,0x67,0x5D,0x5D,0x50,0x5D,0x5D,0x5D,0x67,0x55,
0x26,0x67,0x67,0x26,0x27,0x2B,0x2A,0x2B,0xEB,0x6D,0x6D,0x7B,0x72,0x72,0x22,0x22,0x72,0x72,0xA9,0xA9,0x6D,0x72,0x72,0x22,0xE4,
0x24,0x50,0x5D,0x5F,0x5D,0x6A,0x2B,0x8D,0x95,0x95,0x8C,0x8C,0x8C,0x8C,0x95,0x99,0x99,0x28,0x6A,0x6A,0x26,0x5D,0x25,0x21,0x4A,
0x43,0x57,0x56,0x56,0x56,0x3C,0x5D,0x6A,0x29,0x35,0x3D,0x3D,0x38,0x3D,0x3D,0x3E,0x6F,0x24,0x6E,0x1E,0x6A,0x44,0x2D,0x16,0x0D,
0x48,0x48,0x48,0x0C,0x0D,0x1B,0x9C,0x8D,0x8D,0x9C,0x8D,0x99,0x8D,0x83,0x4B,0x24,0x20,0x31,0x1B,0x95,0x9C,0x9C,0x9C,0x86,0x8A,
0x9C,0x9C,0x9C,0x9C,0x9C,0x9C,0x8A,0x8A,0x31,0xAE,0xDB,0xEB,0xEB,0xEB,0x1F,0xDB,0xC7,0xC1,0xAA,0x9A,0xA3,0x93,0x89,0xB8,0x73,
0x8E,0x30,0x69,0x02,0x02,0x00,0x71,0xC4,0x7E,0x92,0x53,0x92,0x69,0x92,0x3E,0x53,0x3E,0x92,0x92,0x92,0x92,0x92,0x7E,0x7E,0xEC,
0x01,0x00,0x00,0x01,0x82,0xB5,0xB5,0xDE,0xB5,0xBC,0xB6,0xB5,0x45,0x01,0x01,0xBD,0xBD,0x71,0x00,0x00,0x01,0x00,0x45,0x7E,0xC4,
0x7E,0x92,0x53,0x3E,0x3D,0x56,0x56,0x56,0x8D,0x56,0x3A,0x63,0x3E,0x3E,0x3E,0x3D,0x3D,0x38,0x3D,0x63,0x39,0x3A,0x3A,0xED,0x2B,
0x5F,0x5F,0x5F,0x5F,0x6A,0x27,0x34,0x3A,0x38,0x3E,0x3D,0x3E,0x53,0x53,0x7E,0x48,0x31,0x0C,0x48,0x79,0x48,0x0C,0x0C,0x0C,0x0C,
0x0C,0x33,0x20,0x29,0x34,0x2A,0x44,0x2C,0x26,0x67,0x67,0x67,0x67,0x26,0x67,0x26,0x67,0x26,0x26,0x26,0x6A,0x4E,0xF2,0x6D,0xF2,
0x12,0x72,0xF2,0x6D,0x72,0x72,0x72,0xF2,0x5E,0x72,0x72,0x22,0xE4,0x24,0x25,0x5D,0x1E,0x6A,0x6A,0x2B,0x57,0x83,0x5C,0x8C,0xEE,
0xEE,0xF3,0xEE,0x8C,0x95,0x95,0x99,0x43,0x6A,0x6A,0x6A,0x5D,0x50,0x52,0x5D,0x27,0x43,0x41,0x3B,0x3B,0x3A,0x55,0x6A,0x29,0x34,
0x39,0x3D,0x38,0x38,0x3D,0x38,0x77,0x25,0x5D,0x6A,0x27,0x2A,0x28,0x0F,0x5C,0x19,0x0C,0x48,0x48,0x48,0x48,0x83,0x8D,0x8D,0x8D,
0x1B,0x8D,0x8D,0x83,0x49,0x4E,0x52,0x31,0x9C,0x95,0x9C,0x9C,0x86,0x86,0x31,0x31,0x9C,0x9C,0x9C,0x86,0x8A,0x9C,0x83,0x33,0x84,
0xDB,0xEB,0xEB,0x5A,0xEB,0x5A,0xAE,0xA9,0xC7,0xD7,0xEB,0x5D,0x26,0x30,0x54,0x3E,0xC4,0xEC,0x71,0x71,0x71,0xC4,0x7E,0x69,0x92,
0x69,0x92,0x92,0x92,0x53,0x3E,0x3E,0x3E,0x3E,0x3E,0x3E,0x92,0x92,0x7E,0xEC,0x01,0x01,0x00,0x71,0xB5,0xB5,0xDF,0xB5,0xB6,0xB6,
0x82,0x91,0x02,0x01,0x00,0x00,0x00,0x00,0x01,0x01,0x00,0x01,0xEC,0xC4,0x7E,0x7E,0x92,0x3E,0x3E,0x3D,0x56,0x56,0x3A,0x3A,0x3A,
0x3A,0x3A,0x3D,0x3E,0x3E,0x3D,0x3D,0x3D,0x3D,0x39,0x3A,0x35,0x2B,0x6E,0x60,0x60,0x23,0x74,0x74,0x74,0x24,0x2B,0x63,0x3D,0x3D,
0x3E,0x3E,0x3E,0x53,0x53,0x3E,0x0D,0x31,0x17,0x0C,0x0C,0x0C,0x0C,0x0C,0x17,0x33,0x20,0x28,0x3A,0x3A,0x35,0x34,0x29,0x27,0x6A,
0x26,0x26,0x26,0x26,0x26,0x26,0x67,0x26,0x6A,0x6E,0xE4,0x72,0x7B,0x72,0x6D,0x6D,0x6D,0xA9,0xF2,0x72,0x72,0xA9,0x72,0x72,0x74,
0xE4,0x4F,0x25,0x4E,0x6A,0x6A,0x42,0x42,0x1E,0x49,0x0F,0x80,0x9B,0xF3,0xF3,0xF3,0xF3,0xEE,0xEE,0x8C,0x8C,0x19,0x1D,0x1E,0x5F,
0x5F,0x5D,0x5D,0x26,0x6A,0x43,0x1E,0x42,0x44,0x41,0x56,0x28,0x5D,0x44,0x34,0x63,0x38,0x3E,0x3E,0x38,0x38,0x77,0x55,0x1E,0x6A,
0x44,0x2A,0x51,0x4C,0x5C,0x0D,0x0C,0x1B,0x0A,0x8D,0x48,0x17,0x8D,0x8D,0x1B,0x8D,0x8D,0x8D,0x44,0x1E,0x26,0x26,0x10,0x86,0x9C,
0x9C,0x9C,0x86,0x31,0x31,0x31,0x33,0x86,0x8A,0x9C,0x8A,0x8A,0x8A,0x32,0x1F,0xEB,0xEB,0x5A,0x5A,0x4E,0x5A,0x5A,0xAE,0xAE,0xAE,
0xDB,0x74,0x24,0x5F,0x41,0x54,0x3C,0x3E,0x7E,0xC4,0xC4,0xC4,0x7E,0x92,0x92,0x92,0x92,0x92,0x92,0x3E,0x3E,0x3E,0x3E,0x3D,0x3E,
0x3E,0x3E,0x92,0x7E,0xEC,0x01,0x00,0x01,0x01,0x88,0xBD,0xDE,0xB6,0x82,0xBD,0x00,0x02,0x02,0x00,0x01,0x01,0x00,0x01,0x00,0x01,
0x00,0x01,0xC4,0xC4,0xC4,0x69,0x92,0x92,0x3E,0x3D,0x56,0x56,0x56,0x3B,0x3B,0x3B,0x3A,0x3A,0x3E,0x3E,0x39,0x63,0x3D,0x39,0x3A,
0x35,0x27,0x24,0x74,0x74,0x23,0x74,0x7B,0xF2,0xEA,0xEA,0x74,0x34,0x3E,0x38,0x3E,0x3E,0x3E,0x3D,0x3D,0x3D,0x3A,0x0C,0x83,0x17,
0x17,0x31,0x31,0x5B,0x4B,0x4A,0x29,0x3A,0x3A,0x3A,0x3A,0x35,0x3B,0x2A,0x27,0x2C,0x6A,0x6A,0x26,0x67,0x26,0x26,0x5F,0x4F,0x7B,
0x23,0x22,0x22,0x6D,0xA9,0x13,0xA9,0x6D,0x72,0x72,0x72,0x74,0x72,0x22,0xE4,0x24,0x6E,0x6A,0x2B,0x42,0x1E,0x33,0x5B,0x0F,0x5C,
0x5C,0x85,0xC0,0xF3,0xF3,0xF3,0xEE,0xEE,0xEE,0x8C,0xC0,0x0D,0x6A,0x67,0x26,0x2C,0x27,0x27,0x27,0x6A,0x44,0x43,0x1E,0x43,0x27,
0x41,0x54,0x67,0x27,0x34,0x39,0x3D,0x3E,0x3E,0x3E,0x38,0x63,0x2C,0x6A,0x27,0x44,0x2A,0x3B,0x65,0x0D,0x0C,0x48,0x48,0x79,0x48,
0x0C,0x4C,0x83,0x44,0x8D,0x8D,0x1B,0x8D,0x57,0x1D,0x6A,0x43,0x4A,0x31,0x17,0x86,0x86,0x31,0x31,0x86,0x8A,0x31,0x8A,0x31,0x8A,
0x31,0x8A,0x5A,0x8A,0x4B,0xEB,0xEB,0x5A,0x4E,0x4E,0x4E,0x5A,0x4F,0x1F,0xE4,0x4F,0x4F,0x25,0x23,0x50,0x6A,0x44,0x3B,0x3D,0x63,
0x3E,0x92,0x92,0x92,0x92,0x53,0x92,0x3E,0x3E,0x92,0x3E,0x3E,0x3E,0x3E,0x3E,0x3D,0x3E,0x92,0x7E,0xC4,0x00,0x01,0x01,0x00,0x00,
0x71,0x82,0x88,0x01,0x00,0x01,0x02,0x00,0x01,0x01,0x00,0x01,0x01,0x00,0x01,0x00,0x01,0xC4,0xC4,0x7E,0x7E,0x92,0x53,0x3E,0x56,
0x56,0x56,0x56,0x56,0x3B,0x56,0x3B,0x3A,0x3E,0x3E,0x3D,0x3D,0x3D,0x3D,0x39,0x41,0x60,0x74,0x7B,0x74,0xF2,0xF2,0x6D,0x6D,0xEA,
0x73,0x7A,0x5F,0x3E,0x3D,0x56,0x3A,0x3B,0x3B,0x3B,0x41,0x2B,0x2B,0x43,0x1E,0x32,0x5B,0x10,0x7C,0x2D,0x3C,0x3A,0x3A,0x3A,0x3A,
0x35,0x3A,0x3A,0x3B,0x29,0x27,0x2C,0x26,0x6A,0x26,0x5F,0x25,0x74,0x7B,0x24,0x24,0x22,0x72,0x6D,0xA9,0x73,0x12,0x72,0x5E,0xF2,
0x72,0x22,0xE4,0x4F,0x6E,0x5F,0x1E,0x42,0x5A,0x5A,0x5B,0x15,0x18,0x9D,0x1C,0x85,0x1C,0xEE,0xEE,0xEE,0xF3,0xF3,0xEE,0x8C,0x8C,
0x1A,0x27,0x27,0x28,0x29,0x29,0x29,0x2E,0x27,0x2
};

